commodity,type,contract,chg_net_1d,chg_pct_1d,fut_last_trade_dt,open_int,px_last,px_volume
API4 - FOB Richards Bay,Monthly,XO1 Comdty,1.2000000000000028,0.9748172217709202,2026-10-30,811.0,124.3,20.0
API4 - FOB Richards Bay,Monthly,XO2 Comdty,1.0500000000000114,0.8529650690495626,2026-11-27,519.0,124.15,41.0
API4 - FOB Richards Bay,Monthly,XO3 Comdty,1.8499999999999943,1.5145313139582433,2026-12-24,302.0,124.0,20.0
API4 - FOB Richards Bay,Monthly,XO4 Comdty,1.4499999999999886,1.1846405228758077,2027-01-29,115.0,123.85,10.0
API4 - FOB Richards Bay,Monthly,XO5 Comdty,1.1000000000000083,0.8990600735594675,2027-02-26,90.0,123.45,10.0
API4 - FOB Richards Bay,Monthly,XO6 Comdty,1.1000000000000083,0.900900900900908,2027-03-25,90.0,123.2,10.0
API4 - FOB Richards Bay,Monthly,XO7 Comdty,1.5,1.2355848434925865,2027-04-30,,122.9,
API4 - FOB Richards Bay,Monthly,XO8 Comdty,1.5500000000000114,1.279933938893486,2027-05-28,,122.65,
API4 - FOB Richards Bay,Monthly,XO9 Comdty,1.5999999999999943,1.3228606862339762,2027-06-25,,122.55,
API4 - FOB Richards Bay,Monthly,XO10 Comdty,1.6499999999999917,1.3647642679900671,2027-07-30,,122.55,
API4 - FOB Richards Bay,Monthly,XO11 Comdty,1.7000000000000028,1.407284768211923,2027-08-27,,122.5,
API4 - FOB Richards Bay,Monthly,XO12 Comdty,1.6500000000000057,1.3681592039801045,2027-09-24,,122.25,
API4 - FOB Richards Bay,Quarterly,XS1 Comdty,1.3700000000000043,1.1158169082912563,2026-10-30,,124.15,20.0
API4 - FOB Richards Bay,Quarterly,XS2 Comdty,1.2199999999999989,0.9977101733725864,2027-01-29,,123.5,10.0
API4 - FOB Richards Bay,Quarterly,XS3 Comdty,1.5499999999999972,1.2794056954189,2027-04-30,,122.7,
API4 - FOB Richards Bay,Quarterly,XS4 Comdty,1.6600000000000108,1.3745135381303393,2027-07-30,,122.45,
API4 - FOB Richards Bay,Quarterly,XS5 Comdty,1.4500000000000028,1.20803132550196,2027-10-29,,121.5,
API4 - FOB Richards Bay,Quarterly,XS6 Comdty,1.4300000000000068,1.200671704450048,2028-01-28,,120.55,
API4 - FOB Richards Bay,Quarterly,XS7 Comdty,1.3999999999999917,1.2286090390522082,2028-04-28,,115.35,
API4 - FOB Richards Bay,Quarterly,XS8 Comdty,1.3100000000000025,1.179436391464844,2028-07-28,,112.4,
API4 - FOB Richards Bay,Yearly,BV1 Comdty,1.4699999999999989,1.21427391376177,2027-01-29,,122.55,
API4 - FOB Richards Bay,Yearly,BV2 Comdty,1.3700000000000043,1.2035491522445791,2028-01-28,,115.2,
API4 - FOB Richards Bay,Yearly,BV3 Comdty,1.3799999999999957,1.212334182552926,2029-01-26,,115.2,
API2 - CIF ARA,Monthly,XA1 Comdty,1.25,0.9140767824497258,2026-10-30,2497.0,138.0,291.0
API2 - CIF ARA,Monthly,XA2 Comdty,1.1500000000000057,0.8412582297000772,2026-11-27,2887.0,137.85,336.0
API2 - CIF ARA,Monthly,XA3 Comdty,1.1500000000000057,0.8418740849194771,2026-12-24,2070.0,137.75,100.0
API2 - CIF ARA,Monthly,XA4 Comdty,1.049999999999983,0.7689491028927007,2027-01-29,2448.0,137.6,80.0
API2 - CIF ARA,Monthly,XA5 Comdty,1.1999999999999886,0.8787989747345212,2027-02-26,2459.0,137.75,80.0
API2 - CIF ARA,Monthly,XA6 Comdty,1.0500000000000114,0.770925110132167,2027-03-25,2429.0,137.25,80.0
API2 - CIF ARA,Monthly,XA7 Comdty,1.25,0.9242144177449167,2027-04-30,1124.0,136.5,53.0
API2 - CIF ARA,Monthly,XA8 Comdty,1.4000000000000057,1.0447761194029892,2027-05-28,1120.0,135.4,53.0
API2 - CIF ARA,Monthly,XA9 Comdty,1.3499999999999943,1.0119940029984964,2027-06-25,1120.0,134.75,53.0
API2 - CIF ARA,Monthly,XA10 Comdty,1.4000000000000057,1.0490820532034513,2027-07-30,979.0,134.85,33.0
API2 - CIF ARA,Monthly,XA11 Comdty,1.4000000000000057,1.0490820532034513,2027-08-27,979.0,134.85,33.0
API2 - CIF ARA,Monthly,XA12 Comdty,1.549999999999983,1.160614002246337,2027-09-24,979.0,135.1,33.0
API2 - CIF ARA,Quarterly,XE1 Comdty,1.1899999999999975,0.8706467661691525,2026-10-30,,137.87,92.0
API2 - CIF ARA,Quarterly,XE2 Comdty,1.0999999999999943,0.8062742798504685,2027-01-29,,137.53,49.0
API2 - CIF ARA,Quarterly,XE3 Comdty,1.3300000000000125,0.9909104455371872,2027-04-30,,135.55,22.0
API2 - CIF ARA,Quarterly,XE4 Comdty,1.450000000000017,1.0863050644291408,2027-07-30,,134.93,2.0
API2 - CIF ARA,Quarterly,XE5 Comdty,1.3799999999999957,1.0375939849624027,2027-10-29,,134.38,
API2 - CIF ARA,Quarterly,XE6 Comdty,0.8300000000000125,0.6376277176000711,2028-01-28,,131.0,
API2 - CIF ARA,Quarterly,XE7 Comdty,0.8500000000000085,0.6837194337194407,2028-04-28,,125.17,
API2 - CIF ARA,Quarterly,XE8 Comdty,0.8500000000000085,0.7017254189713601,2028-07-28,,121.98,
API2 - CIF ARA,Yearly,TM1 Comdty,1.3199999999999932,0.9830205540661252,2027-01-29,,135.6,31.0
API2 - CIF ARA,Yearly,TM2 Comdty,0.8400000000000034,0.6763285024154617,2028-01-28,,125.05,19.0
API2 - CIF ARA,Yearly,TM3 Comdty,0.7999999999999972,0.6449532408900331,2029-01-26,,124.85,
NEWC - FOB Newcastle,Monthly,XW1 Comdty,2.25,1.565217391304348,2026-10-30,1177.0,146.0,74.0
NEWC - FOB Newcastle,Monthly,XW2 Comdty,1.8499999999999943,1.2714776632302367,2026-11-27,991.0,147.35,73.0
NEWC - FOB Newcastle,Monthly,XW3 Comdty,0.799999999999983,0.5399932500843624,2026-12-24,1174.0,148.95000000000002,11.0
NEWC - FOB Newcastle,Monthly,XW4 Comdty,1.0,0.6763611768684478,2027-01-29,950.0,148.85,16.0
NEWC - FOB Newcastle,Monthly,XW5 Comdty,-0.3500000000000227,-0.2348205300234973,2027-02-26,987.0,148.70000000000002,16.0
NEWC - FOB Newcastle,Monthly,XW6 Comdty,-0.3000000000000113,-0.2013422818792022,2027-03-25,954.0,148.70000000000002,16.0
NEWC - FOB Newcastle,Monthly,XW7 Comdty,0.4000000000000057,0.2703616086515754,2027-04-30,627.0,148.35,6.0
NEWC - FOB Newcastle,Monthly,XW8 Comdty,0.5999999999999943,0.4080244814688842,2027-05-28,627.0,147.65,6.0
NEWC - FOB Newcastle,Monthly,XW9 Comdty,0.6499999999999773,0.4435346298191588,2027-06-25,627.0,147.20000000000002,6.0
NEWC - FOB Newcastle,Monthly,XW10 Comdty,1.0,0.6828269033799932,2027-07-30,535.0,147.45000000000002,4.0
NEWC - FOB Newcastle,Monthly,XW11 Comdty,1.049999999999983,0.7189318726463423,2027-08-27,535.0,147.1,4.0
NEWC - FOB Newcastle,Monthly,XW12 Comdty,1.0,0.6856359273225917,2027-09-24,535.0,146.85,4.0
NEWC - FOB Newcastle,Quarterly,FK1 Comdty,1.6299999999999957,1.117969821673522,2026-10-30,,147.43,10.0
NEWC - FOB Newcastle,Quarterly,FK2 Comdty,0.1200000000000045,0.0807374016012948,2027-01-29,,148.75,12.0
NEWC - FOB Newcastle,Quarterly,FK3 Comdty,0.549999999999983,0.3736920777279405,2027-04-30,,147.73,2.0
NEWC - FOB Newcastle,Quarterly,FK4 Comdty,1.009999999999991,0.6912127018888522,2027-07-30,,147.13,
NEWC - FOB Newcastle,Quarterly,FK5 Comdty,1.2299999999999898,0.8466992496730155,2027-10-29,,146.5,
NEWC - FOB Newcastle,Quarterly,FK6 Comdty,0.960000000000008,0.6638086018531378,2028-01-28,,145.58,
NEWC - FOB Newcastle,Quarterly,FK7 Comdty,1.2800000000000011,0.8966725043782845,2028-04-28,,144.03,
NEWC - FOB Newcastle,Quarterly,FK8 Comdty,1.829999999999984,1.2931034482758508,2028-07-28,,143.35,
NEWC - FOB Newcastle,Yearly,YJ1 Comdty,0.7299999999999898,0.497275204359666,2027-01-29,,147.55,4.0
NEWC - FOB Newcastle,Yearly,YJ2 Comdty,1.510000000000019,1.0577192490893943,2028-01-28,,144.25,4.0
NEWC - FOB Newcastle,Yearly,YJ3 Comdty,0.1899999999999977,0.1337086558761419,2029-01-26,,142.3,
