commodity,type,contract,chg_net_1d,chg_pct_1d,fut_last_trade_dt,open_int,px_last,px_volume
Brent Crude,Monthly,CO1 Comdty,2.310010000000005,2.311397069381341,2026-03-31,345595.0,102.25,102491.0
Brent Crude,Monthly,CO2 Comdty,2.549999999999997,2.658465387823183,2026-04-30,634790.0,98.47,196880.0
Brent Crude,Monthly,CO3 Comdty,2.519999999999996,2.7486910994764355,2026-05-29,349131.0,94.2,75092.0
Brent Crude,Monthly,CO4 Comdty,2.660000000000011,3.024101864483869,2026-06-30,197825.0,90.62,40706.0
Brent Crude,Monthly,CO5 Comdty,2.719999999999999,3.1883718204196443,2026-07-31,182704.0,88.03,35998.0
Brent Crude,Monthly,CO6 Comdty,2.730000000000004,3.280461427541461,2026-08-28,98550.0,85.95,22704.0
Brent Crude,Monthly,CO7 Comdty,2.640000000000001,3.230938685595399,2026-09-30,97299.0,84.35000000000001,14642.0
Brent Crude,Monthly,CO8 Comdty,2.519999999999996,3.128491620111727,2026-10-30,254475.0,83.07000000000001,41982.0
Brent Crude,Monthly,CO9 Comdty,2.4399999999999977,3.0676389238119155,2026-11-30,66270.0,81.98,4900.0
Brent Crude,Monthly,CO10 Comdty,2.3599999999999994,2.9987293519695037,2026-12-30,70399.0,81.06,3115.0
Brent Crude,Monthly,CO11 Comdty,2.309999999999988,2.960020502306494,2027-01-29,64692.0,80.35000000000001,5300.0
Brent Crude,Monthly,CO12 Comdty,2.259999999999991,2.9168817759421666,2027-02-26,30997.0,79.74,1759.0
Brent Crude,Monthly,CO13 Comdty,-4.1899899999999946,-5.16072239939923,2027-03-31,34095.0,77.0,5581.0
Brent Crude,Monthly,CO14 Comdty,2.180000000000007,2.8466962653434407,2027-04-30,136269.0,78.76,11907.0
Brent Crude,Monthly,CO15 Comdty,-3.86,-4.823191303261276,2027-05-28,27511.0,76.17,3376.0
Brent Crude,Monthly,CO16 Comdty,-3.75,-4.712831469146664,2027-06-30,26881.0,75.82000000000001,2701.0
Brent Crude,Monthly,CO17 Comdty,-3.649999999999992,-4.608004039893943,2027-07-30,41262.0,75.56,8275.0
Brent Crude,Monthly,CO18 Comdty,-3.550000000000012,-4.501077722835059,2027-08-31,23473.0,75.32000000000001,1600.0
WTI Crude,Monthly,CL1 Comdty,2.719999999999999,3.086349710654713,2026-04-21,302889.0,90.85,127408.0
WTI Crude,Monthly,CL2 Comdty,2.8299999999999983,3.3149818437390164,2026-05-19,226967.0,88.2,56269.0
WTI Crude,Monthly,CL3 Comdty,2.800000000000012,3.3943508304037,2026-06-22,120371.0,85.29,28030.0
WTI Crude,Monthly,CL4 Comdty,2.799999999999997,3.5087719298245577,2026-07-21,77843.0,82.60000000000001,15000.0
WTI Crude,Monthly,CL5 Comdty,2.730000000000004,3.518041237113408,2026-08-20,107886.0,80.33,13759.0
WTI Crude,Monthly,CL6 Comdty,2.589999999999989,3.4173373796015163,2026-09-22,77806.0,78.38,7732.0
WTI Crude,Monthly,CL7 Comdty,2.200000000000003,2.9522275899087536,2026-10-20,65767.0,76.72,5473.0
WTI Crude,Monthly,CL8 Comdty,2.3400000000000034,3.1797798613942154,2026-11-20,246274.0,75.93,27429.0
WTI Crude,Monthly,CL9 Comdty,2.1499999999999915,2.9516749038989447,2026-12-21,49798.0,74.99,2485.0
WTI Crude,Monthly,CL10 Comdty,1.0600000000000025,1.4667220146672233,2027-01-20,38301.0,73.33,911.0
WTI Crude,Monthly,CL11 Comdty,1.8200000000000076,2.5330549756437124,2027-02-22,53038.0,73.67,2749.0
WTI Crude,Monthly,CL12 Comdty,0.9100000000000108,1.272371364653259,2027-03-22,33494.0,72.43,434.0
WTI Crude,Monthly,CL13 Comdty,-3.850000000000009,-5.125133120340799,2027-04-20,22536.0,71.27,5256.0
WTI Crude,Monthly,CL14 Comdty,1.7999999999999972,2.534140504012385,2027-05-20,126475.0,72.83,10953.0
WTI Crude,Monthly,CL15 Comdty,-3.549999999999997,-4.776641550053818,2027-06-22,22527.0,70.77,2520.0
WTI Crude,Monthly,CL16 Comdty,-3.390000000000001,-4.586659450683264,2027-07-20,16248.0,70.52,2817.0
WTI Crude,Monthly,CL17 Comdty,-3.25,-4.419964640282878,2027-08-20,28954.0,70.28,6765.0
WTI Crude,Monthly,CL18 Comdty,-3.1300000000000097,-4.275956284153018,2027-09-21,19463.0,70.07000000000001,2452.0
JKM Asia LNG,Monthly,AJKMM1 Comdty,-0.5738800000000026,-2.774095934181217,,,20.11322,0.0
JKM Asia LNG,Monthly,AJKMM2 Comdty,-1.0362299999999998,-5.076124974282102,,,19.37757,0.0
JKM Asia LNG,Monthly,AJKMM3 Comdty,-1.153299999999998,-5.582554818723065,,,19.5057,0.0
JKM Asia LNG,Monthly,AJKMM4 Comdty,-1.1110299999999995,-5.437083726870994,,,19.32327,0.0
JKM Asia LNG,Monthly,AJKMM5 Comdty,-1.0784699999999994,-5.347723249483061,,,19.08843,0.0
JKM Asia LNG,Monthly,AJKMM6 Comdty,-0.9772999999999996,-4.913474977627171,,,18.9129,0.0
JKM Asia LNG,Monthly,AJKMM7 Comdty,-1.0596800000000002,-5.307287052168857,,,18.90683,0.0
JKM Asia LNG,Monthly,AJKMM8 Comdty,-1.0192599999999992,-5.041199687416533,,,19.19934,0.0
JKM Asia LNG,Monthly,AJKMM9 Comdty,-0.6998599999999975,-3.530972826251463,,,19.12074,0.0
JKM Asia LNG,Monthly,AJKMM10 Comdty,-0.7525300000000001,-3.831855221222897,,,18.88626,0.0
JKM Asia LNG,Monthly,AJKMM11 Comdty,-0.5860300000000009,-3.2333938414173287,,,17.53827,0.0
JKM Asia LNG,Monthly,AJKMM12 Comdty,-0.35412,-2.1998706616198604,,,15.74319,0.0
JKM Asia LNG,Monthly,AJKMM13 Comdty,-0.4715800000000012,-3.114795244385741,,,14.66842,0.0
JKM Asia LNG,Monthly,AJKMM14 Comdty,-0.7172099999999997,-4.77271366113673,,,14.31009,0.0
JKM Asia LNG,Monthly,AJKMM15 Comdty,-0.5697299999999998,-3.824897786550119,,,14.32557,0.0
JKM Asia LNG,Monthly,AJKMM16 Comdty,-0.4958399999999994,-3.3224114016925603,,,14.42826,0.0
JKM Asia LNG,Monthly,AJKMM17 Comdty,-0.195450000000001,-1.3308049514523512,,,14.49115,0.0
JKM Asia LNG,Monthly,AJKMM18 Comdty,-0.2247000000000003,-1.5309772499642318,,,14.4522,0.0
Henry Hub Gas,Monthly,NG1 COMB Comdty,0.0270000000000001,0.9339328951919798,2026-03-27,35384.0,2.918,8026.0
Henry Hub Gas,Monthly,NG2 COMB Comdty,0.032,1.1134307585247052,2026-04-28,305471.0,2.906,14572.0
Henry Hub Gas,Monthly,NG3 COMB Comdty,0.0249999999999999,0.8311170212765928,2026-05-27,78693.0,3.033,3104.0
Henry Hub Gas,Monthly,NG4 COMB Comdty,0.0170000000000003,0.5157766990291368,2026-06-26,85346.0,3.313,1966.0
Henry Hub Gas,Monthly,NG5 COMB Comdty,0.0140000000000002,0.4126142057176609,2026-07-29,57774.0,3.407,1395.0
Henry Hub Gas,Monthly,NG6 COMB Comdty,0.004,0.118483412322275,2026-08-27,105285.0,3.38,907.0
Henry Hub Gas,Monthly,NG7 COMB Comdty,-0.0030000000000001,-0.0872600349040172,2026-09-28,116305.0,3.435,1448.0
Henry Hub Gas,Monthly,NG8 COMB Comdty,0.0019999999999997,0.053120849933593,2026-10-28,60667.0,3.767,662.0
Henry Hub Gas,Monthly,NG9 COMB Comdty,0.0039999999999995,0.0854518265327827,2026-11-25,74319.0,4.6850000000000005,326.0
Henry Hub Gas,Monthly,NG10 COMB Comdty,0.0,0.0,2026-12-29,95267.0,5.156,816.0
Henry Hub Gas,Monthly,NG11 COMB Comdty,-0.0049999999999998,-0.1092657342657319,2027-01-27,36264.0,4.571,230.0
Henry Hub Gas,Monthly,NG12 COMB Comdty,-0.0150000000000001,-0.4139072847682153,2027-02-24,61401.0,3.609,375.0
Henry Hub Gas,Monthly,NG13 COMB Comdty,-0.0230000000000001,-0.7018614586512093,2027-03-29,90038.0,3.254,393.0
Henry Hub Gas,Monthly,NG14 COMB Comdty,-0.0209999999999999,-0.6463527239150479,2027-04-28,36873.0,3.228,162.0
Henry Hub Gas,Monthly,NG15 COMB Comdty,-0.0209999999999999,-0.6205673758865221,2027-05-26,16306.0,3.363,72.0
Henry Hub Gas,Monthly,NG16 COMB Comdty,-0.02,-0.558503211393466,2027-06-28,23253.0,3.561,76.0
Henry Hub Gas,Monthly,NG17 COMB Comdty,-0.0169999999999999,-0.4684486084320723,2027-07-28,15285.0,3.612,66.0
Henry Hub Gas,Monthly,NG18 COMB Comdty,-0.0140000000000002,-0.3885650846516856,2027-08-27,17414.0,3.589,92.0
TTF Natural Gas,Monthly,TTFG1MON BCFV Index,-2.5005099999999985,-4.4628056398358,,,53.52949,0.0
TTF Natural Gas,Monthly,TTFG2MON BCFV Index,-2.6142399999999952,-4.640937333570025,,,53.71576,0.0
TTF Natural Gas,Monthly,TTFG3MON BCFV Index,-2.620609999999999,-4.651007187860501,,,53.72439,0.0
TTF Natural Gas,Monthly,TTFG4MON BCFV Index,-2.646329999999999,-4.700826005861976,,,53.64867,0.0
TTF Natural Gas,Monthly,TTFG5MON BCFV Index,-2.651539999999997,-4.715945703147296,,,53.57345,0.0
TTF Natural Gas,Monthly,TTFG6MON BCFV Index,-2.591380000000001,-4.603215205613289,,,53.70362,0.0
TTF Natural Gas,Monthly,TTFG7MON BCFV Index,-2.494999999999997,-4.435162107397046,,,53.75999,0.0
TTF Natural Gas,Monthly,TTFG8MON BCFV Index,-2.5612199999999987,-4.539158979026843,,,53.86377,0.0
TTF Natural Gas,Monthly,TTFG9MON BCFV Index,-2.431520000000006,-4.307387068201959,,,54.01848,0.0
TTF Natural Gas,Monthly,TTFG10M BCFV Index,-2.189100000000004,-3.896335511669256,,,53.99446,0.0
TTF Natural Gas,Monthly,TTFG11M BCFV Index,-2.243780000000001,-4.011393187614666,,,53.6914,0.0
TTF Natural Gas,Monthly,TTFG12M BCFV Index,-1.2745899999999963,-2.4277400716823143,,,51.2265,0.0
TTF Natural Gas,Monthly,TTFG13M BCFV Index,-1.4428600000000031,-3.1326410313750506,,,44.61604,0.0
TTF Natural Gas,Monthly,TTFG14M BCFV Index,-1.271950000000004,-2.985360129089051,,,41.3343,0.0
TTF Natural Gas,Monthly,TTFG15M BCFV Index,-1.6594499999999996,-3.9657930187990695,,,40.18464,0.0
TTF Natural Gas,Monthly,TTFG16M BCFV Index,-1.4011799999999963,-3.364662376332717,,,40.24282,0.0
TTF Natural Gas,Monthly,TTFG17M BCFV Index,-1.1352500000000063,-2.75231470818556,,,40.11185,0.0
TTF Natural Gas,Monthly,TTFG18M BCFV Index,-1.1448200000000028,-2.783238429024534,,,39.98784,0.0
