contract,px_last
FSTUM1 Index,23.99906
FSTUM10 Index,17.36373
FSTUM11 Index,17.0392
FSTUM12 Index,17.01085
FSTUM13 Index,16.86262
FSTUM14 Index,16.88148
FSTUM15 Index,17.05754
FSTUM16 Index,16.75587
FSTUM17 Index,16.30964
FSTUM18 Index,15.22058
FSTUM19 Index,12.53709
FSTUM2 Index,23.95983
FSTUM20 Index,11.49776
FSTUM21 Index,11.35453
FSTUM22 Index,11.36748
FSTUM23 Index,11.25783
FSTUM24 Index,11.2893
FSTUM3 Index,23.91677
FSTUM4 Index,23.90217
FSTUM5 Index,23.78113
FSTUM6 Index,23.19526
FSTUM7 Index,19.52002
FSTUM8 Index,17.97303
FSTUM9 Index,17.72594
