contract,chg_net_1d,chg_pct_1d,fut_last_trade_dt,open_int,px_last,px_volume
XAF7 Comdty,1.049999999999983,0.7689491028927007,2027-01-29,2448,137.6,80.0
XAF8 Comdty,0.8499999999999943,0.6461421512732758,2028-01-28,223,132.4,19.0
XAG7 Comdty,1.1999999999999886,0.8787989747345212,2027-02-26,2459,137.75,80.0
XAG8 Comdty,0.8499999999999943,0.6518404907975417,2028-02-25,223,131.25,19.0
XAH7 Comdty,1.0500000000000114,0.770925110132167,2027-03-25,2429,137.25,80.0
XAH8 Comdty,0.799999999999983,0.6223259432127444,2028-03-31,223,129.35,19.0
XAJ7 Comdty,1.25,0.9242144177449167,2027-04-30,1124,136.5,53.0
XAJ8 Comdty,0.9000000000000057,0.7142857142857187,2028-04-28,136,126.9,19.0
XAK7 Comdty,1.4000000000000057,1.0447761194029892,2027-05-28,1120,135.4,53.0
XAK8 Comdty,0.8499999999999943,0.6843800322061145,2028-05-26,136,125.05,19.0
XAM7 Comdty,1.3499999999999943,1.0119940029984964,2027-06-25,1120,134.75,53.0
XAM8 Comdty,0.7999999999999972,0.651731160896128,2028-06-30,136,123.55,19.0
XAN7 Comdty,1.4000000000000057,1.0490820532034513,2027-07-30,979,134.85,33.0
XAN8 Comdty,0.8999999999999915,0.7398273736128167,2028-07-28,140,122.55,19.0
XAQ7 Comdty,1.4000000000000057,1.0490820532034513,2027-08-27,979,134.85,33.0
XAQ8 Comdty,0.8499999999999943,0.7024793388429704,2028-08-25,140,121.85,19.0
XAU7 Comdty,1.549999999999983,1.160614002246337,2027-09-24,979,135.1,33.0
XAU8 Comdty,0.7999999999999972,0.6625258799171819,2028-09-29,140,121.55,19.0
XAV6 Comdty,1.25,0.9140767824497258,2026-10-30,2497,138.0,291.0
XAV7 Comdty,1.5,1.1240164855751218,2027-10-29,1046,134.95,31.0
XAX6 Comdty,1.1500000000000057,0.8412582297000772,2026-11-27,2887,137.85,336.0
XAX7 Comdty,1.5999999999999943,1.2025554302893604,2027-11-26,1046,134.65,31.0
XAZ6 Comdty,1.1500000000000057,0.8418740849194771,2026-12-24,2070,137.75,100.0
XAZ7 Comdty,1.0500000000000114,0.7924528301886878,2027-12-31,1046,133.55,31.0
