date,USDZAR Curncy,XAU Curncy,XBTUSD Curncy
2021-03-21,,,57813.39
2021-03-22,14.7189,1739.03,54554.83
2021-03-23,14.8942,1727.07,54447.56
2021-03-24,14.98,1734.69,54050.57
2021-03-25,15.0184,1726.93,52001.01
2021-03-26,14.9844,1732.52,54002.49
2021-03-27,,,55887.89
2021-03-28,,,54845.71
2021-03-29,14.9144,1712.2,57234.35
2021-03-30,14.9175,1685.2,58673.67
2021-03-31,14.7759,1707.71,58960.2
2021-04-01,14.6225,1729.31,58859.78
2021-04-02,14.674,1728.87,58674.76
2021-04-03,,,58064.8
2021-04-04,,,58044.39
2021-04-05,14.5548,1728.27,58799.14
2021-04-06,14.5238,1743.27,58243.87
2021-04-07,14.5741,1737.72,56227.64
2021-04-08,14.5176,1755.84,57679.16
2021-04-09,14.6112,1743.88,58333.6
2021-04-10,,,58568.57
2021-04-11,,,59674.92
2021-04-12,14.576,1732.76,59977.92
2021-04-13,14.5128,1745.51,63193.56
2021-04-14,14.3923,1736.43,62384.19
2021-04-15,14.1677,1763.95,63410.29
2021-04-16,14.3101,1776.51,62005.42
2021-04-17,,,60870.13
2021-04-18,,,56291.89
2021-04-19,14.2222,1771.43,56210.89
2021-04-20,14.306,1778.75,56800.5
2021-04-21,14.2496,1793.79,54996.31
2021-04-22,14.3083,1783.94,51593.44
2021-04-23,14.2771,1777.2,50567.72
2021-04-24,,,50984.81
2021-04-25,,,48122.24
2021-04-26,14.2772,1781.38,53262.87
2021-04-27,14.3723,1776.6,55192.62
2021-04-28,14.2363,1781.68,54438.68
2021-04-29,14.3071,1772.18,52990.9
2021-04-30,14.495,1769.13,56814.44
2021-05-01,,,57725.77
2021-05-02,,,57042.24
2021-05-03,14.4027,1792.88,56811.66
2021-05-04,14.4671,1779.06,54770.39
2021-05-05,14.3696,1786.87,56895.44
2021-05-06,14.2103,1815.22,55955.47
2021-05-07,14.0574,1831.24,57684.39
2021-05-08,,,59004.37
2021-05-09,,,57931.38
2021-05-10,14.0421,1836.07,55308.81
2021-05-11,13.9995,1837.47,56911.32
2021-05-12,14.1313,1815.69,54482.81
2021-05-13,14.1163,1826.72,49312.81
2021-05-14,14.1301,1843.43,49193.56
2021-05-15,,,48242.61
2021-05-16,,,44098.92
2021-05-17,14.0993,1866.9,44816.08
2021-05-18,14.0003,1869.44,43294.36
2021-05-19,14.1045,1869.62,38336.11
2021-05-20,13.9747,1877.21,40078.49
2021-05-21,13.9619,1881.25,35251.36
2021-05-22,,,38084.88
2021-05-23,,,33700.55
2021-05-24,13.9245,1881.02,39024.16
2021-05-25,13.8689,1899.25,37646.5
2021-05-26,13.7606,1896.67,38774.5
2021-05-27,13.7736,1896.54,38495.29
2021-05-28,13.7649,1903.77,35218.36
2021-05-29,,,34269.86
2021-05-30,,,36081.09
2021-05-31,13.7373,1906.87,36690.89
2021-06-01,13.7558,1900.44,36322.98
2021-06-02,13.5194,1908.38,37745.13
2021-06-03,13.6391,1870.76,38705.27
2021-06-04,13.4316,1891.59,37056.79
2021-06-05,,,35854.31
2021-06-06,,,35978.7
2021-06-07,13.508,1899.21,34457.74
2021-06-08,13.5717,1892.89,33629.96
2021-06-09,13.7347,1888.57,36408.39
2021-06-10,13.6101,1898.51,36494.56
2021-06-11,13.7163,1877.53,37152.15
2021-06-12,,,36020.18
2021-06-13,,,39260.32
2021-06-14,13.7811,1866.18,39831.58
2021-06-15,13.7724,1859.02,39948.77
2021-06-16,14.0264,1811.47,38532.5
2021-06-17,14.116,1773.5,37747.52
2021-06-18,14.3509,1764.16,35517.31
2021-06-19,,,36119.11
2021-06-20,,,35823.29
2021-06-21,14.2343,1783.27,32582.59
2021-06-22,14.2715,1778.74,32903.52
2021-06-23,14.2179,1778.68,33059.18
2021-06-24,14.2089,1775.17,34859.9
2021-06-25,14.1466,1781.44,32215.31
2021-06-26,,,31305.79
2021-06-27,,,32635.76
2021-06-28,14.26,1778.48,34677.77
2021-06-29,14.3531,1761.24,36168.2
2021-06-30,14.2854,1770.11,34585.0
2021-07-01,14.4336,1776.84,33422.0
2021-07-02,14.2509,1787.3,33142.64
2021-07-03,,,34728.55
2021-07-04,,,35547.25
2021-07-05,14.2625,1791.77,33855.36
2021-07-06,14.381,1797.08,33957.11
2021-07-07,14.3113,1803.63,34544.86
2021-07-08,14.3394,1802.83,32815.73
2021-07-09,14.2182,1808.32,33522.57
2021-07-10,,,33332.25
2021-07-11,,,33854.3
2021-07-12,14.403,1806.28,32849.59
2021-07-13,14.7293,1807.76,32508.34
2021-07-14,14.4762,1827.53,32813.83
2021-07-15,14.5811,1829.47,31758.37
2021-07-16,14.4307,1812.05,31842.51
2021-07-17,,,31737.26
2021-07-18,,,31652.45
2021-07-19,14.5682,1812.64,30776.39
2021-07-20,14.6015,1810.36,29865.53
2021-07-21,14.5939,1803.66,31818.67
2021-07-22,14.6929,1806.92,32247.75
2021-07-23,14.8503,1802.15,32500.7
2021-07-24,,,33939.65
2021-07-25,,,34483.2
2021-07-26,14.7947,1797.63,37751.68
2021-07-27,14.7887,1799.09,38044.5
2021-07-28,14.749,1807.11,39985.95
2021-07-29,14.5564,1828.17,39722.08
2021-07-30,14.6019,1814.19,40689.27
2021-07-31,,,41540.22
2021-08-01,,,41268.06
2021-08-02,14.4724,1813.47,38856.63
2021-08-03,14.3124,1810.44,38072.95
2021-08-04,14.3855,1811.74,39754.38
2021-08-05,14.5092,1804.41,40899.36
2021-08-06,14.6308,1763.03,42719.51
2021-08-07,,,43975.95
2021-08-08,,,43867.4
2021-08-09,14.7808,1729.94,45464.51
2021-08-10,14.8016,1728.93,45642.9
2021-08-11,14.6623,1751.7,46345.49
2021-08-12,14.7818,1752.9,44480.11
2021-08-13,14.7347,1779.74,47609.88
2021-08-14,,,46666.78
2021-08-15,,,46718.33
2021-08-16,14.8427,1787.45,46078.11
2021-08-17,14.9107,1786.19,44992.1
2021-08-18,14.9806,1787.82,44546.67
2021-08-19,15.2122,1780.38,46587.99
2021-08-20,15.2953,1781.11,48668.03
2021-08-21,,,49011.76
2021-08-22,,,48414.22
2021-08-23,15.1259,1805.43,49515.08
2021-08-24,15.0004,1802.9,48345.65
2021-08-25,14.952,1791.0,48712.63
2021-08-26,14.9357,1792.43,47036.43
2021-08-27,14.7229,1817.57,48921.81
2021-08-28,,,48755.08
2021-08-29,,,48925.24
2021-08-30,14.6734,1810.34,48648.9
2021-08-31,14.5242,1813.62,47008.53
2021-09-01,14.4132,1813.9,48272.51
2021-09-02,14.465,1809.66,49562.1
2021-09-03,14.3126,1827.73,50152.52
2021-09-04,,,50182.7
2021-09-05,,,51668.21
2021-09-06,14.2377,1823.29,51934.74
2021-09-07,14.3152,1794.36,46819.01
2021-09-08,14.1895,1789.26,46060.72
2021-09-09,14.2103,1794.58,46256.1
2021-09-10,14.2086,1787.58,45077.81
2021-09-11,,,45319.68
2021-09-12,,,45089.47
2021-09-13,14.1433,1793.75,45187.52
2021-09-14,14.3287,1804.51,46828.18
2021-09-15,14.4111,1794.06,47941.58
2021-09-16,14.5977,1753.77,47149.38
2021-09-17,14.718,1754.34,46990.35
2021-09-18,,,47994.88
2021-09-19,,,47601.08
2021-09-20,14.7832,1764.16,43537.86
2021-09-21,14.84,1774.51,40926.74
2021-09-22,14.8078,1768.16,43451.15
2021-09-23,14.75,1742.76,44710.2
2021-09-24,14.9534,1750.42,42981.54
2021-09-25,,,42678.81
2021-09-26,,,43651.76
2021-09-27,14.9648,1750.16,42706.99
2021-09-28,15.1068,1734.01,41785.9
2021-09-29,15.1888,1726.37,41125.06
2021-09-30,15.0683,1756.95,43436.35
2021-10-01,14.8839,1760.98,48132.9
2021-10-02,,,48019.13
2021-10-03,,,48464.31
2021-10-04,15.0443,1769.57,49006.15
2021-10-05,14.9996,1760.18,51474.19
2021-10-06,14.975,1762.74,54936.9
2021-10-07,14.9578,1755.78,54184.24
2021-10-08,14.9277,1757.13,53993.31
2021-10-09,,,54670.87
2021-10-10,,,55435.21
2021-10-11,15.0667,1754.15,57341.5
2021-10-12,14.9795,1760.18,55362.51
2021-10-13,14.807,1792.97,56982.87
2021-10-14,14.7874,1795.87,57443.04
2021-10-15,14.603,1767.62,62526.67
2021-10-16,,,61014.11
2021-10-17,,,59400.14
2021-10-18,14.6846,1764.86,61367.44
2021-10-19,14.5264,1769.29,64121.31
2021-10-20,14.4015,1782.08,65996.35
2021-10-21,14.6886,1782.9,62680.43
2021-10-22,14.8265,1792.65,60726.01
2021-10-23,,,61124.51
2021-10-24,,,61159.77
2021-10-25,14.7142,1807.73,62544.64
2021-10-26,14.8495,1792.91,62096.9
2021-10-27,15.0832,1796.81,58924.76
2021-10-28,15.1345,1798.91,61395.58
2021-10-29,15.2412,1783.38,62395.66
2021-10-30,,,61682.78
2021-10-31,,,60975.98
2021-11-01,15.4295,1793.28,60727.52
2021-11-02,15.4431,1787.76,63141.03
2021-11-03,15.2702,1769.84,62776.06
2021-11-04,15.2169,1792.04,61365.05
2021-11-05,15.0529,1818.36,60976.2
2021-11-06,,,61201.83
2021-11-07,,,62884.45
2021-11-08,14.9184,1824.18,66138.54
2021-11-09,15.0283,1831.92,67734.04
2021-11-10,15.4327,1849.6,64293.61
2021-11-11,15.3061,1862.11,65069.89
2021-11-12,15.3279,1864.9,64100.68
2021-11-13,,,64367.64
2021-11-14,,,64336.55
2021-11-15,15.2444,1862.84,63899.88
2021-11-16,15.5139,1850.63,60488.5
2021-11-17,15.5053,1867.48,60117.19
2021-11-18,15.6455,1858.94,57595.39
2021-11-19,15.7268,1845.73,57869.63
2021-11-20,,,59651.08
2021-11-21,,,59541.76
2021-11-22,15.8582,1804.65,56278.01
2021-11-23,15.8351,1789.16,57709.14
2021-11-24,15.8891,1788.61,57331.67
2021-11-25,15.9718,1788.85,58855.15
2021-11-26,16.286,1802.59,54019.74
2021-11-27,,,54625.03
2021-11-28,,,56341.89
2021-11-29,16.1528,1784.6,58316.89
2021-11-30,15.8859,1774.52,57138.67
2021-12-01,16.0377,1781.73,57029.49
2021-12-02,15.9359,1768.74,56903.45
2021-12-03,16.0809,1783.29,53655.27
2021-12-04,,,48765.22
2021-12-05,,,49229.81
2021-12-06,15.9187,1778.67,50120.56
2021-12-07,15.8505,1784.13,50527.72
2021-12-08,15.7146,1782.99,50635.11
2021-12-09,15.9394,1775.33,47997.76
2021-12-10,15.9761,1782.84,47952.18
2021-12-11,,,48813.56
2021-12-12,,,49965.29
2021-12-13,16.0223,1786.67,46828.95
2021-12-14,16.0865,1770.85,48310.62
2021-12-15,15.972,1776.92,49192.58
2021-12-16,15.9431,1799.35,48111.68
2021-12-17,15.8845,1798.11,46873.03
2021-12-18,,,46971.17
2021-12-19,,,46741.79
2021-12-20,15.7672,1790.93,46987.56
2021-12-21,15.8514,1789.27,49106.42
2021-12-22,15.7023,1803.67,49073.95
2021-12-23,15.6534,1808.81,50849.2
2021-12-24,15.5452,1810.26,50908.79
2021-12-25,,,50986.51
2021-12-26,,,50808.21
2021-12-27,15.5439,1812.13,50989.1
2021-12-28,15.7701,1806.18,47561.31
2021-12-29,15.9363,1804.71,47232.15
2021-12-30,15.9295,1814.67,47298.35
2021-12-31,15.9372,1829.2,46333.65
2022-01-01,,,47333.2
2022-01-02,,,47028.52
2022-01-03,15.8753,1801.45,45997.26
2022-01-04,15.997,1814.6,46220.42
2022-01-05,15.9025,1810.44,43603.88
2022-01-06,15.7418,1791.16,43120.88
2022-01-07,15.5806,1796.55,41881.75
2022-01-08,,,41788.38
2022-01-09,,,42315.13
2022-01-10,15.6756,1801.68,41729.31
2022-01-11,15.525,1821.6,42687.27
2022-01-12,15.3084,1826.15,43793.81
2022-01-13,15.4053,1822.54,42828.59
2022-01-14,15.3899,1817.94,43321.7
2022-01-15,,,43333.72
2022-01-16,,,42982.4
2022-01-17,15.3855,1819.23,41743.99
2022-01-18,15.5209,1813.74,42395.22
2022-01-19,15.332,1840.54,41724.22
2022-01-20,15.2181,1839.29,41326.77
2022-01-21,15.1042,1835.38,36692.38
2022-01-22,,,35402.77
2022-01-23,,,35364.47
2022-01-24,15.2614,1843.06,36828.36
2022-01-25,15.232,1848.02,36579.75
2022-01-26,15.3385,1819.59,36356.7
2022-01-27,15.4616,1797.43,36198.95
2022-01-28,15.5999,1791.53,37807.95
2022-01-29,,,38388.74
2022-01-30,,,37754.4
2022-01-31,15.3866,1797.17,38437.84
2022-02-01,15.2633,1801.19,38813.82
2022-02-02,15.3383,1806.8,36936.93
2022-02-03,15.2601,1804.85,36964.58
2022-02-04,15.4622,1808.28,40647.25
2022-02-05,,,41673.4
2022-02-06,,,41687.25
2022-02-07,15.5066,1820.47,44102.99
2022-02-08,15.3504,1825.92,44230.11
2022-02-09,15.2126,1833.36,44497.51
2022-02-10,15.17,1826.85,43776.42
2022-02-11,15.212,1858.76,42563.24
2022-02-12,,,41899.77
2022-02-13,,,42228.76
2022-02-14,15.1311,1871.18,42249.01
2022-02-15,15.1089,1853.61,43999.15
2022-02-16,14.9917,1869.8,44092.86
2022-02-17,14.9929,1898.43,40699.63
2022-02-18,15.1346,1898.43,39991.9
2022-02-19,,,39942.63
2022-02-20,,,38252.4
2022-02-21,15.1502,1906.29,37076.09
2022-02-22,15.0742,1898.64,37893.47
2022-02-23,15.1359,1909.01,37543.5
2022-02-24,15.3478,1903.89,38414.95
2022-02-25,15.1563,1889.34,38994.5
2022-02-26,,,39480.74
2022-02-27,,,37435.48
2022-02-28,15.3756,1908.99,41654.97
2022-03-01,15.4207,1945.28,43900.24
2022-03-02,15.3176,1928.72,44090.72
2022-03-03,15.1984,1935.95,42096.97
2022-03-04,15.3903,1970.7,39393.7
2022-03-05,,,39380.38
2022-03-06,,,39030.04
2022-03-07,15.3572,1998.11,37839.36
2022-03-08,15.3006,2050.76,38506.43
2022-03-09,15.0001,1991.83,41893.74
2022-03-10,15.0446,1996.98,39329.95
2022-03-11,15.0412,1988.46,38860.7
2022-03-12,,,39102.38
2022-03-13,,,38687.43
2022-03-14,15.1282,1950.88,38725.24
2022-03-15,15.1097,1917.94,39441.9
2022-03-16,14.9191,1927.29,41258.79
2022-03-17,14.9223,1942.89,40724.56
2022-03-18,14.9694,1921.62,41755.9
2022-03-19,,,42219.42
2022-03-20,,,41308.02
2022-03-21,14.9098,1935.91,41136.88
2022-03-22,14.8097,1921.69,42606.24
2022-03-23,14.7618,1943.86,42368.58
2022-03-24,14.5253,1957.69,43895.65
2022-03-25,14.5417,1958.29,44577.76
2022-03-26,,,44590.9
2022-03-27,,,46111.06
2022-03-28,14.6914,1922.8,47967.56
2022-03-29,14.5366,1919.43,47486.26
2022-03-30,14.4748,1932.87,47277.24
2022-03-31,14.6115,1937.44,45767.58
2022-04-01,14.6648,1925.68,46168.58
2022-04-02,,,46196.63
2022-04-03,,,46387.63
2022-04-04,14.587,1932.73,46311.76
2022-04-05,14.6728,1923.6,45868.99
2022-04-06,14.6657,1925.35,43885.38
2022-04-07,14.7437,1931.86,43577.22
2022-04-08,14.6457,1947.54,42815.77
2022-04-09,,,42447.77
2022-04-10,,,43125.15
2022-04-11,14.5698,1953.52,39846.47
2022-04-12,14.5096,1966.76,39534.08
2022-04-13,14.5643,1977.8,41254.52
2022-04-14,14.663,1973.71,39915.93
2022-04-15,14.6254,1978.24,40404.52
2022-04-16,,,40294.88
2022-04-17,,,40273.09
2022-04-18,14.6538,1978.91,40673.67
2022-04-19,14.9858,1950.09,41297.9
2022-04-20,15.0331,1957.77,41430.79
2022-04-21,15.3802,1951.62,40615.45
2022-04-22,15.6082,1931.6,39621.31
2022-04-23,,,39808.74
2022-04-24,,,39515.9
2022-04-25,15.6761,1897.83,40186.18
2022-04-26,15.8488,1905.51,38123.52
2022-04-27,15.8913,1886.1,39106.93
2022-04-28,16.0329,1894.45,39889.27
2022-04-29,15.7892,1896.93,38560.04
2022-04-30,,,38334.7
2022-05-01,,,38320.24
2022-05-02,16.1133,1863.02,38312.41
2022-05-03,15.7776,1868.12,37784.82
2022-05-04,15.4567,1881.22,39800.33
2022-05-05,15.9894,1877.18,36456.02
2022-05-06,15.9963,1883.81,36077.29
2022-05-07,,,35768.23
2022-05-08,,,34225.04
2022-05-09,16.1894,1854.17,30959.3
2022-05-10,16.1238,1838.27,31000.83
2022-05-11,16.0891,1852.4,28402.78
2022-05-12,16.0909,1821.82,28546.25
2022-05-13,16.1652,1811.79,29760.13
2022-05-14,,,29341.75
2022-05-15,,,31019.19
2022-05-16,16.1476,1824.14,29908.75
2022-05-17,15.9111,1815.16,30077.8
2022-05-18,16.032,1816.6,29205.89
2022-05-19,15.8272,1841.85,30231.08
2022-05-20,15.8417,1846.5,29117.13
2022-05-21,,,29391.93
2022-05-22,,,29907.98
2022-05-23,15.7506,1853.59,29314.55
2022-05-24,15.6431,1866.45,29438.3
2022-05-25,15.7409,1853.46,29764.46
2022-05-26,15.7071,1850.63,29437.55
2022-05-27,15.5903,1853.72,28728.9
2022-05-28,,,28999.04
2022-05-29,,,29160.07
2022-05-30,15.494,1855.23,31257.74
2022-05-31,15.6405,1837.35,31788.28
2022-06-01,15.5678,1846.6,29621.61
2022-06-02,15.4666,1868.58,30225.18
2022-06-03,15.5482,1851.19,29640.5
2022-06-04,,,29733.76
2022-06-05,,,29925.66
2022-06-06,15.4366,1841.43,31438.72
2022-06-07,15.3799,1852.37,31330.81
2022-06-08,15.2899,1853.36,30179.77
2022-06-09,15.512,1847.95,30161.34
2022-06-10,15.8567,1871.6,29177.39
2022-06-11,,,28380.38
2022-06-12,,,27345.79
2022-06-13,16.1172,1819.26,23209.61
2022-06-14,16.0399,1808.49,21966.38
2022-06-15,15.7757,1833.82,21640.29
2022-06-16,16.0085,1857.33,20677.24
2022-06-17,16.0181,1839.39,20630.54
2022-06-18,,,17785.09
2022-06-19,,,20607.54
2022-06-20,16.0354,1838.74,20427.23
2022-06-21,15.9216,1832.98,20838.45
2022-06-22,15.9148,1837.72,19857.05
2022-06-23,15.9618,1822.77,20795.38
2022-06-24,15.8019,1826.88,21183.82
2022-06-25,,,21214.51
2022-06-26,,,21392.35
2022-06-27,15.8636,1822.85,20898.65
2022-06-28,16.0887,1820.01,20247.7
2022-06-29,16.2367,1817.73,20197.75
2022-06-30,16.2782,1807.27,18731.3
2022-07-01,16.4154,1811.43,19406.69
2022-07-02,,,19238.99
2022-07-03,,,19420.48
2022-07-04,16.3409,1808.15,19755.85
2022-07-05,16.534,1764.76,20441.63
2022-07-06,16.8115,1738.86,20380.0
2022-07-07,16.7205,1740.16,21610.58
2022-07-08,16.8726,1742.48,21846.53
2022-07-09,,,21672.98
2022-07-10,,,20972.87
2022-07-11,17.1074,1733.96,20409.54
2022-07-12,17.0288,1726.0,19443.28
2022-07-13,16.9093,1735.51,19657.01
2022-07-14,17.1597,1709.94,20667.93
2022-07-15,17.0751,1708.17,20926.53
2022-07-16,,,21204.61
2022-07-17,,,20930.58
2022-07-18,17.1225,1709.22,21487.97
2022-07-19,17.0962,1711.67,23304.71
2022-07-20,17.1532,1696.58,23258.12
2022-07-21,17.0555,1718.81,23123.88
2022-07-22,16.8275,1727.64,22605.38
2022-07-23,,,22330.07
2022-07-24,,,22723.53
2022-07-25,16.7936,1719.78,22171.68
2022-07-26,16.9474,1717.32,20985.62
2022-07-27,16.6902,1734.19,22784.97
2022-07-28,16.4836,1755.84,24033.74
2022-07-29,16.6237,1765.94,23951.94
2022-07-30,,,23972.77
2022-07-31,,,23807.28
2022-08-01,16.5157,1772.17,23129.11
2022-08-02,16.8212,1760.39,23029.66
2022-08-03,16.7492,1765.29,23327.08
2022-08-04,16.6118,1791.28,22513.58
2022-08-05,16.7768,1775.5,22985.34
2022-08-06,,,23174.48
2022-08-07,,,23266.22
2022-08-08,16.6922,1788.96,24072.39
2022-08-09,16.5765,1794.29,23144.84
2022-08-10,16.2076,1792.38,23904.94
2022-08-11,16.2346,1789.72,24216.28
2022-08-12,16.1684,1802.4,24240.76
2022-08-13,,,24494.84
2022-08-14,,,24322.8
2022-08-15,16.436,1779.71,24074.01
2022-08-16,16.3861,1775.69,23984.02
2022-08-17,16.6503,1761.77,23407.4
2022-08-18,16.8639,1758.61,23416.76
2022-08-19,17.0033,1747.06,21274.36
2022-08-20,,,20819.56
2022-08-21,,,21474.5
2022-08-22,16.9974,1736.3,21124.4
2022-08-23,16.9951,1748.15,21477.74
2022-08-24,16.937,1751.19,21692.74
2022-08-25,16.7494,1758.71,21647.93
2022-08-26,16.8849,1738.14,20650.41
2022-08-27,,,20009.56
2022-08-28,,,19989.13
2022-08-29,16.8275,1737.09,20177.32
2022-08-30,16.9807,1724.02,19975.94
2022-08-31,17.1189,1711.04,20196.67
2022-09-01,17.2757,1697.52,20071.34
2022-09-02,17.305,1712.19,19969.21
2022-09-03,,,19743.94
2022-09-04,,,19901.9
2022-09-05,17.1655,1710.4,19742.13
2022-09-06,17.3005,1702.14,18978.5
2022-09-07,17.2688,1718.37,19387.15
2022-09-08,17.5183,1708.46,19379.74
2022-09-09,17.3064,1716.83,21300.3
2022-09-10,,,21431.35
2022-09-11,,,21641.25
2022-09-12,17.1269,1724.54,22409.58
2022-09-13,17.457,1702.17,20240.4
2022-09-14,17.4833,1697.32,19946.38
2022-09-15,17.5652,1665.11,19852.49
2022-09-16,17.6103,1675.06,19751.07
2022-09-17,,,20080.05
2022-09-18,,,19721.88
2022-09-19,17.675,1675.84,19522.21
2022-09-20,17.6902,1664.89,18974.31
2022-09-21,17.7428,1673.89,18926.45
2022-09-22,17.5982,1671.22,19247.72
2022-09-23,17.95,1643.94,18852.06
2022-09-24,,,19144.41
2022-09-25,,,18903.75
2022-09-26,18.09,1622.36,19113.38
2022-09-27,18.0167,1628.9,19072.71
2022-09-28,17.8551,1659.97,19567.79
2022-09-29,18.0146,1660.54,19508.14
2022-09-30,18.0855,1660.61,19425.13
2022-10-01,,,19252.71
2022-10-02,,,19234.63
2022-10-03,17.8437,1699.89,19597.13
2022-10-04,17.6289,1726.13,20340.91
2022-10-05,17.7835,1716.26,19988.42
2022-10-06,18.0013,1712.53,20051.13
2022-10-07,18.096,1694.82,19551.56
2022-10-08,,,19456.38
2022-10-09,,,19485.5
2022-10-10,18.096,1668.61,19241.2
2022-10-11,18.1822,1666.34,19019.1
2022-10-12,18.2936,1673.19,19169.43
2022-10-13,18.2664,1666.37,19386.99
2022-10-14,18.3594,1644.47,19177.31
2022-10-15,,,19097.54
2022-10-16,,,19332.84
2022-10-17,18.0696,1650.09,19529.38
2022-10-18,18.112,1652.22,19367.71
2022-10-19,18.2933,1629.44,19196.47
2022-10-20,18.2963,1628.02,19030.39
2022-10-21,18.0892,1657.69,19181.79
2022-10-22,,,19219.63
2022-10-23,,,19497.58
2022-10-24,18.4126,1649.78,19382.19
2022-10-25,18.2025,1653.17,20189.29
2022-10-26,17.9323,1664.57,20752.38
2022-10-27,17.9792,1663.31,20399.52
2022-10-28,18.1341,1644.86,20635.82
2022-10-29,,,20864.33
2022-10-30,,,20689.77
2022-10-31,18.3545,1633.56,20405.66
2022-11-01,18.228,1647.98,20479.4
2022-11-02,18.2563,1635.24,20175.79
2022-11-03,18.4056,1629.49,20238.8
2022-11-04,17.9038,1681.87,21135.44
2022-11-05,,,21355.89
2022-11-06,,,21128.93
2022-11-07,17.7309,1675.63,20683.87
2022-11-08,17.7125,1712.42,18698.63
2022-11-09,17.7933,1706.74,15731.3
2022-11-10,17.3629,1755.45,17807.64
2022-11-11,17.2397,1771.24,16757.37
2022-11-12,,,16793.47
2022-11-13,,,16365.81
2022-11-14,17.295,1771.4,16385.41
2022-11-15,17.3158,1778.94,16890.18
2022-11-16,17.2678,1773.87,16531.47
2022-11-17,17.3765,1760.44,16680.76
2022-11-18,17.2559,1750.68,16637.36
2022-11-19,,,16660.59
2022-11-20,,,16253.33
2022-11-21,17.3359,1738.05,15631.95
2022-11-22,17.2367,1740.25,16130.03
2022-11-23,16.9678,1749.68,16471.9
2022-11-24,17.0202,1755.24,16543.55
2022-11-25,17.0813,1754.93,16497.05
2022-11-26,,,16509.39
2022-11-27,,,16571.89
2022-11-28,17.1537,1741.36,16196.39
2022-11-29,17.0,1749.85,16460.7
2022-11-30,17.2031,1768.52,17104.5
2022-12-01,17.6574,1803.1,16929.96
2022-12-02,17.5052,1797.63,17014.59
2022-12-03,,,16950.39
2022-12-04,,,17114.59
2022-12-05,17.4239,1768.68,16972.24
2022-12-06,17.3365,1771.04,16994.34
2022-12-07,17.1622,1786.27,16830.68
2022-12-08,17.1659,1789.14,17184.1
2022-12-09,17.3542,1797.32,17113.29
2022-12-10,,,17129.35
2022-12-11,,,17115.37
2022-12-12,17.5793,1781.44,17177.78
2022-12-13,17.2639,1810.8,17762.0
2022-12-14,17.1677,1807.32,17828.9
2022-12-15,17.4959,1776.85,17399.63
2022-12-16,17.6833,1793.08,16837.95
2022-12-17,,,16718.5
2022-12-18,,,16753.05
2022-12-19,17.3009,1787.62,16586.82
2022-12-20,17.3059,1817.94,16881.54
2022-12-21,17.1964,1814.39,16793.1
2022-12-22,17.1607,1792.52,16792.25
2022-12-23,17.0217,1798.2,16811.33
2022-12-24,,,16829.82
2022-12-25,,,16830.25
2022-12-26,17.0053,,16833.01
2022-12-27,17.2086,1813.69,16692.55
2022-12-28,17.1146,1804.35,16517.32
2022-12-29,16.9635,1814.91,16593.4
2022-12-30,17.0374,1824.02,16579.06
2022-12-31,,,16539.5
2023-01-01,,,16602.63
2023-01-02,16.9958,,16750.94
2023-01-03,17.0131,1839.48,16661.86
2023-01-04,16.8839,1854.56,16821.82
2023-01-05,17.1665,1832.89,16844.62
2023-01-06,17.107,1865.69,16927.86
2023-01-07,,,16938.55
2023-01-08,,,16956.66
2023-01-09,16.9274,1871.81,17181.34
2023-01-10,17.0145,1877.03,17466.71
2023-01-11,16.9179,1875.69,17560.6
2023-01-12,16.7535,1897.09,18830.98
2023-01-13,16.8287,1920.23,19813.55
2023-01-14,,,20903.7
2023-01-15,,,20906.28
2023-01-16,17.0209,1916.02,21133.18
2023-01-17,17.0494,1908.69,21316.08
2023-01-18,17.1064,1904.11,20778.65
2023-01-19,17.2764,1932.24,20939.64
2023-01-20,17.1304,1926.08,22318.24
2023-01-21,,,23204.05
2023-01-22,,,22591.84
2023-01-23,17.1874,1931.04,22998.16
2023-01-24,17.198,1937.36,22904.83
2023-01-25,17.1104,1946.11,23598.24
2023-01-26,17.1883,1929.21,23080.96
2023-01-27,17.1876,1928.04,23092.0
2023-01-28,,,23008.03
2023-01-29,,,23797.16
2023-01-30,17.4003,1923.17,22747.14
2023-01-31,17.4081,1928.36,22950.56
2023-02-01,17.0439,1950.52,23682.05
2023-02-02,17.0702,1912.72,23460.05
2023-02-03,17.4756,1864.97,23383.51
2023-02-04,,,23417.15
2023-02-05,,,22903.12
2023-02-06,17.6638,1867.48,22916.21
2023-02-07,17.5654,1873.1,23199.48
2023-02-08,17.7693,1875.49,22959.05
2023-02-09,17.758,1861.78,21857.43
2023-02-10,17.8582,1865.57,21540.9
2023-02-11,,,21828.1
2023-02-12,,,21741.45
2023-02-13,17.8561,1853.49,21630.92
2023-02-14,17.8988,1854.31,22252.63
2023-02-15,18.0312,1836.01,24179.13
2023-02-16,18.1662,1836.36,24535.46
2023-02-17,18.056,1842.36,24487.25
2023-02-18,,,24621.25
2023-02-19,,,24546.64
2023-02-20,18.0904,1841.38,24769.17
2023-02-21,18.2563,1835.09,24199.85
2023-02-22,18.2389,1825.39,23805.88
2023-02-23,18.2211,1822.28,23878.02
2023-02-24,18.4266,1811.04,23101.79
2023-02-25,,,22940.51
2023-02-26,,,23560.84
2023-02-27,18.4121,1817.14,23384.87
2023-02-28,18.357,1826.92,23146.88
2023-03-01,18.1231,1836.72,23558.34
2023-03-02,18.2041,1835.87,23415.5
2023-03-03,18.1417,1856.48,22242.64
2023-03-04,,,22216.8
2023-03-05,,,22485.95
2023-03-06,18.2483,1846.86,22408.87
2023-03-07,18.5085,1813.45,22055.35
2023-03-08,18.6068,1813.8,22006.5
2023-03-09,18.5685,1831.03,20226.09
2023-03-10,18.3173,1868.26,20101.78
2023-03-11,,,20503.75
2023-03-12,,,21491.18
2023-03-13,18.1979,1913.7,24234.19
2023-03-14,18.1287,1904.01,24636.25
2023-03-15,18.4372,1918.58,24391.4
2023-03-16,18.3989,1919.52,24753.63
2023-03-17,18.474,1989.25,26823.38
2023-03-18,,,27409.3
2023-03-19,,,27974.84
2023-03-20,18.5196,1978.84,28082.46
2023-03-21,18.5589,1940.07,28154.56
2023-03-22,18.2805,1970.11,27392.32
2023-03-23,18.0989,1993.4,28333.0
2023-03-24,18.157,1978.21,27618.28
2023-03-25,,,27384.45
2023-03-26,,,27806.41
2023-03-27,18.3085,1956.67,27048.29
2023-03-28,18.1474,1973.54,27313.73
2023-03-29,18.1014,1964.7,28393.0
2023-03-30,17.8203,1980.37,28152.28
2023-03-31,17.7962,1969.28,28395.3
2023-04-01,,,28463.77
2023-04-02,,,28076.92
2023-04-03,17.8492,1984.65,27588.08
2023-04-04,17.9305,2020.42,28257.1
2023-04-05,18.0419,2020.73,28157.09
2023-04-06,18.25,2007.91,27992.29
2023-04-07,18.1949,,27890.37
2023-04-08,,,27932.43
2023-04-09,,,28136.46
2023-04-10,18.5123,1991.48,29142.36
2023-04-11,18.3962,2003.62,30192.1
2023-04-12,18.4191,2014.93,29968.01
2023-04-13,18.0472,2040.22,30285.33
2023-04-14,18.086,2004.17,30470.31
2023-04-15,,,30312.22
2023-04-16,,,30361.0
2023-04-17,18.3177,1995.19,29459.36
2023-04-18,18.1632,2005.45,30422.0
2023-04-19,18.1983,1994.93,29249.26
2023-04-20,18.0342,2004.8,28203.91
2023-04-21,18.1078,1983.06,27272.1
2023-04-22,,,27645.8
2023-04-23,,,27508.33
2023-04-24,18.1344,1989.14,27460.55
2023-04-25,18.3328,1997.39,27979.6
2023-04-26,18.3992,1989.04,28417.5
2023-04-27,18.3029,1987.78,29633.43
2023-04-28,18.2902,1990.0,29354.75
2023-04-29,,,29242.06
2023-04-30,,,29347.96
2023-05-01,18.402,1982.56,27683.13
2023-05-02,18.4737,2016.68,28695.82
2023-05-03,18.29,2038.97,28528.95
2023-05-04,18.2873,2050.28,28884.06
2023-05-05,18.4074,2016.79,29524.75
2023-05-06,,,28851.54
2023-05-07,,,28953.02
2023-05-08,18.331,2021.16,27562.71
2023-05-09,18.6341,2034.56,27659.74
2023-05-10,18.8709,2030.09,27875.64
2023-05-11,19.2051,2015.05,27009.45
2023-05-12,19.3414,2010.77,26447.7
2023-05-13,,,26918.96
2023-05-14,,,26952.65
2023-05-15,19.0297,2016.49,27354.85
2023-05-16,19.0756,1989.17,26956.57
2023-05-17,19.2521,1981.84,27337.78
2023-05-18,19.3328,1957.55,26726.05
2023-05-19,19.4517,1977.81,26839.54
2023-05-20,,,27024.24
2023-05-21,,,26851.07
2023-05-22,19.2248,1971.86,26899.28
2023-05-23,19.202,1975.23,27223.3
2023-05-24,19.247,1957.16,26401.81
2023-05-25,19.8025,1941.41,26490.2
2023-05-26,19.6529,1946.46,26759.28
2023-05-27,,,26760.83
2023-05-28,,,27564.04
2023-05-29,19.6674,1943.19,27693.13
2023-05-30,19.6984,1959.33,27772.51
2023-05-31,19.7255,1962.73,27117.1
2023-06-01,19.6274,1977.61,26868.32
2023-06-02,19.529,1947.97,27183.62
2023-06-03,,,27071.27
2023-06-04,,,27249.75
2023-06-05,19.2766,1961.86,25641.7
2023-06-06,19.2025,1963.52,26945.16
2023-06-07,19.0918,1940.02,26363.47
2023-06-08,18.8357,1965.46,26645.5
2023-06-09,18.7564,1961.19,26444.43
2023-06-10,,,25767.85
2023-06-11,,,26135.88
2023-06-12,18.5702,1957.84,25895.0
2023-06-13,18.6285,1943.74,25849.13
2023-06-14,18.3461,1942.52,24928.57
2023-06-15,18.2223,1958.01,25547.99
2023-06-16,18.1867,1957.98,26394.71
2023-06-17,,,26534.66
2023-06-18,,,26472.0
2023-06-19,18.1949,1950.48,26718.39
2023-06-20,18.378,1936.42,28169.64
2023-06-21,18.3159,1932.55,29985.4
2023-06-22,18.5223,1914.01,30157.31
2023-06-23,18.7542,1921.2,30928.74
2023-06-24,,,30523.34
2023-06-25,,,30383.36
2023-06-26,18.6507,1923.26,30163.13
2023-06-27,18.5196,1913.69,30655.23
2023-06-28,18.6559,1907.32,30104.08
2023-06-29,18.7648,1908.2,30400.46
2023-06-30,18.8485,1919.35,30390.91
2023-07-01,,,30592.81
2023-07-02,,,30592.26
2023-07-03,18.7414,1921.64,31128.76
2023-07-04,18.6471,1925.48,30807.48
2023-07-05,18.7749,1915.3,30470.54
2023-07-06,19.1089,1910.9,30315.91
2023-07-07,18.867,1925.05,30272.41
2023-07-08,,,30163.19
2023-07-09,,,30201.16
2023-07-10,18.7948,1925.35,30785.96
2023-07-11,18.4902,1932.23,30578.75
2023-07-12,18.135,1957.35,30351.84
2023-07-13,17.9282,1960.51,31386.0
2023-07-14,18.1077,1955.21,30206.0
2023-07-15,,,30314.36
2023-07-16,,,30287.41
2023-07-17,18.0356,1955.04,29931.93
2023-07-18,17.8571,1978.72,29784.08
2023-07-19,17.8682,1976.64,29966.89
2023-07-20,17.9244,1969.53,29737.02
2023-07-21,17.96,1961.94,29883.66
2023-07-22,,,29833.35
2023-07-23,,,30144.88
2023-07-24,17.7447,1954.73,29145.13
2023-07-25,17.5485,1964.96,29229.74
2023-07-26,17.6146,1972.07,29589.43
2023-07-27,17.8413,1946.0,29143.93
2023-07-28,17.6312,1959.49,29342.44
2023-07-29,,,29356.5
2023-07-30,,,29271.19
2023-07-31,17.8481,1965.09,29206.8
2023-08-01,18.3021,1944.29,29212.88
2023-08-02,18.4635,1934.45,29119.79
2023-08-03,18.7071,1934.06,29284.99
2023-08-04,18.4575,1942.91,28937.67
2023-08-05,,,29032.77
2023-08-06,,,29095.63
2023-08-07,18.7012,1936.56,29159.17
2023-08-08,18.924,1925.24,29984.24
2023-08-09,18.9828,1914.46,29483.38
2023-08-10,18.8501,1912.48,29421.05
2023-08-11,18.9508,1913.76,29387.01
2023-08-12,,,29410.47
2023-08-13,,,29403.99
2023-08-14,19.0829,1907.1,29366.8
2023-08-15,19.1488,1902.0,29171.58
2023-08-16,19.1717,1891.81,28940.39
2023-08-17,19.0668,1889.43,27642.0
2023-08-18,18.9974,1889.31,26071.78
2023-08-19,,,26059.87
2023-08-20,,,26233.05
2023-08-21,18.9652,1894.93,26109.71
2023-08-22,18.8002,1897.48,25856.99
2023-08-23,18.4672,1915.48,26591.76
2023-08-24,18.8166,1916.91,26016.62
2023-08-25,18.6273,1914.96,26048.87
2023-08-26,,,26024.25
2023-08-27,,,26083.84
2023-08-28,18.6218,1920.17,25981.81
2023-08-29,18.4805,1937.54,27579.74
2023-08-30,18.6813,1942.32,27253.38
2023-08-31,18.8758,1940.19,26013.12
2023-09-01,18.8419,1940.06,25759.54
2023-09-02,,,25849.6
2023-09-03,,,26045.85
2023-09-04,19.0782,1942.69,25828.28
2023-09-05,19.2051,1926.12,25705.85
2023-09-06,19.199,1916.56,25669.79
2023-09-07,19.1767,1919.68,26002.0
2023-09-08,19.1308,1919.08,25902.0
2023-09-09,,,25864.03
2023-09-10,,,25818.2
2023-09-11,18.8733,1922.3,25087.36
2023-09-12,18.9172,1913.67,26074.38
2023-09-13,18.8174,1908.12,26225.8
2023-09-14,19.0187,1910.79,26578.75
2023-09-15,19.0097,1923.91,26418.35
2023-09-16,,,26540.38
2023-09-17,,,26446.9
2023-09-18,19.0115,1933.84,26774.69
2023-09-19,18.9386,1931.36,27192.0
2023-09-20,18.841,1930.3,27094.68
2023-09-21,18.9538,1920.02,26601.66
2023-09-22,18.7553,1925.23,26537.68
2023-09-23,,,26596.24
2023-09-24,,,26505.46
2023-09-25,18.7743,1915.92,26289.25
2023-09-26,19.0777,1900.65,26148.13
2023-09-27,19.2094,1875.12,26238.72
2023-09-28,18.9817,1864.87,27089.32
2023-09-29,18.9226,1848.63,26903.18
2023-09-30,,,27072.54
2023-10-01,,,27114.69
2023-10-02,19.2165,1828.03,27842.16
2023-10-03,19.3469,1823.02,27396.6
2023-10-04,19.3333,1821.36,27659.68
2023-10-05,19.5176,1820.3,27479.0
2023-10-06,19.3,1833.01,27995.25
2023-10-07,,,27937.45
2023-10-08,,,27923.41
2023-10-09,19.3362,1861.41,27576.46
2023-10-10,19.0181,1860.4,27405.48
2023-10-11,18.8269,1874.36,26717.11
2023-10-12,19.017,1868.9,26737.69
2023-10-13,19.0022,1932.82,26976.51
2023-10-14,,,26850.06
2023-10-15,,,27206.04
2023-10-16,18.771,1920.2,28405.38
2023-10-17,18.8021,1923.18,28459.42
2023-10-18,18.9923,1947.55,28260.0
2023-10-19,19.0237,1974.46,28728.04
2023-10-20,19.0104,1981.4,29601.0
2023-10-21,,,30028.03
2023-10-22,,,29860.75
2023-10-23,18.9618,1972.85,31537.58
2023-10-24,19.0425,1970.97,33651.38
2023-10-25,19.1255,1979.72,34680.57
2023-10-26,18.9643,1984.71,34191.55
2023-10-27,18.8396,2006.37,33836.54
2023-10-28,,,34135.43
2023-10-29,,,34590.86
2023-10-30,18.8575,1996.1,34439.91
2023-10-31,18.6488,1983.88,34650.56
2023-11-01,18.5151,1982.53,35455.73
2023-11-02,18.4211,1985.78,34917.45
2023-11-03,18.2604,1992.65,34621.06
2023-11-04,,,34780.72
2023-11-05,,,34682.13
2023-11-06,18.2926,1978.14,35030.04
2023-11-07,18.3386,1969.45,35501.52
2023-11-08,18.4732,1950.2,35593.56
2023-11-09,18.66,1958.55,36541.56
2023-11-10,18.727,1940.2,37292.81
2023-11-11,,,36988.0
2023-11-12,,,37182.61
2023-11-13,18.7266,1946.92,36493.45
2023-11-14,18.2248,1964.29,35585.81
2023-11-15,18.1813,1959.85,37647.84
2023-11-16,18.3731,1980.9,35965.5
2023-11-17,18.359,1980.82,36418.61
2023-11-18,,,36566.59
2023-11-19,,,37007.99
2023-11-20,18.3407,1978.07,37426.45
2023-11-21,18.6394,1998.29,36841.04
2023-11-22,18.8862,1990.17,37625.0
2023-11-23,18.8142,1992.25,37253.9
2023-11-24,18.7791,2000.82,37858.25
2023-11-25,,,37813.68
2023-11-26,,,37627.25
2023-11-27,18.6543,2014.13,37032.56
2023-11-28,18.6028,2040.97,37967.5
2023-11-29,18.7508,2044.24,37737.0
2023-11-30,18.8545,2036.41,37750.77
2023-12-01,18.6521,2072.22,38796.61
2023-12-02,,,39581.59
2023-12-03,,,39727.65
2023-12-04,18.8012,2029.42,42036.51
2023-12-05,18.9532,2019.36,43900.51
2023-12-06,18.9608,2025.55,43822.33
2023-12-07,18.7652,2028.47,43390.95
2023-12-08,18.9559,2004.67,44554.76
2023-12-09,,,43986.01
2023-12-10,,,43803.24
2023-12-11,19.0853,1981.95,41182.0
2023-12-12,18.967,1979.54,41088.75
2023-12-13,18.6824,2027.74,42993.29
2023-12-14,18.3339,2036.36,42994.83
2023-12-15,18.3119,2019.62,42240.95
2023-12-16,,,42270.56
2023-12-17,,,41881.9
2023-12-18,18.5855,2027.19,42614.99
2023-12-19,18.3221,2040.35,42495.81
2023-12-20,18.327,2031.39,43449.76
2023-12-21,18.361,2045.95,44004.47
2023-12-22,18.4313,2053.08,43747.1
2023-12-23,,,43803.74
2023-12-24,,,43529.13
2023-12-25,18.493,,43531.11
2023-12-26,18.6407,2067.81,42340.74
2023-12-27,18.3975,2077.49,43395.74
2023-12-28,18.5389,2065.61,42472.51
2023-12-29,18.3621,2062.98,41935.34
2023-12-30,,,42303.24
2023-12-31,,,42507.9
2024-01-01,,,43628.4
2024-01-02,18.569,2058.96,45127.01
2024-01-03,18.7192,2041.49,42938.06
2024-01-04,18.7043,2043.65,44488.33
2024-01-05,18.6852,2045.45,43970.52
2024-01-06,,,43921.45
2024-01-07,,,44258.51
2024-01-08,18.6606,2028.07,47114.68
2024-01-09,18.6969,2030.2,45427.01
2024-01-10,18.694,2024.41,45945.61
2024-01-11,18.6423,2028.91,46163.13
2024-01-12,18.6537,2049.06,43426.6
2024-01-13,,,42962.51
2024-01-14,,,42516.04
2024-01-15,18.6752,2056.55,42687.31
2024-01-16,18.9712,2028.44,43434.42
2024-01-17,19.0562,2006.25,42637.06
2024-01-18,18.9385,2023.34,41069.92
2024-01-19,19.0308,2029.49,41602.18
2024-01-20,,,41702.95
2024-01-21,,,41760.99
2024-01-22,19.2024,2021.7,39815.45
2024-01-23,19.0411,2029.28,39201.77
2024-01-24,18.8881,2013.89,39765.38
2024-01-25,18.874,2020.84,39904.41
2024-01-26,18.7883,2018.52,41994.36
2024-01-27,,,42151.09
2024-01-28,,,41971.79
2024-01-29,18.8117,2033.23,43185.4
2024-01-30,18.7995,2037.01,43547.31
2024-01-31,18.6849,2039.52,42458.43
2024-02-01,18.5989,2054.99,43085.26
2024-02-02,18.8995,2039.76,42979.38
2024-02-03,,,43028.9
2024-02-04,,,42759.88
2024-02-05,19.0667,2025.11,42342.38
2024-02-06,18.8271,2036.14,43163.65
2024-02-07,18.9015,2035.36,44188.33
2024-02-08,18.9695,2034.52,45331.74
2024-02-09,19.024,2024.26,47547.04
2024-02-10,,,47954.54
2024-02-11,,,48133.2
2024-02-12,18.9035,2020.05,49843.24
2024-02-13,19.1264,1993.15,49563.06
2024-02-14,19.0461,1992.33,51772.71
2024-02-15,18.9446,2004.4,51371.31
2024-02-16,18.8837,2013.59,52016.4
2024-02-17,,,51808.28
2024-02-18,,,51872.49
2024-02-19,18.9612,2017.21,51906.55
2024-02-20,18.9116,2024.41,52037.65
2024-02-21,18.9204,2025.99,51388.56
2024-02-22,19.1635,2024.39,51650.63
2024-02-23,19.3143,2035.4,50981.2
2024-02-24,,,51561.02
2024-02-25,,,51769.03
2024-02-26,19.2913,2031.24,54656.39
2024-02-27,19.097,2030.48,56731.14
2024-02-28,19.275,2034.55,60550.68
2024-02-29,19.204,2044.3,61430.64
2024-03-01,19.1115,2082.92,62589.24
2024-03-02,,,61971.26
2024-03-03,,,62855.02
2024-03-04,19.0415,2114.48,67494.73
2024-03-05,18.9746,2128.04,63330.43
2024-03-06,18.8309,2148.18,66481.26
2024-03-07,18.6815,2159.98,67332.89
2024-03-08,18.7293,2178.95,68398.85
2024-03-09,,,68532.1
2024-03-10,,,69430.41
2024-03-11,18.6792,2182.75,72115.85
2024-03-12,18.6698,2158.34,71063.39
2024-03-13,18.5782,2174.41,73157.29
2024-03-14,18.734,2162.19,70681.39
2024-03-15,18.7733,2155.9,67859.14
2024-03-16,,,67096.54
2024-03-17,,,68271.21
2024-03-18,18.946,2160.36,67352.39
2024-03-19,18.9045,2157.59,63749.51
2024-03-20,18.7034,2186.39,67078.54
2024-03-21,18.8219,2181.33,65466.78
2024-03-22,19.0295,2165.44,63509.03
2024-03-23,,,65011.85
2024-03-24,,,66153.2
2024-03-25,18.8847,2171.83,70959.89
2024-03-26,18.9808,2178.8,69825.01
2024-03-27,18.909,2194.79,68862.16
2024-03-28,18.9399,2229.87,70712.89
2024-03-29,18.881,,69654.16
2024-03-30,,,69857.12
2024-03-31,,,70845.76
2024-04-01,18.9412,2251.44,69767.89
2024-04-02,18.7759,2280.67,65702.14
2024-04-03,18.6722,2300.0,65742.2
2024-04-04,18.7131,2290.94,67948.37
2024-04-05,18.702,2329.75,67660.41
2024-04-06,,,68409.01
2024-04-07,,,69318.14
2024-04-08,18.6409,2339.03,71706.37
2024-04-09,18.4606,2352.78,69127.2
2024-04-10,18.7767,2334.04,69807.51
2024-04-11,18.7328,2372.52,70509.59
2024-04-12,18.8642,2344.37,67127.64
2024-04-13,,,61967.01
2024-04-14,,,63863.84
2024-04-15,18.9867,2383.34,63152.49
2024-04-16,19.0538,2382.89,63039.97
2024-04-17,19.0276,2361.02,60855.27
2024-04-18,19.1535,2379.04,63528.51
2024-04-19,19.1033,2391.93,64071.26
2024-04-20,,,64756.57
2024-04-21,,,64657.01
2024-04-22,19.194,2327.3,66538.41
2024-04-23,19.1149,2322.02,66353.7
2024-04-24,19.2276,2316.17,64049.7
2024-04-25,19.032,2332.46,64796.69
2024-04-26,18.8093,2337.96,63939.27
2024-04-27,,,63233.89
2024-04-28,,,63663.05
2024-04-29,18.6305,2335.66,62943.49
2024-04-30,18.7821,2286.25,59868.89
2024-05-01,18.5854,2319.56,57293.55
2024-05-02,18.5494,2303.83,58743.14
2024-05-03,18.5102,2301.74,62928.89
2024-05-04,,,63880.21
2024-05-05,,,63746.0
2024-05-06,18.4769,2323.97,63301.55
2024-05-07,18.5163,2314.1,62973.05
2024-05-08,18.5709,2308.85,61568.87
2024-05-09,18.4866,2346.33,62633.68
2024-05-10,18.446,2360.5,60501.2
2024-05-11,,,60996.96
2024-05-12,,,61272.65
2024-05-13,18.3699,2336.32,63089.33
2024-05-14,18.3888,2358.12,61579.46
2024-05-15,18.2725,2385.99,65981.66
2024-05-16,18.1878,2376.86,65279.32
2024-05-17,18.1665,2415.22,66926.64
2024-05-18,,,66991.2
2024-05-19,,,66156.45
2024-05-20,18.2004,2425.31,69522.56
2024-05-21,18.0793,2421.05,69711.51
2024-05-22,18.2662,2378.85,69411.32
2024-05-23,18.4794,2329.27,67753.41
2024-05-24,18.4174,2333.83,68849.43
2024-05-25,,,69096.85
2024-05-26,,,68683.35
2024-05-27,18.362,2350.97,69590.89
2024-05-28,18.2774,2361.31,68241.51
2024-05-29,18.3966,2338.12,67410.37
2024-05-30,18.7551,2343.07,68469.51
2024-05-31,18.793,2327.33,67630.41
2024-06-01,,,67742.95
2024-06-02,,,67794.98
2024-06-03,18.5151,2350.75,69097.7
2024-06-04,18.7127,2327.01,70422.79
2024-06-05,18.9389,2355.32,71216.04
2024-06-06,18.9718,2376.06,70688.73
2024-06-07,18.9035,2293.78,69270.57
2024-06-08,,,69371.48
2024-06-09,,,69682.9
2024-06-10,18.7218,2310.88,69608.6
2024-06-11,18.5988,2317.01,67280.16
2024-06-12,18.3833,2324.98,68083.66
2024-06-13,18.4334,2304.21,66676.76
2024-06-14,18.3861,2333.04,65734.85
2024-06-15,,,66010.76
2024-06-16,,,66465.35
2024-06-17,18.2619,2319.14,66375.54
2024-06-18,18.0414,2329.46,64891.21
2024-06-19,17.955,2328.16,64851.51
2024-06-20,17.9778,2360.09,65060.38
2024-06-21,17.9691,2321.98,64168.01
2024-06-22,,,64262.16
2024-06-23,,,63704.95
2024-06-24,18.1041,2334.65,59474.74
2024-06-25,18.2479,2319.62,61914.64
2024-06-26,18.1783,2298.23,60954.51
2024-06-27,18.4725,2327.73,61418.85
2024-06-28,18.1933,2326.75,60118.16
2024-06-29,,,60949.7
2024-06-30,,,61904.96
2024-07-01,18.3697,2331.9,63236.01
2024-07-02,18.6063,2329.46,61922.42
2024-07-03,18.4154,2356.2,59542.7
2024-07-04,18.2587,2356.69,58329.01
2024-07-05,18.1828,2392.16,56354.49
2024-07-06,,,57989.71
2024-07-07,,,57264.42
2024-07-08,18.1174,2359.13,56258.41
2024-07-09,18.1456,2364.09,57928.24
2024-07-10,18.1253,2371.26,57404.96
2024-07-11,18.0049,2415.48,57553.71
2024-07-12,17.9547,2411.43,57558.83
2024-07-13,,,58607.75
2024-07-14,,,60115.19
2024-07-15,18.2084,2422.27,63779.01
2024-07-16,18.0603,2469.08,64695.41
2024-07-17,18.1988,2458.79,64523.61
2024-07-18,18.2584,2445.08,63818.99
2024-07-19,18.2659,2400.83,66985.87
2024-07-20,,,67382.51
2024-07-21,,,67741.98
2024-07-22,18.2593,2396.59,68147.89
2024-07-23,18.3909,2409.64,65854.09
2024-07-24,18.3412,2397.7,66042.98
2024-07-25,18.3525,2364.56,65275.46
2024-07-26,18.2752,2387.19,67448.64
2024-07-27,,,67788.03
2024-07-28,,,68007.6
2024-07-29,18.4533,2384.19,67367.26
2024-07-30,18.3302,2410.78,66174.57
2024-07-31,18.2031,2447.6,64559.96
2024-08-01,18.274,2446.26,64694.03
2024-08-02,18.2653,2443.24,62551.57
2024-08-03,,,60366.85
2024-08-04,,,59135.51
2024-08-05,18.5224,2410.79,54395.26
2024-08-06,18.4761,2390.82,56571.57
2024-08-07,18.3862,2382.92,55154.01
2024-08-08,18.361,2427.53,59537.8
2024-08-09,18.3363,2431.32,60776.95
2024-08-10,,,61009.06
2024-08-11,,,58518.89
2024-08-12,18.2356,2472.9,58856.37
2024-08-13,18.1417,2465.16,60587.07
2024-08-14,18.0625,2447.85,59157.9
2024-08-15,18.0226,2456.79,56681.01
2024-08-16,17.8738,2508.01,59299.16
2024-08-17,,,59404.29
2024-08-18,,,59824.95
2024-08-19,17.7017,2504.28,59103.84
2024-08-20,17.8203,2513.99,59310.72
2024-08-21,17.8461,2512.56,61246.11
2024-08-22,18.0161,2484.75,60683.46
2024-08-23,17.7037,2512.59,63685.64
2024-08-24,,,64168.14
2024-08-25,,,64243.7
2024-08-26,17.7399,2518.03,63448.51
2024-08-27,17.7253,2524.64,61853.2
2024-08-28,17.8252,2504.61,59347.96
2024-08-29,17.7443,2521.4,59532.78
2024-08-30,17.8183,2503.39,59045.4
2024-08-31,,,58954.67
2024-09-01,,,58420.95
2024-09-02,17.8308,2499.51,59003.52
2024-09-03,17.9807,2492.91,58213.26
2024-09-04,17.8601,2495.72,58043.68
2024-09-05,17.7096,2516.76,56074.06
2024-09-06,17.8505,2497.41,52856.51
2024-09-07,,,54172.53
2024-09-08,,,54378.17
2024-09-09,17.8846,2506.38,57021.01
2024-09-10,17.9458,2516.73,57575.28
2024-09-11,17.8984,2511.76,57495.02
2024-09-12,17.801,2557.9,58194.64
2024-09-13,17.7202,2577.7,59878.39
2024-09-14,,,60030.81
2024-09-15,,,59808.85
2024-09-16,17.6192,2582.45,57668.86
2024-09-17,17.6193,2569.5,60137.4
2024-09-18,17.5454,2558.91,60232.24
2024-09-19,17.4945,2586.74,63042.1
2024-09-20,17.4261,2621.88,62823.51
2024-09-21,,,63159.61
2024-09-22,,,63210.62
2024-09-23,17.3503,2628.72,63317.34
2024-09-24,17.2628,2657.1,64227.01
2024-09-25,17.2694,2656.89,63488.74
2024-09-26,17.1744,2672.38,64678.85
2024-09-27,17.1151,2658.24,65813.57
2024-09-28,,,65657.14
2024-09-29,,,65834.07
2024-09-30,17.2687,2634.58,63785.09
2024-10-01,17.4061,2663.23,60786.64
2024-10-02,17.3532,2658.69,60905.21
2024-10-03,17.5128,2655.89,60776.03
2024-10-04,17.4885,2653.6,62420.23
2024-10-05,,,61725.06
2024-10-06,,,62621.92
2024-10-07,17.3883,2642.59,63009.26
2024-10-08,17.5735,2621.83,62348.77
2024-10-09,17.655,2607.77,60393.26
2024-10-10,17.5333,2629.74,59728.65
2024-10-11,17.4212,2656.59,63002.15
2024-10-12,,,63033.46
2024-10-13,,,62742.75
2024-10-14,17.5657,2648.54,65906.29
2024-10-15,17.6329,2662.58,66480.39
2024-10-16,17.6227,2673.83,67620.07
2024-10-17,17.6867,2692.71,66934.03
2024-10-18,17.6072,2721.46,68419.6
2024-10-19,,,68231.4
2024-10-20,,,68758.39
2024-10-21,17.6126,2719.85,67721.2
2024-10-22,17.548,2749.01,67498.07
2024-10-23,17.7819,2715.55,66586.37
2024-10-24,17.6742,2736.17,68149.93
2024-10-25,17.6657,2747.56,66768.48
2024-10-26,,,67177.26
2024-10-27,,,67689.07
2024-10-28,17.6997,2742.46,69610.57
2024-10-29,17.6676,2774.74,72310.41
2024-10-30,17.6544,2787.61,72834.6
2024-10-31,17.6029,2743.97,69937.51
2024-11-01,17.6549,2736.53,69195.41
2024-11-02,,,69514.85
2024-11-03,,,69114.12
2024-11-04,17.5301,2736.78,67086.01
2024-11-05,17.3996,2743.99,69162.79
2024-11-06,17.6214,2659.06,75959.32
2024-11-07,17.3063,2706.71,75959.78
2024-11-08,17.6002,2684.77,76529.92
2024-11-09,,,76469.29
2024-11-10,,,79927.89
2024-11-11,17.9402,2618.82,88014.53
2024-11-12,18.1109,2598.39,88320.23
2024-11-13,18.2213,2572.98,88633.92
2024-11-14,18.2707,2564.85,88213.6
2024-11-15,18.1875,2563.25,91740.37
2024-11-16,,,91047.96
2024-11-17,,,89148.31
2024-11-18,17.9627,2611.83,91370.51
2024-11-19,18.0535,2632.08,92306.2
2024-11-20,18.116,2650.6,94463.65
2024-11-21,18.1052,2669.72,98084.99
2024-11-22,18.1119,2716.19,99420.01
2024-11-23,,,98077.31
2024-11-24,,,97040.56
2024-11-25,18.0621,2625.01,93714.51
2024-11-26,18.1966,2633.15,91651.14
2024-11-27,18.181,2636.02,96400.51
2024-11-28,18.1133,2637.92,95132.86
2024-11-29,18.0569,2643.15,97460.39
2024-11-30,,,96841.2
2024-12-01,,,97824.17
2024-12-02,18.1334,2639.13,95419.96
2024-12-03,18.1159,2643.49,96086.07
2024-12-04,18.164,2649.9,97876.14
2024-12-05,18.0157,2631.67,99029.87
2024-12-06,18.0255,2633.37,100566.11
2024-12-07,,,99974.34
2024-12-08,,,100091.91
2024-12-09,17.7726,2660.3,96935.04
2024-12-10,17.8095,2694.25,96911.36
2024-12-11,17.6993,2718.23,101612.51
2024-12-12,17.8037,2680.73,99787.04
2024-12-13,17.8711,2648.23,101342.01
2024-12-14,,,101075.91
2024-12-15,,,102836.81
2024-12-16,17.8568,2652.72,106075.01
2024-12-17,18.1038,2646.83,106407.51
2024-12-18,18.3435,2585.35,100950.51
2024-12-19,18.3919,2594.01,97327.84
2024-12-20,18.3054,2622.91,96557.17
2024-12-21,,,96864.46
2024-12-22,,,95111.82
2024-12-23,18.5571,2612.56,93847.37
2024-12-24,18.6786,2616.87,98322.95
2024-12-25,18.6642,,98428.04
2024-12-26,18.8422,2633.58,95696.78
2024-12-27,18.7021,2621.4,94400.07
2024-12-28,,,94991.98
2024-12-29,,,93204.92
2024-12-30,18.8106,2606.5,91918.95
2024-12-31,18.8432,2624.5,93714.04
2025-01-01,18.8013,,94771.56
2025-01-02,18.7461,2657.9,97123.79
2025-01-03,18.7232,2640.22,98243.4
2025-01-04,,,98355.29
2025-01-05,,,98482.42
2025-01-06,18.5772,2636.47,101661.91
2025-01-07,18.6955,2648.59,96478.53
2025-01-08,18.9037,2661.94,94457.9
2025-01-09,18.93,2667.25,92106.9
2025-01-10,19.1084,2689.76,94620.17
2025-01-11,,,94907.03
2025-01-12,,,94314.67
2025-01-13,19.0436,2663.16,94171.43
2025-01-14,18.9174,2677.46,96434.37
2025-01-15,18.7822,2696.32,99678.9
2025-01-16,18.83,2714.31,100135.61
2025-01-17,18.749,2703.25,104640.01
2025-01-18,,,103803.41
2025-01-19,,,103556.31
2025-01-20,18.5389,2708.21,102494.61
2025-01-21,18.5031,2744.81,106788.72
2025-01-22,18.4877,2756.48,104071.31
2025-01-23,18.505,2754.87,103131.11
2025-01-24,18.4009,2770.58,105111.41
2025-01-25,,,105075.31
2025-01-26,,,104566.11
2025-01-27,18.7303,2740.81,101341.41
2025-01-28,18.6863,2763.51,100287.01
2025-01-29,18.5384,2759.36,103751.41
2025-01-30,18.5944,2794.59,105059.41
2025-01-31,18.6694,2798.41,102110.01
2025-02-01,,,101190.91
2025-02-02,,,96996.87
2025-02-03,18.7466,2815.21,101934.81
2025-02-04,18.6755,2842.71,96530.36
2025-02-05,18.5589,2867.24,96935.73
2025-02-06,18.4374,2856.28,96811.79
2025-02-07,18.403,2861.07,96019.98
2025-02-08,,,96556.21
2025-02-09,,,95224.76
2025-02-10,18.448,2908.26,97402.99
2025-02-11,18.4755,2897.91,96376.21
2025-02-12,18.5269,2904.04,97663.11
2025-02-13,18.4914,2928.21,96491.67
2025-02-14,18.3875,2882.53,97503.15
2025-02-15,,,97689.24
2025-02-16,,,97188.39
2025-02-17,18.3997,2896.56,96417.79
2025-02-18,18.405,2936.02,95008.45
2025-02-19,18.5216,2933.39,96315.42
2025-02-20,18.3459,2938.98,98131.18
2025-02-21,18.3844,2936.05,95325.37
2025-02-22,,,96672.17
2025-02-23,,,95769.24
2025-02-24,18.3826,2951.73,93957.79
2025-02-25,18.4152,2914.98,88701.92
2025-02-26,18.3921,2916.39,84470.18
2025-02-27,18.4626,2877.52,84285.18
2025-02-28,18.6906,2857.83,84212.07
2025-03-01,,,86047.76
2025-03-02,,,94297.71
2025-03-03,18.6071,2892.73,85314.51
2025-03-04,18.4879,2917.89,87499.37
2025-03-05,18.3292,2919.39,90375.01
2025-03-06,18.1302,2911.8,89842.68
2025-03-07,18.2426,2909.1,86282.15
2025-03-08,,,86210.62
2025-03-09,,,83081.54
2025-03-10,18.3335,2888.71,79272.09
2025-03-11,18.2132,2915.9,82785.57
2025-03-12,18.342,2934.77,83107.01
2025-03-13,18.3304,2989.18,80323.17
2025-03-14,18.1969,2984.16,84154.04
2025-03-15,,,84395.01
2025-03-16,,,83217.73
2025-03-17,18.0857,3000.6,83958.01
2025-03-18,18.1444,3034.73,82031.45
2025-03-19,18.1222,3047.79,85377.85
2025-03-20,18.1594,3044.9,84504.07
2025-03-21,18.2281,3022.15,84183.37
2025-03-22,,,83945.35
2025-03-23,,,85121.57
2025-03-24,18.2539,3011.04,87879.82
2025-03-25,18.2709,3020.09,87897.82
2025-03-26,18.2649,3019.38,87286.31
2025-03-27,18.2343,3057.29,87309.14
2025-03-28,18.4307,3085.12,83758.98
2025-03-29,,,82485.15
2025-03-30,,,82531.17
2025-03-31,18.3227,3123.57,82421.29
2025-04-01,18.4723,3113.38,85243.64
2025-04-02,18.8884,3134.17,85653.54
2025-04-03,18.7262,3115.34,82315.85
2025-04-04,19.1367,3038.24,84129.73
2025-04-05,,,83044.57
2025-04-06,,,78807.93
2025-04-07,19.6589,2983.28,78923.14
2025-04-08,19.7634,2983.27,77052.89
2025-04-09,19.2996,3082.7,83173.76
2025-04-10,19.4139,3176.23,79879.18
2025-04-11,19.1686,3237.61,83820.6
2025-04-12,,,85502.31
2025-04-13,,,83479.15
2025-04-14,18.8986,3210.93,84848.06
2025-04-15,19.0372,3230.72,84016.48
2025-04-16,18.849,3343.12,84308.09
2025-04-17,18.8066,3326.85,85139.14
2025-04-18,18.8517,,84501.93
2025-04-19,,,85185.43
2025-04-20,,,85110.53
2025-04-21,18.7437,3423.98,87354.6
2025-04-22,18.6199,3380.63,91177.46
2025-04-23,18.6595,3288.34,93686.03
2025-04-24,18.797,3349.43,93454.23
2025-04-25,18.7106,3319.72,94966.87
2025-04-26,,,94148.9
2025-04-27,,,94300.98
2025-04-28,18.5252,3343.98,94506.03
2025-04-29,18.549,3317.41,94873.95
2025-04-30,18.6057,3288.71,94581.18
2025-05-01,18.5699,3239.2,96463.2
2025-05-02,18.3994,3240.49,97063.65
2025-05-03,,,96360.14
2025-05-04,,,95732.26
2025-05-05,18.2703,3334.12,94240.37
2025-05-06,18.2132,3431.77,94701.79
2025-05-07,18.2651,3364.5,96794.09
2025-05-08,18.2009,3305.72,102616.61
2025-05-09,18.2017,3324.98,103195.81
2025-05-10,,,103195.01
2025-05-11,,,104297.01
2025-05-12,18.2639,3236.39,102693.31
2025-05-13,18.3151,3250.31,104599.51
2025-05-14,18.2697,3177.25,103573.61
2025-05-15,18.0173,3240.1,103463.61
2025-05-16,18.0443,3203.65,103712.31
2025-05-17,,,103406.01
2025-05-18,,,104106.91
2025-05-19,18.0863,3229.56,105485.91
2025-05-20,17.9216,3290.13,106953.22
2025-05-21,17.9608,3314.96,108282.41
2025-05-22,18.0077,3294.52,111092.22
2025-05-23,17.8405,3357.51,108261.31
2025-05-24,,,108896.11
2025-05-25,,,107698.31
2025-05-26,17.8649,3343.84,109619.22
2025-05-27,17.9489,3300.87,109615.91
2025-05-28,17.9303,3287.48,107335.72
2025-05-29,17.8125,3317.94,106179.22
2025-05-30,18.0027,3289.25,104597.81
2025-05-31,,,104834.41
2025-06-01,,,105004.41
2025-06-02,17.8537,3381.59,104931.91
2025-06-03,17.8609,3353.43,105810.72
2025-06-04,17.8237,3372.72,104668.31
2025-06-05,17.7349,3352.65,100503.81
2025-06-06,17.7802,3310.42,104574.41
2025-06-07,,,105921.22
2025-06-08,,,106206.51
2025-06-09,17.7318,3326.19,108770.01
2025-06-10,17.7054,3323.69,109979.61
2025-06-11,17.7301,3355.12,108933.11
2025-06-12,17.776,3385.92,106012.81
2025-06-13,17.9455,3432.34,105472.51
2025-06-14,,,104937.31
2025-06-15,,,104751.41
2025-06-16,17.808,3385.23,108833.22
2025-06-17,18.0214,3388.11,104392.11
2025-06-18,18.0019,3369.38,104836.11
2025-06-19,18.03,3370.9,104297.01
2025-06-20,17.9932,3368.39,103721.91
2025-06-21,,,102815.01
2025-06-22,,,99561.32
2025-06-23,17.8733,3368.48,103802.81
2025-06-24,17.7626,3323.67,106143.11
2025-06-25,17.7528,3332.33,107848.31
2025-06-26,17.8461,3327.92,107811.61
2025-06-27,17.8204,3274.33,107169.81
2025-06-28,,,107223.11
2025-06-29,,,107411.31
2025-06-30,17.7118,3303.14,107606.61
2025-07-01,17.5972,3338.84,105949.31
2025-07-02,17.5655,3357.45,109213.41
2025-07-03,17.5163,3326.12,109985.51
2025-07-04,17.5774,3337.15,107741.81
2025-07-05,,,108137.41
2025-07-06,,,108708.81
2025-07-07,17.8623,3336.5,107900.91
2025-07-08,17.786,3301.92,108682.81
2025-07-09,17.8301,3313.66,110758.81
2025-07-10,17.7471,3324.05,113584.72
2025-07-11,17.9422,3355.59,117730.81
2025-07-12,,,117075.31
2025-07-13,,,119133.81
2025-07-14,17.9078,3343.51,120198.01
2025-07-15,17.927,3324.55,116440.51
2025-07-16,17.8167,3347.13,119972.91
2025-07-17,17.8301,3338.97,119480.12
2025-07-18,17.7154,3349.94,117489.12
2025-07-19,,,117787.31
2025-07-20,,,118139.41
2025-07-21,17.6208,3397.05,116990.81
2025-07-22,17.558,3431.48,119772.22
2025-07-23,17.5284,3387.29,117961.72
2025-07-24,17.6306,3368.68,118780.41
2025-07-25,17.7676,3337.3,117104.31
2025-07-26,,,118004.91
2025-07-27,,,118801.81
2025-07-28,17.8768,3314.61,118040.22
2025-07-29,17.8882,3326.62,117479.31
2025-07-30,17.9979,3275.18,117143.62
2025-07-31,18.2175,3289.93,116491.12
2025-08-01,18.1124,3363.48,113905.41
2025-08-02,,,112759.62
2025-08-03,,,114432.91
2025-08-04,17.9314,3373.59,114821.41
2025-08-05,17.9172,3380.6,113687.51
2025-08-06,17.7731,3369.33,115088.22
2025-08-07,17.7187,3396.38,117239.91
2025-08-08,17.7469,3397.75,116915.22
2025-08-09,,,116798.62
2025-08-10,,,118362.41
2025-08-11,17.7572,3342.37,118856.31
2025-08-12,17.5932,3348.26,120177.31
2025-08-13,17.5205,3355.86,122951.91
2025-08-14,17.5967,3335.39,117957.12
2025-08-15,17.5923,3336.19,117370.81
2025-08-16,,,117733.51
2025-08-17,,,117692.62
2025-08-18,17.6347,3332.72,116474.22
2025-08-19,17.6814,3315.78,113553.72
2025-08-20,17.6712,3348.43,114387.01
2025-08-21,17.7176,3338.71,112420.81
2025-08-22,17.449,3371.86,117042.51
2025-08-23,,,115287.41
2025-08-24,,,112773.41
2025-08-25,17.6074,3365.89,109574.81
2025-08-26,17.6311,3393.57,111356.41
2025-08-27,17.6938,3397.37,112421.91
2025-08-28,17.6977,3417.08,111924.51
2025-08-29,17.6566,3447.95,107800.31
2025-08-30,,,108662.61
2025-08-31,,,109127.01
2025-09-01,17.6175,3476.07,108873.11
2025-09-02,17.6907,3533.16,111424.51
2025-09-03,17.6643,3559.42,112263.72
2025-09-04,17.7787,3545.85,110407.01
2025-09-05,17.59,3586.69,111644.51
2025-09-06,,,110192.81
2025-09-07,,,111336.31
2025-09-08,17.4953,3635.98,111986.51
2025-09-09,17.5434,3626.63,111517.81
2025-09-10,17.4875,3640.75,113618.81
2025-09-11,17.3618,3634.07,114428.01
2025-09-12,17.3909,3643.14,116255.31
2025-09-13,,,115966.22
2025-09-14,,,115855.62
2025-09-15,17.3597,3678.99,115409.81
2025-09-16,17.3391,3689.98,116894.22
2025-09-17,17.399,3659.9,115656.22
2025-09-18,17.3505,3644.28,117579.51
2025-09-19,17.3437,3685.3,115389.41
2025-09-20,,,115813.81
2025-09-21,,,115405.51
2025-09-22,17.326,3746.7,112849.41
2025-09-23,17.2454,3764.01,112017.31
2025-09-24,17.3465,3736.16,113571.01
2025-09-25,17.4266,3749.44,109200.61
2025-09-26,17.3366,3759.98,109361.22
2025-09-27,,,109441.61
2025-09-28,,,110847.81
2025-09-29,17.2726,3833.55,114322.62
2025-09-30,17.2704,3858.96,114640.81
2025-10-01,17.2324,3865.74,117592.31
2025-10-02,17.2919,3856.58,120711.41
2025-10-03,17.2349,3886.54,122545.41
2025-10-04,,,121944.31
2025-10-05,,,122764.62
2025-10-06,17.1716,3960.98,125260.81
2025-10-07,17.2208,3984.85,122014.51
2025-10-08,17.1569,4042.03,122903.51
2025-10-09,17.2153,3976.86,121175.51
2025-10-10,17.5045,4017.79,114341.41
2025-10-11,,,110395.22
2025-10-12,,,115024.31
2025-10-13,17.3184,4110.27,115818.41
2025-10-14,17.3829,4142.94,113054.72
2025-10-15,17.3513,4207.48,111177.01
2025-10-16,17.3396,4326.58,107886.31
2025-10-17,17.3699,4251.82,107048.51
2025-10-18,,,107071.41
2025-10-19,,,108907.61
2025-10-20,17.2309,4356.3,111128.51
2025-10-21,17.3984,4125.22,110857.91
2025-10-22,17.4115,4098.42,107689.61
2025-10-23,17.3298,4126.28,109568.01
2025-10-24,17.266,4113.05,110916.61
2025-10-25,,,111459.41
2025-10-26,,,113334.01
2025-10-27,17.2221,3982.21,114469.62
2025-10-28,17.156,3952.14,112832.31
2025-10-29,17.2012,3930.07,111451.31
2025-10-30,17.2853,4024.54,107508.72
2025-10-31,17.3325,4002.92,109428.01
2025-11-01,,,110377.51
2025-11-02,,,109992.01
2025-11-03,17.319,4001.42,106866.61
2025-11-04,17.5117,3932.09,100265.51
2025-11-05,17.4181,3979.57,103659.22
2025-11-06,17.3765,3977.21,101080.61
2025-11-07,17.3037,4001.26,103837.91
2025-11-08,,,102254.51
2025-11-09,,,104512.22
2025-11-10,17.1604,4115.76,105603.81
2025-11-11,17.1596,4126.85,102606.22
2025-11-12,17.0843,4195.39,101900.31
2025-11-13,17.0426,4171.52,98756.81
2025-11-14,17.0904,4084.06,94976.64
2025-11-15,,,95212.87
2025-11-16,,,93430.98
2025-11-17,17.1728,4044.96,91826.57
2025-11-18,17.1851,4067.24,92452.39
2025-11-19,17.1966,4077.98,90506.32
2025-11-20,17.2419,4077.19,87205.26
2025-11-21,17.3783,4065.14,85123.35
2025-11-22,,,84358.09
2025-11-23,,,87966.1
2025-11-24,17.2964,4136.31,88763.7
2025-11-25,17.2196,4130.69,87002.26
2025-11-26,17.1405,4162.15,90189.32
2025-11-27,17.1564,4157.61,91410.67
2025-11-28,17.113,4239.43,90914.64
2025-11-29,,,91035.56
2025-11-30,,,91176.49
2025-12-01,17.0915,4232.21,86446.15
2025-12-02,17.1108,4205.85,91610.6
2025-12-03,17.0394,4203.08,93722.09
2025-12-04,16.9961,4207.62,92175.09
2025-12-05,16.9338,4197.78,89203.45
2025-12-06,,,89446.56
2025-12-07,,,90233.89
2025-12-08,17.042,4190.66,91331.98
2025-12-09,17.0542,4208.24,92665.29
2025-12-10,16.9332,4228.84,92396.1
2025-12-11,16.8701,4280.18,92885.26
2025-12-12,16.8854,4299.63,90200.1
2025-12-13,,,90182.04
2025-12-14,,,88464.39
2025-12-15,16.7962,4305.01,86204.45
2025-12-16,16.7593,4302.32,87748.95
2025-12-17,16.7741,4338.33,85948.73
2025-12-18,16.7339,4332.62,85582.89
2025-12-19,16.7764,4338.88,87787.12
2025-12-20,,,88176.03
2025-12-21,,,88141.98
2025-12-22,16.7106,4443.6,88230.04
2025-12-23,16.6841,4484.47,87661.45
2025-12-24,16.6653,4479.42,87631.35
2025-12-25,16.6607,,87844.71
2025-12-26,16.6614,4533.21,87394.85
2025-12-27,,,87601.51
2025-12-28,,,87518.71
2025-12-29,16.6778,4332.35,87216.14
2025-12-30,16.5929,4339.49,88185.04
2025-12-31,16.5611,4319.37,87647.54
2026-01-01,16.5949,,88274.74
2026-01-02,16.4952,4332.29,90027.45
2026-01-03,,,90511.79
2026-01-04,,,91238.21
2026-01-05,16.3708,4449.15,94095.49
2026-01-06,16.3556,4494.83,93217.31
2026-01-07,16.4532,4456.47,91007.95
2026-01-08,16.5294,4477.65,91199.98
2026-01-09,16.4926,4509.5,90421.57
2026-01-10,,,90395.54
2026-01-11,,,90627.48
2026-01-12,16.3902,4597.51,90971.64
2026-01-13,16.4022,4586.52,94074.01
2026-01-14,16.4058,4626.58,97557.56
2026-01-15,16.3349,4616.15,95550.2
2026-01-16,16.4049,4596.09,95475.98
2026-01-17,,,95264.48
2026-01-18,,,95386.51
2026-01-19,16.3829,4670.89,92943.64
2026-01-20,16.4248,4763.43,89368.51
2026-01-21,16.261,4831.73,90180.76
2026-01-22,16.1326,4936.02,89167.85
2026-01-23,16.1274,4987.49,89236.37
2026-01-24,,,89247.78
2026-01-25,,,86485.21
2026-01-26,16.049,5008.7,87974.04
2026-01-27,15.8626,5180.16,88957.73
2026-01-28,15.7732,5417.21,89277.17
2026-01-29,15.7379,5375.24,84382.28
2026-01-30,16.1469,4894.23,84162.39
2026-01-31,,,78197.32
2026-02-01,,,76433.17
2026-02-02,16.0879,4661.38,78462.48
2026-02-03,15.9556,4946.76,76140.48
2026-02-04,16.0739,4964.93,72627.14
2026-02-05,16.3092,4779.05,63083.01
2026-02-06,16.0311,4964.36,70312.76
2026-02-07,,,69454.82
2026-02-08,,,70665.59
2026-02-09,15.8986,5057.8,70368.04
2026-02-10,15.9511,5025.45,68613.68
2026-02-11,15.8695,5084.39,67757.23
2026-02-12,15.9611,4922.19,65781.43
2026-02-13,15.9457,5042.04,68863.95
2026-02-14,,,69889.04
2026-02-15,,,68820.04
2026-02-16,15.9795,4992.08,68826.35
2026-02-17,16.0204,4877.89,67639.48
2026-02-18,16.0644,4977.56,66305.35
2026-02-19,16.1441,4996.1,66896.2
2026-02-20,16.0388,5107.45,67798.62
2026-02-21,,,68365.62
2026-02-22,,,67582.41
2026-02-23,16.02,5227.42,64563.47
2026-02-24,15.9773,5143.85,64046.98
2026-02-25,15.849,5164.78,68945.28
2026-02-26,15.936,5184.97,67465.64
2026-02-27,15.9364,5278.93,65527.34
2026-02-28,,,66723.7
2026-03-01,,,65678.1
2026-03-02,16.1024,5322.12,69423.73
2026-03-03,16.528,5088.83,68033.05
2026-03-04,16.3467,5140.36,73340.89
2026-03-05,16.6538,5082.3,71142.01
2026-03-06,16.548,5171.74,68283.96
2026-03-07,,,67448.87
2026-03-08,,,67219.4
2026-03-09,16.3004,5138.53,68982.35
2026-03-10,16.291,5191.98,70249.53
2026-03-11,16.4893,5176.46,70649.91
2026-03-12,16.7994,5079.21,70182.1
2026-03-13,16.9325,5019.49,71357.15
2026-03-14,,,70824.49
2026-03-15,,,71741.23
2026-03-16,16.675,5006.41,74235.49
2026-03-17,16.6687,5005.61,74540.1
2026-03-18,16.9898,4818.5,71227.74
2026-03-19,16.7628,4650.02,70491.6
2026-03-20,17.0508,4564.63,69637.84
