tenor,ticker,px_bid,px_ask,settle_dt
Spot,ZAR BGN Curncy,16.4138,16.4188,2026-09-30
1 Year,ZAR12M BGN Curncy,4156.0,4247.0,2027-09-30
15 Months,ZAR15M BGN Curncy,5136.0,5335.0,2027-12-31
18 Months,ZAR18M BGN Curncy,6177.0,6377.0,2028-03-31
1 Month,ZAR1M BGN Curncy,366.0,373.0,2026-10-30
1 Week,ZAR1W BGN Curncy,86.0,90.0,2026-10-07
2 Months,ZAR2M BGN Curncy,720.0,735.0,2026-11-30
2 Weeks,ZAR2W BGN Curncy,168.0,176.0,2026-10-14
2 Years,ZAR2Y BGN Curncy,8249.0,8649.0,2028-09-29
3 Months,ZAR3M BGN Curncy,1075.0,1093.0,2026-12-31
3 Weeks,ZAR3W BGN Curncy,252.0,262.0,2026-10-21
3 Years,ZAR3Y BGN Curncy,13328.0,13821.0,2029-09-28
4 Months,ZAR4M BGN Curncy,1388.0,1419.0,2027-01-29
4 Years,ZAR4Y BGN Curncy,18285.0,18878.0,2030-09-30
5 Months,ZAR5M BGN Curncy,1710.0,1749.0,2027-02-26
5 Years,ZAR5Y BGN Curncy,23969.0,25334.0,2031-09-30
6 Months,ZAR6M BGN Curncy,2083.0,2133.0,2027-03-31
6 Years,ZAR6Y BGN Curncy,27290.0,28573.0,2032-09-30
9 Months,ZAR9M BGN Curncy,3115.0,3193.0,2027-06-30
Overnight,ZARON BGN Curncy,13.0,16.0,2026-09-29
Spot Next,ZARSN BGN Curncy,13.0,15.0,2026-10-01
Tom Next,ZARTN BGN Curncy,14.0,15.0,2026-09-30
