date,XAA Comdty,XOA Comdty,XWA Comdty
2021-09-27,99.6,106.5,126.55
2021-09-28,96.3,106.3,125.2
2021-09-29,96.95,106.5,125.35
2021-09-30,101.15,110.15,127.1
2021-10-01,106.4,114.15,129.45
2021-10-04,109.0,116.25,130.65
2021-10-05,109.15,118.3,131.75
2021-10-06,90.75,103.45,122.75
2021-10-07,93.7,101.7,115.5
2021-10-08,89.8,98.0,110.55
2021-10-11,93.9,101.25,118.15
2021-10-12,95.05,102.95,119.3
2021-10-13,95.45,104.35,118.1
2021-10-14,93.9,104.35,114.6
2021-10-15,92.85,100.1,112.2
2021-10-18,91.55,98.95,112.95
2021-10-19,91.6,99.15,111.9
2021-10-20,91.4,97.8,108.95
2021-10-21,89.3,100.2,106.95
2021-10-22,89.0,98.15,102.4
2021-10-25,93.35,93.25,108.05
2021-10-26,89.05,89.45,108.4
2021-10-27,87.1,85.45,103.8
2021-10-28,83.15,79.95,102.65
2021-10-29,81.95,81.75,97.65
2021-11-01,78.3,79.25,93.1
2021-11-02,80.85,72.05,95.15
2021-11-03,90.6,87.4,104.05
2021-11-04,87.6,88.5,102.2
2021-11-05,89.1,88.9,103.9
2021-11-08,93.5,92.9,109.9
2021-11-09,90.45,90.0,107.1
2021-11-10,87.6,87.1,103.05
2021-11-11,88.3,85.35,105.2
2021-11-12,86.7,84.0,105.05
2021-11-15,88.15,82.9,107.3
2021-11-16,92.15,90.65,110.75
2021-11-17,93.95,92.0,111.05
2021-11-18,95.55,95.35,113.65
2021-11-19,96.8,97.3,116.0
2021-11-22,99.05,99.35,119.8
2021-11-23,104.5,107.85,124.1
2021-11-24,108.55,112.95,127.7
2021-11-25,106.25,108.8,125.05
2021-11-26,96.7,98.75,122.65
2021-11-29,89.3,81.85,113.85
2021-11-30,82.4,74.05,109.05
2021-12-01,99.9,92.1,115.5
2021-12-02,98.35,90.6,114.2
2021-12-03,94.1,91.05,112.8
2021-12-06,95.95,93.55,112.5
2021-12-07,97.55,97.05,114.95
2021-12-08,100.0,98.4,119.25
2021-12-09,99.05,96.65,118.1
2021-12-10,100.85,99.25,121.2
2021-12-13,103.15,102.1,122.0
2021-12-14,104.65,103.0,123.15
2021-12-15,104.2,101.6,122.05
2021-12-16,104.9,103.1,123.8
2021-12-17,103.0,99.6,124.2
2021-12-20,102.45,96.6,126.7
2021-12-21,102.4,96.1,127.65
2021-12-22,103.25,96.4,126.55
2021-12-23,97.25,93.95,121.8
2021-12-24,97.1,94.05,121.9
2021-12-27,91.95,90.55,117.45
2021-12-28,91.75,91.4,117.15
2021-12-29,82.45,86.25,109.6
2021-12-30,81.95,81.45,109.75
2021-12-31,80.8,80.7,110.9
2022-01-03,83.15,80.85,111.4
2022-01-04,87.2,85.95,114.5
2022-01-05,93.6,92.35,112.9
2022-01-06,95.05,93.55,112.15
2022-01-07,91.45,90.2,109.45
2022-01-10,89.95,89.65,105.85
2022-01-11,88.85,86.1,103.0
2022-01-12,91.45,90.0,105.2
2022-01-13,96.2,93.15,112.1
2022-01-14,97.25,96.4,117.45
2022-01-17,100.3,100.55,122.85
2022-01-18,101.8,102.35,125.3
2022-01-19,101.2,101.5,127.15
2022-01-20,99.05,98.4,124.15
2022-01-21,101.65,100.2,126.6
2022-01-24,104.05,102.6,125.75
2022-01-25,103.85,102.5,128.25
2022-01-26,104.75,103.3,130.85
2022-01-27,103.45,102.05,129.7
2022-01-28,106.1,104.35,130.75
2022-01-31,102.6,101.35,128.7
2022-02-01,101.4,102.1,126.2
2022-02-02,101.8,101.2,127.15
2022-02-03,101.4,100.75,124.75
2022-02-04,105.4,104.25,129.1
2022-02-07,104.9,103.7,128.75
2022-02-08,105.3,104.1,129.05
2022-02-09,105.35,104.25,127.3
2022-02-10,103.2,101.25,126.25
2022-02-11,100.65,99.55,125.0
2022-02-14,104.55,103.35,125.55
2022-02-15,102.85,101.7,124.45
2022-02-16,101.3,99.45,121.55
2022-02-17,98.75,99.65,119.1
2022-02-18,100.55,98.7,124.3
2022-02-21,106.4,104.4,128.15
2022-02-22,107.95,106.35,130.0
2022-02-23,110.4,109.2,134.65
2022-02-24,115.7,113.7,149.0
2022-02-25,104.45,102.8,123.7
2022-02-28,117.25,118.2,144.25
2022-03-01,132.0,139.9,165.1
2022-03-02,171.95,198.85,220.0
2022-03-03,122.85,141.15,147.8
2022-03-04,148.6,145.4,154.2
2022-03-07,149.8,141.0,141.9
2022-03-08,141.15,135.75,142.7
2022-03-09,124.2,125.0,132.6
2022-03-10,121.05,103.0,127.35
2022-03-11,122.05,104.25,122.25
2022-03-14,107.85,107.4,127.2
2022-03-15,109.15,113.8,124.45
2022-03-16,107.75,106.4,121.1
2022-03-17,106.1,111.15,127.8
2022-03-18,109.8,111.9,123.3
2022-03-21,109.2,111.65,118.95
2022-03-22,115.65,115.45,127.65
2022-03-23,123.55,130.3,135.35
2022-03-24,118.05,127.35,131.75
2022-03-25,109.8,113.7,125.0
2022-03-28,115.05,116.05,123.85
2022-03-29,116.45,112.8,127.45
2022-03-30,121.85,121.65,135.8
2022-03-31,125.55,127.3,134.6
2022-04-01,123.15,128.3,135.05
2022-04-04,123.55,130.15,139.0
2022-04-05,133.5,141.9,140.15
2022-04-06,135.3,149.0,140.75
2022-04-07,132.4,144.3,145.0
2022-04-08,143.7,155.8,155.7
2022-04-11,143.9,155.95,155.95
2022-04-12,149.8,160.75,162.4
2022-04-13,152.95,160.15,162.6
2022-04-14,153.2,157.1,162.75
2022-04-18,153.2,157.1,162.75
2022-04-19,155.45,158.7,165.05
2022-04-20,158.1,161.35,165.0
2022-04-21,162.6,164.7,165.95
2022-04-22,171.2,165.55,181.9
2022-04-25,172.45,162.05,184.15
2022-04-26,167.95,159.85,174.75
2022-04-27,169.25,163.55,173.6
2022-04-28,161.2,157.4,171.9
2022-04-29,160.1,156.25,168.1
2022-05-02,159.9,156.75,168.55
2022-05-03,169.5,164.6,182.75
2022-05-04,182.7,172.3,198.1
2022-05-05,185.2,183.7,195.1
2022-05-06,183.35,184.4,197.5
2022-05-09,169.3,176.65,189.1
2022-05-10,177.1,171.1,190.25
2022-05-11,181.1,169.15,197.5
2022-05-12,186.25,170.6,203.75
2022-05-13,183.25,170.85,200.95
2022-05-16,188.0,176.5,204.4
2022-05-17,195.7,178.6,209.5
2022-05-18,194.45,178.85,202.8
2022-05-19,205.0,186.3,205.9
2022-05-20,210.25,199.2,219.35
2022-05-23,203.35,187.45,211.05
2022-05-24,189.3,172.3,195.55
2022-05-25,188.25,167.8,191.5
2022-05-26,182.9,170.0,212.85
2022-05-27,181.5,168.55,216.15
2022-05-30,183.7,165.6,223.65
2022-05-31,181.3,167.65,229.8
2022-06-01,176.1,159.75,218.55
2022-06-02,177.5,160.25,219.05
2022-06-03,177.5,160.25,219.05
2022-06-06,177.95,159.6,222.45
2022-06-07,177.7,158.85,216.25
2022-06-08,177.65,154.7,214.45
2022-06-09,181.15,161.7,216.1
2022-06-10,180.3,169.9,205.45
2022-06-13,180.1,171.6,212.9
2022-06-14,184.1,179.9,214.15
2022-06-15,195.05,183.55,230.55
2022-06-16,194.25,189.7,232.8
2022-06-17,197.35,188.95,237.85
2022-06-20,200.45,192.55,240.7
2022-06-21,217.65,212.3,237.0
2022-06-22,206.4,209.9,230.05
2022-06-23,205.3,208.75,230.4
2022-06-24,190.15,192.6,221.4
2022-06-27,192.25,193.75,224.05
2022-06-28,189.15,182.55,226.45
2022-06-29,190.3,182.7,222.35
2022-06-30,191.45,185.5,225.6
2022-07-01,190.2,182.6,224.8
2022-07-04,200.7,191.55,232.7
2022-07-05,193.8,184.2,233.75
2022-07-06,201.95,188.05,234.5
2022-07-07,206.3,195.7,235.2
2022-07-08,209.65,194.8,232.2
2022-07-11,215.2,198.95,240.6
2022-07-12,217.85,199.4,245.6
2022-07-13,216.2,198.5,239.4
2022-07-14,212.95,193.85,231.15
2022-07-15,208.55,187.65,229.55
2022-07-18,199.75,177.05,217.45
2022-07-19,205.5,185.55,224.75
2022-07-20,206.25,183.6,228.15
2022-07-21,206.5,182.8,223.0
2022-07-22,208.4,183.4,220.95
2022-07-25,214.9,192.85,238.45
2022-07-26,228.3,205.6,254.25
2022-07-27,225.3,202.35,247.25
2022-07-28,228.5,212.65,260.8
2022-07-29,219.6,202.25,257.7
2022-08-01,214.45,197.6,254.3
2022-08-02,219.3,199.5,253.25
2022-08-03,216.6,195.15,251.75
2022-08-04,198.75,189.7,233.4
2022-08-05,191.95,173.05,225.9
2022-08-08,185.05,170.1,228.6
2022-08-09,191.5,180.65,232.65
2022-08-10,207.55,196.3,242.9
2022-08-11,204.9,192.95,237.75
2022-08-12,209.7,197.45,234.8
2022-08-15,226.15,215.1,242.95
2022-08-16,231.95,222.95,249.35
2022-08-17,250.85,231.85,254.95
2022-08-18,257.25,238.1,253.1
2022-08-19,273.1,246.15,260.15
2022-08-22,281.35,256.4,269.75
2022-08-23,264.0,249.75,256.95
2022-08-24,265.05,252.15,259.7
2022-08-25,262.7,246.9,258.8
2022-08-26,267.6,251.6,261.05
2022-08-29,266.15,248.1,256.8
2022-08-30,256.25,256.5,270.65
2022-08-31,267.3,253.65,276.95
2022-09-01,275.1,263.95,280.35
2022-09-02,280.7,268.75,289.9
2022-09-05,299.4,293.2,306.9
2022-09-06,293.05,290.2,302.65
2022-09-07,282.75,281.4,290.1
2022-09-08,272.25,268.45,286.75
2022-09-09,270.5,265.1,285.95
2022-09-12,264.45,259.4,287.95
2022-09-13,277.15,270.45,302.75
2022-09-14,282.7,274.85,307.0
2022-09-15,271.7,264.15,306.3
2022-09-16,263.55,253.5,294.6
2022-09-19,264.6,254.45,296.25
2022-09-20,252.35,254.1,304.65
2022-09-21,249.35,259.15,315.85
2022-09-22,246.25,258.15,307.95
2022-09-23,245.05,254.25,300.35
2022-09-26,245.25,238.4,303.0
2022-09-27,233.5,239.55,299.75
2022-09-28,241.25,241.5,291.35
2022-09-29,245.4,249.4,285.4
2022-09-30,241.8,246.4,289.35
2022-10-03,238.8,246.95,286.3
2022-10-04,233.1,241.3,285.35
2022-10-05,226.85,238.45,284.15
2022-10-06,210.15,210.05,282.4
2022-10-07,209.65,208.1,270.15
2022-10-10,211.15,209.85,263.25
2022-10-11,224.15,210.7,270.75
2022-10-12,238.5,225.4,284.45
2022-10-13,230.55,213.9,275.85
2022-10-14,232.7,219.2,281.4
2022-10-17,231.95,214.75,281.1
2022-10-18,226.9,213.7,277.05
2022-10-19,225.45,214.75,278.55
2022-10-20,225.6,213.15,279.35
2022-10-21,225.75,208.1,276.35
2022-10-24,223.65,204.15,274.6
2022-10-25,224.7,207.45,273.05
2022-10-26,222.25,205.2,269.3
2022-10-27,218.25,201.3,269.7
2022-10-28,218.6,204.3,273.15
2022-10-31,200.65,190.6,259.25
2022-11-01,197.9,193.0,264.1
2022-11-02,200.65,200.0,269.3
2022-11-03,192.45,191.65,267.0
2022-11-04,187.15,186.2,262.3
2022-11-07,175.15,167.75,253.5
2022-11-08,169.95,160.85,239.5
2022-11-09,169.95,158.2,232.25
2022-11-10,176.15,160.3,228.2
2022-11-11,169.05,159.4,232.35
2022-11-14,177.45,159.7,225.85
2022-11-15,183.05,165.0,239.85
2022-11-16,177.15,158.85,238.25
2022-11-17,177.65,160.35,240.55
2022-11-18,179.0,163.05,245.15
2022-11-21,192.25,179.9,253.2
2022-11-22,202.5,181.2,258.15
2022-11-23,209.55,185.9,260.7
2022-11-24,204.75,184.1,260.05
2022-11-25,206.15,183.35,263.7
2022-11-28,209.0,194.65,277.45
2022-11-29,220.8,200.75,282.6
2022-11-30,235.0,211.25,286.35
2022-12-01,230.5,212.0,277.8
2022-12-02,232.95,215.1,287.15
2022-12-05,234.45,214.05,298.25
2022-12-06,230.85,216.4,300.1
2022-12-07,230.7,211.45,293.85
2022-12-08,225.05,205.35,283.1
2022-12-09,225.5,210.05,290.65
2022-12-12,211.7,202.7,286.15
2022-12-13,214.05,200.95,288.5
2022-12-14,207.45,198.0,286.9
2022-12-15,198.55,194.05,281.0
2022-12-16,188.7,187.8,277.7
2022-12-19,184.9,183.4,274.1
2022-12-20,181.45,174.25,269.25
2022-12-21,178.5,170.15,258.7
2022-12-22,172.05,161.45,254.95
2022-12-23,166.3,157.45,253.3
2022-12-27,157.75,151.45,252.7
2022-12-28,162.15,150.4,256.05
2022-12-29,164.75,152.2,258.2
2022-12-30,166.15,153.9,252.8
2023-01-03,163.4,151.25,248.7
2023-01-04,156.0,151.15,248.3
2023-01-05,159.1,148.2,244.75
2023-01-06,156.9,145.6,243.25
2023-01-09,158.9,144.85,240.3
2023-01-10,158.45,144.85,236.35
2023-01-11,153.9,143.45,203.35
2023-01-12,161.4,151.15,209.05
2023-01-13,158.9,150.55,203.7
2023-01-16,150.1,138.8,197.45
2023-01-17,160.95,150.15,214.15
2023-01-18,165.8,153.85,220.2
2023-01-19,169.75,158.7,227.9
2023-01-20,168.75,157.0,226.0
2023-01-23,167.95,159.65,224.05
2023-01-24,159.45,148.1,215.75
2023-01-25,140.5,130.7,201.2
2023-01-26,138.4,128.55,206.65
2023-01-27,141.2,128.5,210.5
2023-01-30,142.2,128.3,211.5
2023-01-31,142.05,129.2,208.85
2023-02-01,143.9,127.65,204.05
2023-02-02,139.9,126.2,199.85
2023-02-03,140.4,130.9,187.4
2023-02-06,142.95,137.4,196.9
2023-02-07,132.3,126.05,201.4
2023-02-08,126.45,121.2,185.2
2023-02-09,122.55,116.95,174.55
2023-02-10,131.2,125.5,176.3
2023-02-13,129.2,124.2,173.2
2023-02-14,130.6,126.3,171.5
2023-02-15,136.15,128.4,172.65
2023-02-16,135.55,126.2,167.7
2023-02-17,135.1,121.15,160.2
2023-02-20,131.8,121.0,160.35
2023-02-21,135.35,121.15,176.85
2023-02-22,137.1,122.05,177.55
2023-02-23,138.3,130.0,177.5
2023-02-24,147.8,133.0,179.35
2023-02-27,142.45,131.55,174.8
2023-02-28,140.5,134.55,174.8
2023-03-01,141.1,135.95,175.75
2023-03-02,139.35,131.0,175.15
2023-03-03,125.45,127.05,171.3
2023-03-06,117.5,117.35,168.3
2023-03-07,120.65,123.25,166.2
2023-03-08,120.3,122.05,168.7
2023-03-09,122.15,124.15,170.25
2023-03-10,128.9,129.8,172.85
2023-03-13,130.05,130.9,173.95
2023-03-14,127.45,129.6,171.35
2023-03-15,123.3,125.15,168.7
2023-03-16,122.55,125.2,167.2
2023-03-17,117.9,121.5,163.0
2023-03-20,115.55,121.7,161.0
2023-03-21,124.6,124.75,161.9
2023-03-22,120.6,124.45,161.6
2023-03-23,119.7,122.1,161.45
2023-03-24,119.4,120.2,160.75
2023-03-27,123.1,122.85,163.05
2023-03-28,127.05,127.85,168.5
2023-03-29,127.6,131.1,169.35
2023-03-30,128.85,129.7,172.8
2023-03-31,133.15,131.2,179.15
2023-04-03,141.3,133.1,185.6
2023-04-04,136.1,127.15,178.05
2023-04-05,135.15,128.65,176.55
2023-04-06,128.75,127.05,164.15
2023-04-10,128.75,127.05,164.15
2023-04-11,121.25,124.9,173.55
2023-04-12,125.75,129.35,172.4
2023-04-13,121.0,123.15,161.45
2023-04-14,118.45,120.85,158.7
2023-04-17,119.3,121.25,159.15
2023-04-18,120.5,118.45,155.2
2023-04-19,124.35,120.4,164.65
2023-04-20,128.25,122.4,168.05
2023-04-21,129.3,124.85,166.2
2023-04-24,125.3,126.15,164.55
2023-04-25,132.65,136.35,164.25
2023-04-26,131.35,133.25,162.6
2023-04-27,134.25,134.5,166.4
2023-04-28,135.2,134.9,164.65
2023-05-01,135.2,134.9,164.65
2023-05-02,135.55,134.05,166.7
2023-05-03,130.65,129.55,162.7
2023-05-04,125.85,127.35,159.05
2023-05-05,127.3,125.3,159.7
2023-05-08,128.1,125.25,159.7
2023-05-09,125.55,125.65,155.1
2023-05-10,119.35,119.4,150.9
2023-05-11,117.3,118.2,148.45
2023-05-12,116.2,117.75,149.7
2023-05-15,112.55,116.15,148.75
2023-05-16,103.75,111.75,146.9
2023-05-17,105.8,112.6,150.0
2023-05-18,100.85,109.15,144.15
2023-05-19,105.6,110.6,147.2
2023-05-22,103.9,107.9,142.6
2023-05-23,100.75,103.25,139.85
2023-05-24,97.7,102.65,131.4
2023-05-25,93.9,102.6,126.4
2023-05-26,92.65,100.9,127.6
2023-05-29,92.65,100.9,127.6
2023-05-30,88.45,97.15,126.2
2023-05-31,88.8,98.35,128.65
2023-06-01,87.05,95.65,125.7
2023-06-02,90.25,100.35,127.75
2023-06-05,102.25,104.6,130.4
2023-06-06,95.9,100.3,130.1
2023-06-07,99.75,102.65,132.45
2023-06-08,102.1,104.2,133.85
2023-06-09,105.0,102.4,133.9
2023-06-12,103.4,100.4,130.85
2023-06-13,106.65,101.8,128.15
2023-06-14,109.1,103.1,128.5
2023-06-15,111.8,104.7,134.55
2023-06-16,109.85,103.0,133.6
2023-06-19,109.05,102.3,133.1
2023-06-20,112.7,103.45,137.25
2023-06-21,111.9,103.35,135.75
2023-06-22,110.9,102.3,137.45
2023-06-23,110.45,99.6,134.8
2023-06-26,110.8,99.2,136.4
2023-06-27,114.05,102.9,139.45
2023-06-28,108.65,103.95,147.2
2023-06-29,112.3,103.15,149.7
2023-06-30,110.45,106.2,151.6
2023-07-03,107.65,107.45,151.25
2023-07-04,111.45,107.75,150.75
2023-07-05,113.25,108.65,149.5
2023-07-06,109.75,104.85,144.25
2023-07-07,109.4,104.35,143.7
2023-07-10,104.15,102.75,142.55
2023-07-11,96.75,98.45,137.75
2023-07-12,93.15,95.2,130.5
2023-07-13,92.25,94.5,128.6
2023-07-14,92.95,95.6,133.5
2023-07-17,94.65,95.35,134.45
2023-07-18,101.6,99.7,138.75
2023-07-19,104.8,102.35,138.2
2023-07-20,110.7,103.15,139.3
2023-07-21,115.9,107.55,140.8
2023-07-24,120.95,111.95,143.95
2023-07-25,121.3,116.9,149.7
2023-07-26,119.6,118.25,149.75
2023-07-27,119.7,120.1,148.8
2023-07-28,113.15,119.05,145.7
2023-07-31,114.55,116.6,144.6
2023-08-01,112.15,114.55,142.2
2023-08-02,112.9,115.0,142.8
2023-08-03,116.55,116.95,147.75
2023-08-04,115.2,114.1,145.6
2023-08-07,120.5,116.95,145.7
2023-08-08,120.6,115.85,145.0
2023-08-09,122.8,121.0,149.2
2023-08-10,123.0,119.0,148.4
2023-08-11,122.3,120.0,148.8
2023-08-14,122.65,119.3,149.8
2023-08-15,125.1,118.45,151.3
2023-08-16,124.25,120.95,152.7
2023-08-17,122.35,121.0,152.65
2023-08-18,122.55,121.65,155.45
2023-08-21,123.0,126.35,156.55
2023-08-22,124.05,129.5,160.5
2023-08-23,122.1,124.2,155.5
2023-08-24,119.45,120.85,152.6
2023-08-25,121.6,123.15,156.7
2023-08-28,121.6,123.15,156.7
2023-08-29,120.45,122.5,156.75
2023-08-30,122.7,122.5,153.8
2023-08-31,122.0,121.3,155.05
2023-09-01,120.85,120.65,157.15
2023-09-04,121.8,121.3,156.8
2023-09-05,125.05,122.9,160.85
2023-09-06,121.3,119.0,158.1
2023-09-07,118.7,118.9,159.6
2023-09-08,119.45,119.05,159.55
2023-09-11,120.55,119.9,157.85
2023-09-12,122.35,122.05,157.25
2023-09-13,126.95,123.15,157.7
2023-09-14,126.4,124.5,159.05
2023-09-15,127.9,125.95,159.85
2023-09-18,126.15,122.35,157.3
2023-09-19,127.15,126.25,158.5
2023-09-20,127.2,128.6,156.25
2023-09-21,125.4,127.45,155.15
2023-09-22,125.65,128.1,152.35
2023-09-25,127.65,128.45,153.4
2023-09-26,127.9,128.3,154.45
2023-09-27,129.05,128.0,155.65
2023-09-28,130.65,133.15,157.9
2023-09-29,131.3,132.5,156.7
2023-10-02,126.65,130.0,155.4
2023-10-03,121.7,126.2,148.6
2023-10-04,120.65,123.75,143.7
2023-10-05,120.25,123.95,142.5
2023-10-06,121.25,125.8,143.75
2023-10-09,123.25,129.05,146.6
2023-10-10,128.55,129.45,149.5
2023-10-11,128.45,130.3,148.25
2023-10-12,131.2,132.7,154.3
2023-10-13,137.45,138.95,155.35
2023-10-16,138.35,139.3,154.9
2023-10-17,137.6,138.95,152.4
2023-10-18,136.4,138.5,152.75
2023-10-19,134.15,134.2,149.7
2023-10-20,134.85,135.65,152.25
2023-10-23,134.65,134.05,149.15
2023-10-24,130.05,130.45,143.3
2023-10-25,127.7,127.5,143.0
2023-10-26,128.2,129.1,141.4
2023-10-27,126.55,128.3,140.55
2023-10-30,122.65,123.4,136.45
2023-10-31,118.1,121.65,131.15
2023-11-01,118.0,118.1,133.05
2023-11-02,117.8,118.15,131.8
2023-11-03,115.4,117.35,130.45
2023-11-06,110.3,111.65,128.5
2023-11-07,108.5,109.95,129.5
2023-11-08,110.35,112.3,130.7
2023-11-09,113.5,114.35,131.2
2023-11-10,109.1,110.35,132.1
2023-11-13,109.25,109.95,129.1
2023-11-14,108.85,109.75,127.15
2023-11-15,108.0,109.65,127.6
2023-11-16,107.55,109.3,124.45
2023-11-17,107.8,108.95,124.25
2023-11-20,106.65,107.85,128.85
2023-11-21,107.4,108.85,129.15
2023-11-22,109.8,111.25,130.25
2023-11-23,111.95,113.45,131.7
2023-11-24,113.1,114.0,130.65
2023-11-27,109.65,109.85,129.75
2023-11-28,106.6,107.8,129.55
2023-11-29,106.95,107.6,128.05
2023-11-30,110.7,112.15,132.6
2023-12-01,112.8,113.95,133.7
2023-12-04,109.25,113.35,134.95
2023-12-05,108.5,109.15,132.95
2023-12-06,110.3,111.1,137.6
2023-12-07,111.3,112.3,143.8
2023-12-08,111.5,112.35,146.75
2023-12-11,108.8,110.05,147.35
2023-12-12,103.1,103.0,138.0
2023-12-13,101.2,102.45,137.7
2023-12-14,100.85,101.95,138.55
2023-12-15,99.6,100.2,137.05
2023-12-18,97.75,99.0,136.15
2023-12-19,97.25,98.1,132.45
2023-12-20,97.35,96.45,129.45
2023-12-21,96.7,97.7,131.25
2023-12-22,96.75,96.1,130.45
2023-12-26,96.75,96.1,130.45
2023-12-27,96.75,97.3,129.15
2023-12-28,95.95,96.95,126.65
2023-12-29,96.4,97.35,125.8
2024-01-02,94.1,96.4,120.9
2024-01-03,95.2,96.2,119.3
2024-01-04,99.7,101.8,122.3
2024-01-05,101.8,103.4,123.95
2024-01-08,102.65,101.85,120.7
2024-01-09,103.3,102.3,123.2
2024-01-10,101.7,101.7,123.7
2024-01-11,100.55,101.75,121.0
2024-01-12,104.15,103.55,120.7
2024-01-15,102.8,102.85,121.0
2024-01-16,102.65,103.4,121.95
2024-01-17,100.45,100.45,121.05
2024-01-18,98.4,101.4,120.5
2024-01-19,96.7,98.35,115.7
2024-01-22,93.1,95.7,115.5
2024-01-23,92.65,94.25,114.3
2024-01-24,95.5,96.1,113.8
2024-01-25,93.85,94.7,112.35
2024-01-26,95.15,96.2,115.55
2024-01-29,96.45,93.95,116.1
2024-01-30,97.55,94.6,118.75
2024-01-31,98.15,96.5,116.3
2024-02-01,95.65,94.85,114.95
2024-02-02,96.95,97.9,117.15
2024-02-05,96.3,97.25,121.35
2024-02-06,96.85,97.7,118.5
2024-02-07,96.1,97.15,119.45
2024-02-08,96.15,97.15,121.75
2024-02-09,94.9,95.9,122.5
2024-02-12,92.85,93.2,122.1
2024-02-13,92.05,91.65,123.8
2024-02-14,92.05,90.7,121.2
2024-02-15,93.25,92.0,121.1
2024-02-16,92.5,91.2,120.05
2024-02-19,91.05,90.15,118.7
2024-02-20,92.2,92.35,120.0
2024-02-21,93.8,94.25,120.65
2024-02-22,93.2,93.6,121.3
2024-02-23,92.8,93.35,121.75
2024-02-26,97.0,95.3,124.7
2024-02-27,99.9,98.05,127.15
2024-02-28,104.3,101.15,127.6
2024-02-29,103.95,100.35,129.1
2024-03-01,106.3,102.75,132.9
2024-03-04,109.35,105.3,136.7
2024-03-05,112.1,106.8,138.05
2024-03-06,112.15,110.75,136.6
2024-03-07,109.0,109.0,136.45
2024-03-08,109.15,109.35,135.7
2024-03-11,105.7,106.5,134.9
2024-03-12,106.9,106.5,133.5
2024-03-13,107.55,107.65,135.65
2024-03-14,109.95,107.65,135.05
2024-03-15,111.25,107.0,136.0
2024-03-18,111.8,107.25,136.4
2024-03-19,112.3,108.65,134.8
2024-03-20,110.9,108.85,134.75
2024-03-21,111.35,108.05,134.3
2024-03-22,111.75,108.6,134.35
2024-03-25,113.4,109.65,136.75
2024-03-26,114.6,110.75,137.4
2024-03-27,118.45,115.7,140.6
2024-03-28,118.7,115.1,140.6
2024-04-01,118.7,115.1,140.6
2024-04-02,121.15,116.4,142.55
2024-04-03,117.3,114.45,139.95
2024-04-04,115.55,113.15,138.6
2024-04-05,116.6,113.8,138.55
2024-04-08,118.25,115.1,137.85
2024-04-09,118.2,115.65,138.95
2024-04-10,118.6,119.0,135.9
2024-04-11,123.2,123.0,142.2
2024-04-12,124.0,124.25,143.9
2024-04-15,122.85,123.55,145.4
2024-04-16,123.7,123.95,147.15
2024-04-17,121.85,122.65,148.25
2024-04-18,123.7,124.15,149.9
2024-04-19,123.35,123.0,149.95
2024-04-22,120.55,120.75,149.4
2024-04-23,119.35,119.15,149.05
2024-04-24,119.3,119.0,148.05
2024-04-25,118.75,118.75,148.65
2024-04-26,114.5,116.15,143.7
2024-04-29,111.3,112.7,142.35
2024-04-30,112.7,114.1,144.6
2024-05-01,113.35,111.5,146.5
2024-05-02,114.75,113.6,146.75
2024-05-03,114.3,112.15,144.1
2024-05-06,115.75,114.95,144.35
2024-05-07,115.0,113.05,145.35
2024-05-08,114.15,112.15,145.15
2024-05-09,115.4,113.2,143.75
2024-05-10,115.05,112.7,144.9
2024-05-13,113.3,111.9,142.65
2024-05-14,112.9,111.8,141.6
2024-05-15,114.05,112.5,140.75
2024-05-16,116.3,115.55,142.4
2024-05-17,117.3,115.8,141.9
2024-05-20,121.35,119.95,143.05
2024-05-21,121.5,117.15,147.2
2024-05-22,121.95,118.2,146.65
2024-05-23,123.1,119.5,148.1
2024-05-24,123.5,121.55,149.7
2024-05-27,124.6,121.6,149.7
2024-05-28,122.95,120.45,147.95
2024-05-29,124.75,120.95,147.55
2024-05-30,127.6,123.65,150.35
2024-05-31,128.6,124.2,151.55
2024-06-03,129.75,125.45,153.5
2024-06-04,126.25,122.85,150.15
2024-06-05,123.7,118.65,146.45
2024-06-06,120.95,117.25,144.35
2024-06-07,119.75,116.5,144.15
2024-06-10,120.95,117.1,143.1
2024-06-11,121.1,116.85,144.25
2024-06-12,122.2,118.55,145.35
2024-06-13,123.0,118.9,145.55
2024-06-14,122.35,119.05,144.65
2024-06-17,122.3,118.2,144.05
2024-06-18,122.65,118.8,145.55
2024-06-19,126.3,121.65,148.1
2024-06-20,126.35,122.6,147.45
2024-06-21,121.95,119.05,144.15
2024-06-24,122.1,119.2,143.65
2024-06-25,121.75,119.35,144.0
2024-06-26,119.55,117.7,143.45
2024-06-27,118.05,117.0,142.55
2024-06-28,116.95,113.95,141.3
2024-07-01,115.4,114.2,140.45
2024-07-02,116.0,114.6,140.4
2024-07-03,116.65,114.35,142.15
2024-07-04,119.75,113.4,143.55
2024-07-05,116.2,114.65,142.45
2024-07-08,114.6,113.4,142.35
2024-07-09,111.5,112.7,141.45
2024-07-10,111.95,111.55,140.0
2024-07-11,111.9,110.9,139.6
2024-07-12,112.8,109.15,143.5
2024-07-15,114.5,110.35,145.0
2024-07-16,116.0,111.8,145.8
2024-07-17,112.95,110.35,143.45
2024-07-18,113.85,110.85,145.45
2024-07-19,114.6,111.15,144.35
2024-07-22,114.0,111.2,142.85
2024-07-23,114.75,110.55,144.15
2024-07-24,117.55,112.35,143.0
2024-07-25,117.55,113.15,142.8
2024-07-26,118.4,115.3,142.95
2024-07-29,119.9,114.65,144.8
2024-07-30,120.25,114.35,145.35
2024-07-31,121.35,114.7,148.95
2024-08-01,124.6,114.7,153.3
2024-08-02,126.25,118.0,154.1
2024-08-05,124.1,115.4,151.95
2024-08-06,127.65,121.25,152.3
2024-08-07,128.1,121.9,154.55
2024-08-08,128.8,122.7,156.75
2024-08-09,130.45,124.25,158.85
2024-08-12,131.15,125.25,156.75
2024-08-13,129.8,125.75,155.95
2024-08-14,131.2,124.35,155.05
2024-08-15,132.15,126.15,155.1
2024-08-16,130.65,126.6,156.8
2024-08-19,130.2,126.2,157.9
2024-08-20,129.45,123.9,156.0
2024-08-21,127.7,121.75,151.35
2024-08-22,127.85,121.8,152.0
2024-08-23,128.4,123.5,153.45
2024-08-26,129.1,123.5,152.2
2024-08-27,130.0,124.95,153.35
2024-08-28,129.1,123.35,151.35
2024-08-29,126.55,123.35,150.4
2024-08-30,127.45,124.5,150.55
2024-09-02,126.7,123.15,148.9
2024-09-03,122.6,121.4,148.7
2024-09-04,120.15,118.6,147.8
2024-09-05,119.8,117.9,148.75
2024-09-06,121.8,119.15,150.3
2024-09-09,121.75,119.45,148.25
2024-09-10,119.3,116.85,147.35
2024-09-11,119.7,117.4,146.45
2024-09-12,117.3,115.75,143.35
2024-09-13,118.6,117.05,143.0
2024-09-16,114.95,113.15,142.85
2024-09-17,118.05,114.5,145.4
2024-09-18,117.45,114.35,145.25
2024-09-19,115.8,113.9,145.7
2024-09-20,117.95,115.5,146.95
2024-09-23,119.6,115.35,148.1
2024-09-24,118.85,114.25,148.5
2024-09-25,121.4,116.25,151.05
2024-09-26,123.65,116.65,152.05
2024-09-27,125.3,118.25,152.65
2024-09-30,126.7,117.8,154.85
2024-10-01,126.15,119.6,152.55
2024-10-02,124.4,118.15,150.9
2024-10-03,126.5,119.7,152.1
2024-10-04,129.95,123.95,158.05
2024-10-07,130.05,123.55,161.45
2024-10-08,128.35,122.35,158.4
2024-10-09,126.85,120.05,154.95
2024-10-10,128.75,123.45,158.55
2024-10-11,128.4,123.0,158.35
2024-10-14,131.25,123.7,160.25
2024-10-15,128.3,122.25,158.1
2024-10-16,124.95,121.0,156.8
2024-10-17,126.5,121.2,156.75
2024-10-18,125.2,121.8,154.8
2024-10-21,126.5,122.5,153.8
2024-10-22,126.25,120.8,152.75
2024-10-23,126.65,121.4,153.75
2024-10-24,128.15,122.3,155.85
2024-10-25,129.5,124.35,155.9
2024-10-28,127.75,121.75,153.95
2024-10-29,129.25,123.5,153.45
2024-10-30,126.8,122.05,152.05
2024-10-31,126.15,120.9,151.55
2024-11-01,125.0,120.4,151.9
2024-11-04,125.7,121.9,151.4
2024-11-05,124.55,120.85,150.85
2024-11-06,123.4,119.95,149.15
2024-11-07,123.95,120.95,149.7
2024-11-08,126.2,121.95,150.95
2024-11-11,128.05,122.95,152.0
2024-11-12,127.6,122.1,151.6
2024-11-13,126.8,121.4,149.95
2024-11-14,129.55,122.75,151.7
2024-11-15,130.6,123.3,152.3
2024-11-18,132.45,125.15,152.05
2024-11-19,130.15,123.35,152.2
2024-11-20,129.8,122.95,151.4
2024-11-21,132.8,125.05,154.95
2024-11-22,131.65,123.75,154.8
2024-11-25,131.5,123.4,153.8
2024-11-26,129.95,121.2,151.9
2024-11-27,128.9,120.55,151.4
2024-11-28,128.15,120.4,151.05
2024-11-29,127.95,120.1,150.6
2024-12-02,126.75,120.15,148.35
2024-12-03,123.65,117.9,148.2
2024-12-04,121.3,116.55,145.75
2024-12-05,120.0,115.85,145.35
2024-12-06,118.15,114.5,145.35
2024-12-09,117.8,113.4,144.95
2024-12-10,118.15,113.95,144.55
2024-12-11,118.45,113.9,144.55
2024-12-12,116.95,114.1,144.25
2024-12-13,115.75,112.55,143.05
2024-12-16,114.55,110.5,141.45
2024-12-17,115.15,111.25,142.85
2024-12-18,113.75,109.95,142.0
2024-12-19,112.65,109.2,141.3
2024-12-20,113.0,108.95,141.3
2024-12-23,113.5,109.25,138.6
2024-12-24,113.15,109.55,138.55
2024-12-26,113.15,109.55,138.55
2024-12-27,116.05,111.25,138.5
2024-12-30,115.6,110.7,138.55
2024-12-31,117.5,112.4,139.6
2025-01-02,117.25,111.35,139.7
2025-01-03,115.75,110.0,137.05
2025-01-06,111.7,107.9,135.0
2025-01-07,111.6,106.95,132.55
2025-01-08,108.7,105.35,132.25
2025-01-09,107.45,104.05,130.4
2025-01-10,107.25,103.55,129.4
2025-01-13,110.75,106.4,131.45
2025-01-14,111.6,106.2,134.75
2025-01-15,111.8,104.95,133.8
2025-01-16,112.0,105.35,133.35
2025-01-17,113.2,108.6,135.1
2025-01-20,117.35,109.75,139.8
2025-01-21,120.55,112.2,143.0
2025-01-22,118.25,109.35,139.95
2025-01-23,118.25,108.8,140.2
2025-01-24,116.65,108.6,138.6
2025-01-27,114.7,106.2,137.3
2025-01-28,115.3,107.4,135.75
2025-01-29,117.7,109.4,136.95
2025-01-30,118.8,110.45,137.55
2025-01-31,120.2,111.85,140.6
2025-02-03,118.15,112.5,140.35
2025-02-04,116.25,110.1,140.95
2025-02-05,116.95,110.85,140.3
2025-02-06,118.2,110.95,139.05
2025-02-07,117.7,110.7,139.2
2025-02-10,117.0,110.6,135.25
2025-02-11,116.95,108.2,133.9
2025-02-12,117.2,108.9,134.5
2025-02-13,115.1,108.35,132.6
2025-02-14,111.3,106.35,131.4
2025-02-17,107.35,104.35,129.3
2025-02-18,109.85,106.4,131.05
2025-02-19,109.05,104.75,130.3
2025-02-20,109.3,104.6,130.25
2025-02-21,107.55,103.2,128.35
2025-02-24,107.35,102.75,127.6
2025-02-25,105.2,100.7,126.45
2025-02-26,103.9,101.1,126.2
2025-02-27,104.85,101.75,124.35
2025-02-28,103.85,101.85,123.55
2025-03-03,107.1,101.6,124.6
2025-03-04,105.25,101.5,125.2
2025-03-05,103.55,100.35,124.7
2025-03-06,101.75,100.5,125.85
2025-03-07,102.9,101.75,128.05
2025-03-10,107.2,103.75,131.4
2025-03-11,107.1,103.4,130.85
2025-03-12,106.6,101.5,128.7
2025-03-13,104.5,100.85,128.85
2025-03-14,104.85,100.75,127.45
2025-03-17,103.7,99.7,124.95
2025-03-18,102.15,99.0,123.25
2025-03-19,104.3,100.1,124.25
2025-03-20,103.05,99.85,123.6
2025-03-21,104.0,100.35,123.25
2025-03-24,104.2,99.95,122.1
2025-03-25,104.9,100.15,123.05
2025-03-26,106.9,101.65,123.5
2025-03-27,108.35,102.8,126.3
2025-03-28,109.0,104.35,127.75
2025-03-31,113.75,105.5,130.1
2025-04-01,115.35,108.0,131.1
2025-04-02,113.0,106.0,129.2
2025-04-03,110.2,103.1,125.3
2025-04-04,108.65,101.05,122.6
2025-04-07,109.3,102.35,123.3
2025-04-08,109.85,102.25,124.5
2025-04-09,108.55,102.25,123.4
2025-04-10,109.2,102.45,124.75
2025-04-11,109.95,104.25,125.05
2025-04-14,110.55,104.3,125.05
2025-04-15,112.35,105.05,126.85
2025-04-16,111.4,106.65,126.3
2025-04-17,109.8,105.3,124.7
2025-04-21,109.8,105.3,124.7
2025-04-22,107.0,104.0,121.6
2025-04-23,106.4,102.65,122.7
2025-04-24,105.95,102.3,123.0
2025-04-25,105.3,100.65,122.95
2025-04-28,107.0,101.0,121.2
2025-04-29,107.7,102.95,122.75
2025-04-30,107.8,103.3,123.7
2025-05-01,108.4,103.4,123.65
2025-05-02,108.45,105.05,125.8
2025-05-05,108.9,105.05,125.8
2025-05-06,109.8,105.2,127.3
2025-05-07,108.95,104.9,124.95
2025-05-08,108.2,104.15,124.2
2025-05-09,107.7,103.45,125.85
2025-05-12,108.1,104.85,124.95
2025-05-13,107.7,103.6,124.2
2025-05-14,104.85,101.0,122.55
2025-05-15,105.85,101.9,124.5
2025-05-16,105.65,101.95,124.0
2025-05-19,106.45,100.0,126.1
2025-05-20,108.45,102.55,128.2
2025-05-21,108.1,103.5,127.75
2025-05-22,108.4,103.35,127.65
2025-05-23,108.55,103.6,127.75
2025-05-26,109.25,103.7,128.7
2025-05-27,108.35,103.55,128.3
2025-05-28,107.4,102.45,127.0
2025-05-29,105.85,101.15,123.9
2025-05-30,104.7,100.3,121.15
2025-06-02,105.85,101.3,122.4
2025-06-03,105.2,101.5,122.1
2025-06-04,106.85,102.7,123.35
2025-06-05,107.5,103.6,124.9
2025-06-06,108.4,104.6,125.55
2025-06-09,108.75,105.6,124.55
2025-06-10,106.05,102.4,123.0
2025-06-11,107.0,102.6,123.1
2025-06-12,107.8,104.0,124.3
2025-06-13,110.1,104.45,125.1
2025-06-16,111.1,104.4,125.9
2025-06-17,112.4,107.7,126.7
2025-06-18,112.0,107.7,126.45
2025-06-19,114.15,109.6,126.05
2025-06-20,114.35,109.9,126.15
2025-06-23,115.1,109.4,127.05
2025-06-24,110.05,105.35,123.15
2025-06-25,111.25,106.0,123.3
2025-06-26,111.55,106.45,122.2
2025-06-27,112.7,106.7,123.55
2025-06-30,113.6,108.7,124.3
2025-07-01,114.45,108.6,125.05
2025-07-02,115.4,110.15,126.2
2025-07-03,115.05,108.45,124.0
2025-07-04,113.05,106.5,122.4
2025-07-07,112.95,107.1,122.7
2025-07-08,114.6,108.4,124.45
2025-07-09,116.35,107.9,126.3
2025-07-10,118.15,110.0,127.7
2025-07-11,119.85,110.8,129.1
2025-07-14,117.7,108.2,127.5
2025-07-15,115.95,107.95,125.7
2025-07-16,115.3,110.1,126.3
2025-07-17,114.7,107.75,125.8
2025-07-18,113.2,105.4,126.0
2025-07-21,111.55,106.45,125.75
2025-07-22,112.85,104.05,128.65
2025-07-23,112.7,104.7,127.05
2025-07-24,113.15,105.1,128.35
2025-07-25,113.6,105.65,129.7
2025-07-28,114.45,104.95,128.55
2025-07-29,116.2,106.5,128.95
2025-07-30,115.15,105.45,127.55
2025-07-31,115.05,104.8,127.15
2025-08-01,114.5,104.7,127.25
2025-08-04,114.85,104.85,127.4
2025-08-05,114.6,105.2,127.2
2025-08-06,113.35,104.35,126.8
2025-08-07,112.6,103.85,126.2
2025-08-08,111.45,103.1,125.6
2025-08-11,111.85,102.95,124.3
2025-08-12,110.7,102.2,123.7
2025-08-13,110.0,101.65,123.4
2025-08-14,109.2,101.0,122.6
2025-08-15,108.55,100.9,122.5
2025-08-18,109.0,101.8,124.3
2025-08-19,111.15,102.15,124.5
2025-08-20,112.0,103.1,124.65
2025-08-21,110.7,101.95,122.75
2025-08-22,109.55,100.6,123.45
2025-08-25,110.35,101.4,123.35
2025-08-26,109.85,100.65,124.35
2025-08-27,108.25,99.8,122.2
2025-08-28,107.25,98.85,122.15
2025-08-29,106.95,98.5,120.75
2025-09-01,106.7,98.85,121.8
2025-09-02,106.25,98.9,120.8
2025-09-03,107.15,99.35,121.3
2025-09-04,106.75,99.3,119.75
2025-09-05,106.95,98.4,120.55
2025-09-08,105.85,98.35,118.95
2025-09-09,106.45,98.0,118.15
2025-09-10,105.55,97.65,116.4
2025-09-11,105.8,97.6,113.8
2025-09-12,105.95,98.15,114.95
2025-09-15,105.1,96.9,114.75
2025-09-16,106.05,97.4,116.8
2025-09-17,105.9,97.45,117.65
2025-09-18,106.75,98.0,119.05
2025-09-19,104.8,96.8,118.3
2025-09-22,105.45,96.7,117.1
2025-09-23,105.3,96.35,116.9
2025-09-24,105.45,96.6,116.2
2025-09-25,105.5,97.3,117.2
2025-09-26,105.9,97.35,118.5
2025-09-29,105.35,96.5,117.95
2025-09-30,105.45,96.9,118.75
2025-10-01,104.75,95.8,118.6
2025-10-02,104.5,95.4,117.9
2025-10-03,104.8,96.9,118.2
2025-10-06,103.8,96.6,117.7
2025-10-07,103.4,95.7,117.55
2025-10-08,102.15,94.95,116.4
2025-10-09,101.05,94.45,116.35
2025-10-10,100.85,94.3,116.25
2025-10-13,99.65,93.6,115.5
2025-10-14,99.6,93.9,115.95
2025-10-15,102.6,96.15,117.15
2025-10-16,105.4,98.95,118.8
2025-10-17,106.25,99.5,118.8
2025-10-20,103.75,96.5,117.5
2025-10-21,104.1,96.4,117.3
2025-10-22,104.45,97.5,116.7
2025-10-23,105.7,98.7,118.15
2025-10-24,104.1,97.9,116.75
2025-10-27,105.0,98.25,118.4
2025-10-28,105.35,98.45,118.75
2025-10-29,106.55,99.8,119.6
2025-10-30,106.85,99.6,118.6
2025-10-31,104.7,98.2,118.75
2025-11-03,104.35,97.7,119.15
2025-11-04,106.5,99.05,120.95
2025-11-05,106.2,98.85,120.85
2025-11-06,106.7,99.95,121.75
2025-11-07,106.45,99.45,121.0
2025-11-10,105.9,99.0,119.75
2025-11-11,104.9,97.15,119.2
2025-11-12,104.1,96.1,118.35
2025-11-13,103.75,96.3,116.95
2025-11-14,105.3,96.85,118.5
2025-11-17,105.6,97.35,118.55
2025-11-18,104.15,96.3,119.35
2025-11-19,103.55,95.8,118.95
2025-11-20,103.9,95.55,118.65
2025-11-21,101.5,95.2,116.55
2025-11-24,101.5,94.1,116.8
2025-11-25,101.75,95.2,116.9
2025-11-26,102.0,95.8,116.3
2025-11-27,101.45,95.25,115.05
2025-11-28,102.85,95.4,116.1
2025-12-01,101.4,94.4,114.65
2025-12-02,103.0,95.35,116.45
2025-12-03,102.1,94.3,115.0
2025-12-04,100.75,93.45,114.3
2025-12-05,100.95,93.5,114.8
2025-12-08,101.4,93.8,114.9
2025-12-09,100.8,93.55,114.8
2025-12-10,99.5,92.55,113.35
2025-12-11,98.7,91.85,111.45
2025-12-12,99.05,92.0,111.65
2025-12-15,97.95,91.5,110.85
2025-12-16,97.35,90.85,110.45
2025-12-17,98.85,91.85,111.45
2025-12-18,99.15,92.1,111.05
2025-12-19,98.85,92.0,111.45
2025-12-22,98.0,92.0,110.65
2025-12-23,96.95,91.3,110.35
2025-12-24,97.8,91.55,112.85
2025-12-26,97.8,91.55,112.85
2025-12-29,97.05,91.7,110.35
2025-12-30,95.4,90.1,107.4
2025-12-31,96.0,90.55,107.3
2026-01-02,96.1,90.7,106.35
2026-01-05,94.35,88.8,103.85
2026-01-06,94.7,89.75,106.75
2026-01-07,94.7,89.3,107.6
2026-01-08,94.65,90.1,107.95
2026-01-09,94.4,91.65,108.15
2026-01-12,94.15,91.6,109.2
2026-01-13,95.05,92.1,111.7
2026-01-14,95.1,91.95,111.95
2026-01-15,95.05,92.0,113.0
2026-01-16,95.35,92.6,113.0
2026-01-19,94.8,92.45,112.65
2026-01-20,95.5,93.6,113.5
2026-01-21,96.15,93.75,113.15
2026-01-22,95.9,93.35,113.1
2026-01-23,95.85,94.4,112.3
2026-01-26,95.5,92.9,111.25
2026-01-27,95.05,92.95,110.1
2026-01-28,95.5,93.5,111.25
2026-01-29,96.8,94.3,111.55
2026-01-30,101.35,96.85,117.1
2026-02-02,99.3,94.25,115.5
2026-02-03,97.75,94.25,114.55
2026-02-04,99.25,95.25,115.85
2026-02-05,99.9,96.2,116.25
2026-02-06,102.15,97.8,116.85
2026-02-09,101.6,97.55,117.45
2026-02-10,101.15,97.2,116.2
2026-02-11,101.8,97.85,116.65
2026-02-12,102.5,98.8,118.3
2026-02-13,104.7,100.55,118.95
2026-02-16,105.25,101.0,118.55
2026-02-17,105.55,101.3,119.2
2026-02-18,108.7,102.45,121.9
2026-02-19,111.3,103.8,123.1
2026-02-20,111.95,103.35,123.85
2026-02-23,111.0,103.0,123.5
2026-02-24,109.15,102.9,122.55
2026-02-25,108.85,99.6,122.05
2026-02-26,111.05,101.25,123.05
2026-02-27,111.1,100.8,122.75
2026-03-02,119.0,109.0,132.4
2026-03-03,125.3,114.9,138.4
2026-03-04,120.95,105.5,134.35
2026-03-05,123.2,111.6,134.7
2026-03-06,127.3,112.8,135.9
2026-03-09,134.05,118.5,140.75
2026-03-10,123.55,109.7,131.7
2026-03-11,125.9,110.3,134.3
2026-03-12,127.9,112.05,139.05
2026-03-13,127.65,111.2,138.6
2026-03-16,128.1,112.8,138.4
2026-03-17,130.9,114.35,139.55
2026-03-18,133.05,114.95,142.9
2026-03-19,137.7,119.35,150.4
2026-03-20,135.7,116.6,150.2
2026-03-23,132.05,114.9,146.5
2026-03-24,130.95,113.5,147.8
2026-03-25,131.4,114.25,146.0
2026-03-26,134.85,116.75,149.7
2026-03-27,135.05,117.1,153.3
2026-03-30,136.0,118.1,154.05
2026-03-31,132.8,116.05,150.5
2026-04-01,126.05,112.35,143.35
2026-04-02,127.1,113.8,143.25
2026-04-06,127.1,113.8,143.25
2026-04-07,127.4,115.25,143.85
2026-04-08,118.3,107.3,135.95
2026-04-09,118.15,107.9,135.1
2026-04-10,115.2,105.0,132.4
2026-04-13,116.85,107.1,134.6
2026-04-14,114.5,104.95,130.45
2026-04-15,113.85,104.3,128.4
2026-04-16,113.8,103.7,128.55
2026-04-17,110.25,101.7,124.9
2026-04-20,109.15,100.15,123.45
2026-04-21,111.7,105.8,127.05
2026-04-22,114.55,106.15,130.85
2026-04-23,117.3,108.25,134.1
2026-04-24,117.4,106.1,135.05
2026-04-27,118.55,108.5,137.4
2026-04-28,118.55,110.35,137.75
2026-04-29,123.15,113.9,141.8
2026-04-30,122.75,113.4,141.3
2026-05-01,121.25,111.2,140.7
2026-05-04,121.5,111.85,140.5
2026-05-05,124.45,114.0,142.85
2026-05-06,118.45,112.2,138.65
2026-05-07,118.5,113.0,138.65
2026-05-08,119.35,113.7,139.0
2026-05-11,121.8,116.65,140.8
2026-05-12,121.75,114.95,140.5
2026-05-13,120.65,112.65,139.8
2026-05-14,120.3,112.3,139.65
2026-05-15,123.95,116.35,142.3
2026-05-18,125.95,116.5,143.9
2026-05-19,129.75,117.75,145.95
2026-05-20,126.95,116.85,143.65
2026-05-21,126.65,117.5,143.9
2026-05-22,126.45,117.3,143.6
2026-05-25,124.5,115.8,143.6
2026-05-26,127.85,118.7,146.15
2026-05-27,126.5,117.6,144.55
2026-05-28,127.25,117.3,144.05
2026-05-29,126.7,116.05,142.3
2026-06-01,132.35,120.3,147.05
2026-06-02,129.85,117.9,145.95
2026-06-03,130.7,119.5,149.0
2026-06-04,128.9,118.7,147.05
2026-06-05,128.7,118.65,147.5
2026-06-08,130.65,119.8,149.15
2026-06-09,126.25,116.9,145.5
2026-06-10,127.15,116.2,146.65
2026-06-11,125.95,115.8,146.65
2026-06-12,123.9,114.9,144.25
2026-06-15,116.45,111.6,138.0
2026-06-16,115.0,107.0,135.0
2026-06-17,114.9,107.2,135.5
2026-06-18,111.05,103.4,131.2
2026-06-19,113.4,105.95,131.15
2026-06-22,112.75,105.65,131.15
2026-06-23,112.8,105.35,131.7
2026-06-24,111.55,104.45,129.4
2026-06-25,109.5,102.7,128.45
2026-06-26,107.85,102.0,126.2
2026-06-29,109.8,103.7,128.3
2026-06-30,112.3,106.2,130.25
2026-07-01,111.9,106.15,130.35
2026-07-02,112.85,106.35,130.1
2026-07-03,114.6,106.7,130.05
2026-07-06,111.6,102.75,129.25
2026-07-07,112.45,103.05,128.4
2026-07-08,116.65,106.85,131.9
2026-07-09,117.9,106.05,132.55
2026-07-10,114.65,104.5,129.8
2026-07-13,118.8,107.8,132.1
2026-07-14,119.0,107.7,131.85
2026-07-15,118.9,106.75,132.05
2026-07-16,119.6,107.45,133.6
2026-07-17,122.25,110.15,135.85
2026-07-20,123.75,110.05,136.45
2026-07-21,125.5,110.8,137.35
2026-07-22,126.1,111.35,138.6
2026-07-23,124.8,111.5,137.6
2026-07-24,126.0,111.45,139.0
2026-07-27,122.75,109.8,135.6
2026-07-28,120.6,109.2,134.05
2026-07-29,124.75,111.15,138.25
2026-07-30,124.55,110.15,137.4
2026-07-31,125.6,110.45,137.2
2026-08-03,122.0,108.85,135.65
2026-08-04,120.35,108.0,134.05
2026-08-05,117.15,106.0,131.05
2026-08-06,117.95,106.65,131.55
2026-08-07,118.8,107.4,131.65
2026-08-10,124.4,112.1,136.2
2026-08-11,124.75,112.2,136.3
2026-08-12,125.7,112.4,136.4
2026-08-13,125.25,111.75,136.4
2026-08-14,125.1,111.4,136.1
2026-08-17,124.7,111.0,136.35
2026-08-18,125.85,111.25,136.9
2026-08-19,127.1,113.75,137.1
2026-08-20,128.3,114.5,138.3
2026-08-21,129.15,115.9,139.75
2026-08-24,129.9,117.9,140.95
2026-08-25,128.0,116.5,139.4
2026-08-26,127.15,116.4,139.0
2026-08-27,130.2,117.6,141.0
2026-08-28,131.75,119.2,142.0
2026-08-31,133.75,121.0,144.0
2026-09-01,137.05,124.0,147.75
2026-09-02,136.75,124.25,148.9
2026-09-03,136.8,125.4,150.35
2026-09-04,139.35,127.5,153.0
2026-09-07,138.25,127.5,152.0
2026-09-08,140.0,128.0,151.15
2026-09-09,141.0,128.0,151.1
2026-09-10,141.85,128.4,150.4
2026-09-11,139.25,126.25,147.9
2026-09-14,140.45,126.75,148.55
2026-09-15,140.25,125.1,146.4
2026-09-16,140.15,124.9,146.1
2026-09-17,138.55,123.75,145.3
2026-09-18,137.5,122.1,143.25
2026-09-21,134.5,121.4,142.35
2026-09-22,137.05,122.7,144.0
2026-09-23,135.25,122.75,142.7
2026-09-24,136.3,123.55,143.5
2026-09-25,136.7,123.1,143.75
