date,AJKMM1 Comdty,CLA Comdty,COA Comdty,NGA Comdty,TZTA Comdty
2021-09-27,,54.37,59.54,2.97,20.617
2021-09-28,,54.47,59.64,2.893,20.726
2021-09-29,,54.85,60.16,2.904,20.788
2021-09-30,,54.3,59.65,2.911,21.317
2021-10-01,,55.17,60.5,2.901,21.142
2021-10-04,,55.5,60.83,2.91,21.609
2021-10-05,,55.72,61.12,2.925,21.645
2021-10-06,,54.4,59.72,2.963,20.05
2021-10-07,,54.79,60.11,2.963,21.243
2021-10-08,,55.32,60.56,3.004,20.896
2021-10-11,,56.26,61.64,2.99,20.824
2021-10-12,,56.91,62.26,2.975,21.38
2021-10-13,,57.27,62.63,2.98,21.046
2021-10-14,,57.45,62.64,3.015,21.153
2021-10-15,,57.01,62.19,3.024,22.027
2021-10-18,,56.99,62.11,3.03,21.488
2021-10-19,,56.67,61.82,3.014,21.235
2021-10-20,,57.65,62.92,3.017,21.249
2021-10-21,,57.61,63.0,3.03,20.871
2021-10-22,,58.11,63.5,3.035,20.837
2021-10-25,,59.12,64.52,3.078,20.987
2021-10-26,,59.3,64.76,3.056,21.074
2021-10-27,,58.75,64.16,2.993,20.937
2021-10-28,,58.43,63.76,2.994,20.891
2021-10-29,,57.12,62.38,2.945,20.794
2021-11-01,,57.49,62.69,2.84,20.818
2021-11-02,,57.52,62.62,2.901,20.753
2021-11-03,,57.73,62.52,2.895,20.699
2021-11-04,,59.37,64.25,2.919,20.364
2021-11-05,,60.49,65.39,2.907,20.506
2021-11-08,,60.93,65.99,2.96,20.558
2021-11-09,,60.99,66.09,2.956,20.307
2021-11-10,,60.18,65.43,2.982,20.405
2021-11-11,,60.5,65.97,2.999,20.481
2021-11-12,,59.93,65.55,2.95,20.531
2021-11-15,,60.33,65.86,2.963,20.378
2021-11-16,,60.51,66.19,3.034,20.384
2021-11-17,,60.49,65.94,2.965,20.2
2021-11-18,,60.43,65.98,2.953,20.502
2021-11-19,,59.24,64.8,2.927,20.566
2021-11-22,,59.45,64.88,2.909,20.288
2021-11-23,,60.05,65.58,2.956,20.71
2021-11-24,,60.21,65.69,2.954,20.549
2021-11-25,,,66.68,,20.704
2021-11-26,,58.36,64.18,2.993,20.398
2021-11-29,,59.26,64.99,2.985,21.083
2021-11-30,,56.58,62.19,2.958,20.588
2021-12-01,,56.99,62.69,2.966,20.607
2021-12-02,,57.23,62.88,2.97,20.733
2021-12-03,,58.6,64.11,2.98,20.844
2021-12-06,,59.59,65.09,2.952,21.106
2021-12-07,,61.24,66.71,2.956,21.35
2021-12-08,,61.51,67.05,2.915,21.608
2021-12-09,,60.72,66.36,2.955,21.085
2021-12-10,,60.49,66.1,2.989,21.501
2021-12-13,,60.57,66.19,2.893,21.761
2021-12-14,,60.54,65.92,2.931,21.229
2021-12-15,,59.82,65.18,2.937,21.208
2021-12-16,,59.18,64.68,2.954,22.041
2021-12-17,,57.93,63.55,2.967,22.433
2021-12-20,,57.3,63.0,2.982,22.831
2021-12-21,,58.38,64.15,2.966,22.275
2021-12-22,,57.86,63.66,2.967,21.317
2021-12-23,,58.33,64.3,2.93,21.019
2021-12-24,,,63.37,,20.644
2021-12-27,,59.29,65.09,2.916,20.685
2021-12-28,,58.99,64.9,2.932,20.467
2021-12-29,,59.5,65.39,2.954,20.68
2021-12-30,,59.41,65.37,2.942,20.205
2021-12-31,,58.09,64.09,2.916,20.347
2022-01-03,,59.13,64.98,2.928,21.541
2022-01-04,,59.77,65.75,2.927,21.755
2022-01-05,,59.42,65.33,2.931,21.986
2022-01-06,,59.66,65.67,2.945,22.227
2022-01-07,,59.47,65.71,2.978,22.092
2022-01-10,,59.16,65.33,2.983,22.442
2022-01-11,,60.1,66.23,2.972,22.518
2022-01-12,,59.93,66.0,2.947,23.108
2022-01-13,,60.2,66.0,2.95,23.211
2022-01-14,,60.54,66.32,2.926,22.997
2022-01-17,,,66.55,,23.155
2022-01-18,,61.23,67.21,2.945,23.161
2022-01-19,,61.42,67.35,2.992,22.73
2022-01-20,,62.42,68.09,2.995,22.64
2022-01-21,,62.99,68.67,2.983,22.814
2022-01-24,,62.85,68.47,2.972,22.436
2022-01-25,,63.82,69.39,2.992,22.68
2022-01-26,,64.13,69.53,2.993,22.79
2022-01-27,,63.77,69.01,2.978,22.939
2022-01-28,,63.49,68.78,2.971,23.87
2022-01-31,,64.01,69.32,2.97,23.749
2022-02-01,,64.18,69.46,2.955,23.0
2022-02-02,,64.36,69.66,2.974,23.317
2022-02-03,,65.13,70.57,2.965,23.358
2022-02-04,,65.46,71.01,3.005,24.166
2022-02-07,,65.87,71.46,3.021,24.103
2022-02-08,,65.54,71.06,3.013,23.851
2022-02-09,,66.98,72.5,3.008,23.71
2022-02-10,,67.59,73.01,3.013,23.432
2022-02-11,,68.1,73.49,3.053,23.509
2022-02-14,,68.25,73.54,3.094,23.94
2022-02-15,,66.77,72.08,3.082,23.532
2022-02-16,,67.25,72.46,3.111,23.232
2022-02-17,,67.35,72.56,3.093,23.961
2022-02-18,,67.64,72.86,3.093,23.541
2022-02-21,,,73.8,,23.456
2022-02-22,,68.77,73.95,3.138,23.449
2022-02-23,,69.71,74.99,3.224,24.191
2022-02-24,,68.19,73.6,3.23,25.523
2022-02-25,,66.7,72.05,3.122,25.128
2022-02-28,,65.68,71.46,3.199,24.19
2022-03-01,,67.2,72.72,3.27,25.187
2022-03-02,,69.77,74.95,3.317,26.386
2022-03-03,,69.9,75.64,3.295,25.853
2022-03-04,,70.26,77.43,3.348,26.794
2022-03-07,,69.22,76.41,3.403,26.993
2022-03-08,,66.31,73.31,3.413,25.918
2022-03-09,,65.93,73.19,3.368,24.051
2022-03-10,,66.17,73.22,3.336,23.566
2022-03-11,,67.84,74.92,3.351,22.948
2022-03-14,,66.55,73.56,3.394,23.22
2022-03-15,,68.11,74.81,3.388,22.935
2022-03-16,,66.74,73.18,3.384,24.653
2022-03-17,,68.59,75.0,3.401,25.079
2022-03-18,,68.48,75.02,3.353,24.884
2022-03-21,,69.72,75.98,3.334,26.062
2022-03-22,,69.6,75.77,3.345,27.209
2022-03-23,,69.87,75.87,3.356,28.994
2022-03-24,,68.36,74.34,3.382,29.839
2022-03-25,,69.41,75.16,3.451,29.089
2022-03-28,,69.01,74.69,3.541,29.058
2022-03-29,,68.83,74.59,3.555,29.797
2022-03-30,,69.1,74.89,3.657,29.751
2022-03-31,,69.08,75.63,3.74,28.834
2022-04-01,,72.04,77.72,3.792,29.572
2022-04-04,,72.07,78.22,3.859,31.086
2022-04-05,,71.02,77.5,3.938,32.617
2022-04-06,,69.9,76.7,3.99,32.667
2022-04-07,,71.13,77.62,3.975,33.276
2022-04-08,,71.13,77.39,3.963,33.745
2022-04-11,,70.52,77.16,4.012,35.194
2022-04-12,,70.68,77.44,4.034,35.904
2022-04-13,,70.75,77.33,4.042,39.399
2022-04-14,,69.7,75.94,4.049,39.97
2022-04-18,,69.13,75.35,4.084,39.97
2022-04-19,,68.31,74.83,4.072,40.316
2022-04-20,,68.1,74.81,4.018,40.92
2022-04-21,,69.32,76.14,3.961,43.395
2022-04-22,,67.6,74.24,3.788,42.123
2022-04-25,,67.12,73.83,3.778,41.566
2022-04-26,,67.02,73.55,3.843,39.549
2022-04-27,,66.37,72.6,3.818,39.447
2022-04-28,,66.46,72.57,3.814,36.563
2022-04-29,,65.76,71.57,3.807,36.436
2022-05-02,,65.96,71.84,3.893,36.578
2022-05-03,,66.37,72.04,3.953,37.619
2022-05-04,,67.86,73.49,4.003,39.32
2022-05-05,,68.2,73.63,4.036,39.577
2022-05-06,,68.08,73.84,3.983,38.606
2022-05-09,,66.16,71.95,3.879,35.921
2022-05-10,,66.3,72.09,3.906,36.231
2022-05-11,,69.25,74.87,3.965,36.121
2022-05-12,,68.69,74.34,3.975,35.387
2022-05-13,,67.67,73.44,4.024,33.708
2022-05-16,,67.66,73.4,4.074,33.608
2022-05-17,,69.06,74.65,4.061,33.547
2022-05-18,,68.58,74.44,4.108,32.804
2022-05-19,,69.19,75.03,4.047,31.663
2022-05-20,,68.68,74.5,4.056,31.371
2022-05-23,,69.7,75.43,4.097,31.163
2022-05-24,,70.06,75.84,4.076,30.973
2022-05-25,,70.33,76.14,4.116,31.497
2022-05-26,,70.17,75.63,4.17,31.268
2022-05-27,,69.93,75.59,4.194,31.361
2022-05-30,,,75.07,,31.342
2022-05-31,,69.39,74.82,4.14,32.434
2022-06-01,,68.87,74.52,4.314,32.567
2022-06-02,,69.3,75.02,4.315,34.171
2022-06-03,,68.86,74.98,4.382,35.192
2022-06-06,,68.47,74.68,4.481,33.338
2022-06-07,,70.04,76.13,4.516,33.073
2022-06-08,,70.31,76.49,4.586,33.927
2022-06-09,,71.16,76.91,4.677,33.539
2022-06-10,,70.66,76.3,4.73,33.122
2022-06-13,,71.35,76.89,4.673,33.513
2022-06-14,,70.55,76.19,4.595,34.31
2022-06-15,,70.29,75.8,4.635,35.181
2022-06-16,,71.9,77.53,4.619,33.078
2022-06-17,,70.76,76.72,4.5,34.359
2022-06-20,,,76.74,,33.478
2022-06-21,,70.34,75.99,4.487,35.533
2022-06-22,,69.15,74.89,4.516,35.917
2022-06-23,,66.94,72.75,4.494,36.363
2022-06-24,,68.89,74.94,4.31,33.142
2022-06-27,,70.04,76.17,4.352,33.939
2022-06-28,,71.63,77.93,4.322,34.953
2022-06-29,,71.34,77.77,4.339,37.705
2022-06-30,,68.86,75.15,4.084,37.349
2022-07-01,,68.55,74.65,4.122,37.334
2022-07-04,,,76.08,,39.101
2022-07-05,,65.59,71.4,3.972,39.414
2022-07-06,,66.01,72.53,4.064,41.145
2022-07-07,,67.01,73.4,4.159,42.085
2022-07-08,,67.41,73.78,4.158,40.99
2022-07-11,,69.12,75.45,4.192,41.837
2022-07-12,,67.29,73.68,4.103,39.177
2022-07-13,,68.13,74.49,4.19,37.769
2022-07-14,,67.17,73.61,4.112,36.312
2022-07-15,,68.2,74.72,4.186,34.09
2022-07-18,,70.43,76.99,4.142,34.598
2022-07-19,,70.33,76.96,4.148,34.767
2022-07-20,,69.67,76.26,4.291,36.01
2022-07-21,,68.68,75.14,4.196,35.621
2022-07-22,,68.46,75.09,4.2,37.465
2022-07-25,,69.32,76.03,4.256,39.854
2022-07-26,,69.4,76.25,4.283,41.314
2022-07-27,,70.77,77.46,4.281,42.544
2022-07-28,,69.49,76.4,4.257,41.92
2022-07-29,,70.34,77.03,4.252,43.715
2022-08-01,,69.01,75.85,4.235,46.466
2022-08-02,,70.58,77.31,4.237,49.623
2022-08-03,,70.37,76.99,4.258,48.605
2022-08-04,,68.52,75.13,4.239,44.117
2022-08-05,,68.29,74.86,4.238,43.804
2022-08-08,,69.71,76.42,4.2,42.393
2022-08-09,,69.14,75.82,4.248,44.15
2022-08-10,,70.33,76.93,4.278,47.974
2022-08-11,,70.29,76.81,4.377,49.313
2022-08-12,,70.13,76.59,4.365,50.237
2022-08-15,,69.87,76.33,4.456,53.766
2022-08-16,,69.12,75.64,4.495,52.853
2022-08-17,,69.17,75.56,4.464,55.982
2022-08-18,,68.2,74.68,4.47,55.286
2022-08-19,,67.16,74.06,4.486,60.61
2022-08-22,,67.01,73.82,4.545,66.662
2022-08-23,,67.04,74.08,4.552,65.536
2022-08-24,,66.56,73.53,4.561,62.039
2022-08-25,,66.18,73.06,4.623,62.575
2022-08-26,,66.1,73.19,4.647,65.747
2022-08-29,,66.49,73.4,4.66,54.051
2022-08-30,,65.31,72.11,4.667,56.129
2022-08-31,,65.67,72.3,4.719,55.44
2022-09-01,,64.59,70.73,4.787,54.071
2022-09-02,,64.78,70.84,4.841,48.848
2022-09-05,,,69.96,,50.979
2022-09-06,,64.87,70.79,4.821,51.985
2022-09-07,,63.28,69.15,4.732,51.733
2022-09-08,,63.25,69.22,4.648,55.701
2022-09-09,,65.13,71.0,4.699,53.021
2022-09-12,,65.95,71.92,4.721,53.02
2022-09-13,,65.79,71.95,4.75,48.738
2022-09-14,,65.97,72.36,4.794,51.036
2022-09-15,,64.16,70.61,4.748,52.559
2022-09-16,,64.02,70.59,4.67,42.48
2022-09-19,,63.8,70.32,4.63,41.842
2022-09-20,,61.9,68.27,4.607,47.333
2022-09-21,,61.54,67.92,4.48,50.873
2022-09-22,,62.02,68.49,4.368,49.874
2022-09-23,,60.32,66.78,4.369,50.873
2022-09-26,,60.15,66.66,4.305,52.091
2022-09-27,,60.66,67.13,4.289,49.233
2022-09-28,,61.85,68.51,4.303,55.865
2022-09-29,,61.15,67.7,4.288,51.963
2022-09-30,,60.24,66.73,4.294,53.225
2022-10-03,,61.45,67.99,4.244,51.097
2022-10-04,,62.37,69.0,4.273,51.881
2022-10-05,,63.48,70.13,4.24,52.601
2022-10-06,,64.2,70.88,4.267,51.422
2022-10-07,,64.99,71.54,4.274,51.609
2022-10-10,,64.51,71.01,4.281,50.689
2022-10-11,,64.18,70.72,4.319,50.658
2022-10-12,,63.14,69.64,4.272,48.193
2022-10-13,,63.31,70.0,4.265,44.67
2022-10-14,,62.37,68.97,4.272,46.424
2022-10-17,,63.02,69.8,4.256,46.996
2022-10-18,,64.0,70.61,4.221,45.221
2022-10-19,,65.53,71.36,4.196,44.647
2022-10-20,,65.38,71.32,4.185,43.771
2022-10-21,,64.91,70.96,4.145,40.813
2022-10-24,,64.36,70.16,4.186,39.752
2022-10-25,,65.31,71.29,4.191,38.195
2022-10-26,,65.72,71.97,4.227,37.153
2022-10-27,,66.08,72.63,4.22,36.729
2022-10-28,,65.38,71.92,4.216,36.6
2022-10-31,,66.11,72.43,4.235,35.495
2022-11-01,,66.13,72.29,4.2,34.481
2022-11-02,,66.83,73.05,4.239,34.835
2022-11-03,,66.32,72.39,4.258,34.895
2022-11-04,,66.76,73.31,4.357,34.23
2022-11-07,,66.92,73.41,4.359,33.316
2022-11-08,,66.19,72.52,4.33,33.828
2022-11-09,,65.28,71.46,4.344,31.366
2022-11-10,,65.05,71.15,4.344,31.972
2022-11-11,,66.38,72.78,4.343,30.814
2022-11-14,,66.32,72.68,4.312,31.428
2022-11-15,,67.53,73.92,4.347,30.729
2022-11-16,,66.11,72.62,4.366,31.853
2022-11-17,,66.22,72.47,4.378,32.868
2022-11-18,,65.7,72.3,4.381,33.012
2022-11-21,,66.45,72.86,4.335,32.478
2022-11-22,,66.31,72.75,4.34,33.006
2022-11-23,,66.08,72.45,4.332,33.542
2022-11-24,,,72.9,,33.493
2022-11-25,,65.84,72.3,4.326,34.253
2022-11-28,,66.46,72.9,4.26,33.693
2022-11-29,,66.6,73.17,4.297,33.81
2022-11-30,,67.35,73.93,4.311,33.259
2022-12-01,,67.37,73.98,4.316,33.254
2022-12-02,,68.0,74.24,4.303,31.779
2022-12-05,,67.13,73.26,4.298,31.604
2022-12-06,,65.71,71.64,4.311,32.781
2022-12-07,,64.58,70.48,4.316,32.438
2022-12-08,,64.07,69.78,4.351,30.958
2022-12-09,,64.78,70.4,4.355,31.681
2022-12-12,,65.67,71.21,4.384,31.605
2022-12-13,,65.06,70.81,4.372,31.775
2022-12-14,,65.02,70.85,4.37,32.576
2022-12-15,,63.8,69.48,4.392,31.648
2022-12-16,,63.65,69.16,4.426,30.085
2022-12-19,,64.05,69.36,4.466,30.792
2022-12-20,,64.55,69.81,4.461,30.773
2022-12-21,,64.4,70.03,4.357,30.572
2022-12-22,,63.84,69.42,4.274,32.143
2022-12-23,,64.86,70.74,4.272,34.985
2022-12-27,,64.92,70.92,4.358,35.001
2022-12-28,,65.52,71.2,4.28,36.032
2022-12-29,,64.78,70.17,4.258,36.174
2022-12-30,,65.79,71.15,4.273,32.226
2023-01-02,,,71.15,,35.226
2023-01-03,,64.55,69.61,4.219,34.775
2023-01-04,,64.3,69.07,4.222,35.014
2023-01-05,,64.29,69.14,4.114,36.436
2023-01-06,,64.44,69.47,4.058,35.887
2023-01-09,,65.35,70.53,4.066,36.72
2023-01-10,,65.15,70.24,4.09,37.243
2023-01-11,,66.04,71.11,4.056,36.5
2023-01-12,,65.97,71.21,4.055,36.896
2023-01-13,,66.22,71.54,4.064,36.181
2023-01-16,,,71.17,,34.95
2023-01-17,,64.57,70.56,4.08,34.899
2023-01-18,,64.37,70.35,4.078,35.364
2023-01-19,,65.01,70.96,4.085,35.296
2023-01-20,,65.25,71.39,4.094,35.45
2023-01-23,,65.81,71.88,4.108,34.761
2023-01-24,,64.98,70.95,4.077,33.945
2023-01-25,,64.65,70.6,4.02,33.522
2023-01-26,,64.44,70.56,4.022,33.41
2023-01-27,,63.99,70.04,4.013,33.595
2023-01-30,,63.94,69.9,3.934,33.479
2023-01-31,,64.81,70.86,3.945,33.363
2023-02-01,,63.84,69.79,3.842,33.19
2023-02-02,,63.79,69.81,3.822,33.303
2023-02-03,,62.57,68.42,3.781,32.873
2023-02-06,,63.08,68.87,3.764,33.419
2023-02-07,,63.44,69.44,3.86,33.292
2023-02-08,,64.07,70.1,3.816,33.727
2023-02-09,,63.85,69.71,3.768,33.136
2023-02-10,,64.41,70.39,3.75,33.981
2023-02-13,,65.15,70.92,3.693,33.332
2023-02-14,,65.12,70.84,3.717,33.538
2023-02-15,,65.4,71.13,3.702,33.808
2023-02-16,,65.51,71.3,3.702,33.684
2023-02-17,,64.57,70.34,3.664,33.128
2023-02-20,,,71.24,,32.457
2023-02-21,,64.81,70.68,3.679,32.013
2023-02-22,,64.49,70.39,3.709,31.999
2023-02-23,,64.53,70.27,3.757,31.832
2023-02-24,,64.23,70.03,3.801,31.833
2023-02-27,,63.46,69.12,3.841,31.984
2023-02-28,,63.04,68.68,3.889,31.515
2023-03-01,,63.36,69.12,3.97,31.118
2023-03-02,,63.65,69.22,3.978,31.115
2023-03-03,,64.57,70.03,4.018,31.141
2023-03-06,,64.78,70.23,4.038,30.596
2023-03-07,,63.52,68.97,4.179,30.531
2023-03-08,,63.4,69.01,4.146,30.596
2023-03-09,,63.18,68.73,4.058,30.417
2023-03-10,,63.3,68.8,4.137,32.267
2023-03-13,,62.75,68.22,4.148,32.808
2023-03-14,,62.09,67.56,4.199,30.212
2023-03-15,,60.92,66.7,4.158,30.308
2023-03-16,13.04,61.62,67.56,4.2,30.878
2023-03-17,13.25,61.61,67.58,4.193,30.606
2023-03-20,1.75,61.89,67.93,4.119,30.677
2023-03-21,13.75,62.06,67.9,4.191,31.729
2023-03-22,12.75,62.18,68.26,4.13,30.791
2023-03-23,6.625,62.19,68.22,4.17,31.712
2023-03-24,12.764,62.17,68.03,4.136,31.359
2023-03-27,12.544,63.29,69.21,4.097,31.59
2023-03-28,12.834,63.42,69.26,4.068,32.123
2023-03-29,12.6,63.4,69.1,4.095,32.122
2023-03-30,12.825,63.24,68.77,4.064,33.283
2023-03-31,-1.5,63.39,68.94,4.083,35.142
2023-04-03,,63.54,69.25,4.062,35.824
2023-04-04,,63.6,69.2,4.074,34.219
2023-04-05,,63.78,69.53,4.03,33.777
2023-04-06,,63.65,69.4,3.986,33.472
2023-04-07,,63.65,,3.986,
2023-04-10,-1.5,63.41,68.95,4.061,33.472
2023-04-11,,63.96,69.37,4.071,34.705
2023-04-12,,64.63,70.03,3.997,34.864
2023-04-13,,64.68,69.97,3.965,34.504
2023-04-14,,64.89,70.13,3.985,34.57
2023-04-17,,64.79,69.94,4.061,35.282
2023-04-18,12.834,65.17,70.35,4.059,35.341
2023-04-19,12.038,64.66,69.83,4.081,34.137
2023-04-20,,63.88,69.06,4.113,34.615
2023-04-21,12.05,65.25,70.27,4.12,34.557
2023-04-24,11.723,65.58,70.7,4.153,35.027
2023-04-25,11.761,64.32,69.44,4.131,35.176
2023-04-26,11.478,63.95,68.98,4.112,35.831
2023-04-27,1.872,63.62,68.59,4.116,36.679
2023-04-28,-1.25,64.9,69.82,4.135,36.169
2023-05-01,,64.16,69.11,4.092,36.878
2023-05-02,,63.03,68.15,4.088,35.394
2023-05-03,,61.8,67.02,4.075,35.215
2023-05-04,,60.88,66.33,4.09,35.304
2023-05-05,,62.18,67.58,4.087,35.462
2023-05-08,,63.14,68.62,4.055,35.703
2023-05-09,,63.82,69.17,4.038,36.314
2023-05-10,,63.43,68.9,4.024,35.846
2023-05-11,,62.33,67.74,4.017,35.77
2023-05-12,,61.9,67.46,4.007,35.489
2023-05-15,,62.41,68.04,4.011,35.472
2023-05-16,9.935,62.38,67.89,3.984,35.383
2023-05-17,18.679,63.53,69.15,3.953,35.753
2023-05-18,9.465,63.48,68.99,3.96,34.692
2023-05-19,9.191,62.27,67.83,3.905,33.923
2023-05-22,,62.26,67.74,3.868,33.34
2023-05-23,9.879,62.75,68.23,3.839,33.774
2023-05-24,9.25,63.51,68.89,3.894,33.556
2023-05-25,8.569,62.26,67.67,3.865,32.386
2023-05-26,8.908,62.84,68.4,3.893,32.328
2023-05-29,,,68.61,,31.955
2023-05-30,,61.49,66.86,3.853,31.741
2023-05-31,,60.73,66.35,3.818,32.228
2023-06-01,1.1,61.51,67.03,3.676,31.721
2023-06-02,,62.25,67.84,3.716,32.03
2023-06-05,,61.77,67.42,3.736,33.362
2023-06-06,,61.58,67.17,3.724,32.779
2023-06-07,,61.92,67.53,3.741,33.763
2023-06-08,,61.09,66.75,3.758,34.829
2023-06-09,,61.0,66.82,3.738,34.755
2023-06-12,,59.99,65.68,3.735,34.375
2023-06-13,,61.59,67.38,3.73,35.199
2023-06-14,,61.02,66.72,3.765,35.158
2023-06-15,,62.46,68.28,3.777,34.652
2023-06-16,11.499,62.94,68.75,3.747,32.867
2023-06-19,12.458,,68.31,,32.978
2023-06-20,13.062,62.63,68.4,3.794,33.239
2023-06-21,12.732,63.14,68.97,3.849,31.562
2023-06-22,11.59,61.91,67.63,3.867,31.155
2023-06-23,11.722,61.6,67.28,3.816,29.996
2023-06-26,11.841,61.84,67.54,3.795,29.121
2023-06-27,12.237,61.9,67.57,3.787,30.168
2023-06-28,11.675,62.17,67.93,3.744,30.461
2023-06-29,12.352,62.18,67.83,3.707,32.215
2023-06-30,13.127,62.45,68.28,3.725,32.628
2023-07-03,,61.42,67.22,3.726,32.078
2023-07-04,12.613,,68.54,,32.416
2023-07-05,11.97,62.71,68.48,3.699,33.552
2023-07-06,11.825,62.38,68.02,3.716,33.326
2023-07-07,12.159,62.55,68.42,3.725,33.718
2023-07-10,11.18,63.04,68.87,3.73,31.377
2023-07-11,11.408,63.84,69.6,3.743,31.101
2023-07-12,10.863,64.04,69.86,3.739,30.675
2023-07-13,11.12,64.58,70.44,3.69,31.481
2023-07-14,10.563,63.89,69.69,3.726,32.436
2023-07-17,10.643,63.92,69.76,3.715,32.624
2023-07-18,11.435,64.76,70.36,3.742,33.647
2023-07-19,10.476,65.21,70.87,3.728,34.086
2023-07-20,11.144,65.16,70.77,3.752,34.48
2023-07-21,10.896,65.51,71.22,3.77,34.161
2023-07-24,11.595,66.17,71.84,3.803,34.936
2023-07-25,12.18,66.22,71.89,3.817,34.705
2023-07-26,10.849,66.11,71.79,3.841,34.027
2023-07-27,10.596,66.61,72.25,3.83,33.859
2023-07-28,10.302,67.08,72.7,3.839,33.397
2023-07-31,11.212,67.35,73.0,3.824,33.31
2023-08-01,,67.12,72.68,3.801,33.17
2023-08-02,,66.03,71.61,3.825,33.583
2023-08-03,,66.89,72.59,3.812,33.717
2023-08-04,10.588,67.63,73.2,3.8,34.014
2023-08-07,9.698,67.76,73.31,3.846,33.875
2023-08-08,11.581,68.31,73.81,3.84,34.453
2023-08-09,13.221,68.67,74.13,3.802,34.67
2023-08-10,12.403,68.1,73.61,3.787,34.195
2023-08-11,12.302,67.97,73.41,3.827,34.472
2023-08-14,12.174,67.91,73.27,3.83,34.49
2023-08-15,13.241,67.33,72.76,3.834,35.605
2023-08-16,14.112,67.51,72.76,3.837,35.326
2023-08-17,14.241,67.8,73.11,3.824,35.646
2023-08-18,14.177,68.24,73.56,3.809,35.869
2023-08-21,14.688,68.28,73.66,3.84,35.409
2023-08-22,14.65,68.19,73.57,3.819,35.396
2023-08-23,13.617,67.87,73.2,3.835,34.45
2023-08-24,11.617,67.23,72.62,3.786,34.109
2023-08-25,12.334,67.64,73.03,3.788,34.773
2023-08-28,13.347,67.43,72.82,3.782,36.352
2023-08-29,12.33,68.0,73.4,3.75,35.375
2023-08-30,12.642,67.96,73.32,3.788,35.646
2023-08-31,11.633,68.37,73.72,3.799,35.31
2023-09-01,11.574,69.02,74.42,3.784,35.927
2023-09-04,12.867,,74.94,,35.885
2023-09-05,13.229,69.43,74.86,3.747,36.118
2023-09-06,12.32,69.41,74.81,3.759,35.647
2023-09-07,12.938,69.74,75.09,3.742,36.311
2023-09-08,13.422,69.49,74.91,3.748,36.85
2023-09-11,11.815,69.71,75.02,3.695,37.544
2023-09-12,11.432,69.81,75.12,3.741,37.053
2023-09-13,12.193,69.66,75.03,3.784,37.556
2023-09-14,11.242,70.0,75.37,3.796,37.156
2023-09-15,11.717,69.51,74.94,3.752,37.144
2023-09-18,13.814,69.96,75.39,3.793,36.766
2023-09-19,14.298,70.1,75.51,3.785,36.597
2023-09-20,14.221,70.29,75.63,3.805,36.055
2023-09-21,14.27,70.47,75.86,3.828,35.787
2023-09-22,14.817,69.75,74.98,3.869,35.742
2023-09-25,15.03,70.07,75.28,3.833,36.019
2023-09-26,14.019,70.19,75.44,3.853,35.151
2023-09-27,14.028,70.57,75.73,3.823,34.803
2023-09-28,14.045,70.57,75.77,3.847,34.909
2023-09-29,13.872,70.27,75.49,3.839,34.725
2023-10-02,12.412,70.16,75.36,3.83,34.23
2023-10-03,12.351,70.0,75.29,3.862,33.254
2023-10-04,12.586,67.21,72.36,3.83,33.713
2023-10-05,11.928,66.38,71.4,3.841,33.294
2023-10-06,12.571,66.48,71.5,3.837,33.778
2023-10-09,14.044,67.5,72.56,3.854,34.776
2023-10-10,16.125,68.29,73.36,3.872,35.692
2023-10-11,15.082,68.65,73.71,3.886,35.361
2023-10-12,17.075,68.73,73.82,3.915,35.501
2023-10-13,17.475,70.04,75.32,3.92,35.349
2023-10-16,17.499,70.31,75.56,3.91,34.26
2023-10-17,17.772,70.48,75.78,3.917,34.513
2023-10-18,18.259,70.92,76.1,3.91,34.695
2023-10-19,18.664,70.5,75.7,3.918,34.562
2023-10-20,18.23,70.07,75.28,3.924,34.562
2023-10-23,18.622,69.67,74.82,3.928,35.335
2023-10-24,17.736,69.34,74.5,3.913,34.784
2023-10-25,18.028,70.16,75.32,3.921,34.976
2023-10-26,17.727,69.59,74.85,3.908,35.241
2023-10-27,17.981,70.34,75.54,3.877,35.524
2023-10-30,17.595,69.44,74.65,3.899,35.503
2023-10-31,15.971,69.18,74.34,3.882,34.436
2023-11-01,17.619,68.86,74.0,3.946,34.169
2023-11-02,17.583,69.57,74.79,4.017,34.729
2023-11-03,17.159,68.86,74.04,4.012,35.184
2023-11-06,16.294,69.54,74.61,4.032,34.448
2023-11-07,16.791,67.39,72.41,4.029,34.445
2023-11-08,16.519,66.37,71.41,3.98,34.498
2023-11-09,17.478,66.82,71.85,3.969,35.231
2023-11-10,16.653,67.65,72.65,3.957,34.754
2023-11-13,17.055,68.15,73.25,3.97,34.665
2023-11-14,17.691,67.65,72.88,3.965,34.816
2023-11-15,17.269,67.37,72.59,3.998,34.737
2023-11-16,17.207,65.5,70.69,3.976,34.474
2023-11-17,17.087,67.23,72.55,3.95,34.546
2023-11-20,17.345,68.01,73.39,3.922,34.556
2023-11-21,16.496,67.8,73.24,3.879,34.342
2023-11-22,16.895,67.29,72.75,3.886,34.522
2023-11-23,17.352,,72.48,,34.879
2023-11-24,16.948,66.6,72.01,3.923,34.865
2023-11-27,16.435,66.29,71.66,3.921,34.323
2023-11-28,15.92,66.88,72.3,3.855,34.266
2023-11-29,14.841,67.6,73.0,3.876,33.272
2023-11-30,15.599,66.55,71.85,3.825,33.727
2023-12-01,16.28,65.82,71.11,3.846,34.07
2023-12-04,15.094,66.12,71.36,3.801,33.57
2023-12-05,14.99,65.69,70.83,3.808,33.182
2023-12-06,15.5,64.73,69.85,3.653,33.309
2023-12-07,15.885,64.75,69.9,3.644,33.216
2023-12-08,15.079,65.53,70.7,3.593,32.942
2023-12-11,,65.87,71.1,3.555,32.229
2023-12-12,,64.64,69.82,3.57,31.755
2023-12-13,15.459,65.34,70.56,3.601,32.038
2023-12-14,15.135,66.47,71.75,3.647,31.654
2023-12-15,14.502,66.39,71.63,3.717,31.337
2023-12-18,12.424,66.66,72.03,3.72,31.932
2023-12-19,11.821,67.13,72.48,3.683,30.445
2023-12-20,11.998,66.92,72.22,3.704,30.532
2023-12-21,12.238,66.32,71.66,3.714,30.839
2023-12-22,12.341,65.6,70.98,3.611,31.088
2023-12-26,12.168,66.07,71.64,3.585,
2023-12-27,12.495,65.86,71.34,3.639,31.214
2023-12-28,11.885,64.74,70.22,3.678,30.517
2023-12-29,11.269,64.5,70.0,3.707,29.771
2024-01-02,10.556,64.3,69.85,3.709,28.92
2024-01-03,11.466,65.38,71.08,3.709,29.469
2024-01-04,11.829,64.95,70.46,3.721,29.63
2024-01-05,11.858,65.4,70.85,3.763,30.089
2024-01-08,11.093,64.33,69.79,3.788,29.194
2024-01-09,10.907,64.64,70.15,3.771,29.104
2024-01-10,10.978,64.49,69.85,3.75,29.098
2024-01-11,10.867,64.87,70.28,3.732,29.152
2024-01-12,11.134,65.65,71.13,3.72,29.649
2024-01-15,10.038,,70.88,,28.818
2024-01-16,10.028,65.23,70.72,3.713,28.838
2024-01-17,9.409,65.08,70.51,3.755,27.965
2024-01-18,9.504,65.61,71.0,3.746,28.192
2024-01-19,9.719,65.08,70.54,3.699,28.4
2024-01-22,9.471,66.1,71.59,3.653,27.961
2024-01-23,9.21,65.98,71.47,3.727,28.07
2024-01-24,9.822,66.27,71.71,3.709,28.86
2024-01-25,9.383,67.04,72.45,3.628,28.406
2024-01-26,9.465,67.53,73.09,3.647,28.526
2024-01-29,9.737,66.88,72.32,3.611,28.372
2024-01-30,9.718,67.5,72.89,3.607,28.493
2024-01-31,9.853,66.58,71.92,3.619,29.014
2024-02-01,9.446,65.31,70.67,3.609,29.064
2024-02-02,9.592,64.64,70.05,3.644,29.24
2024-02-05,9.114,65.13,70.63,3.64,28.565
2024-02-06,9.198,65.11,70.57,3.639,28.303
2024-02-07,9.175,65.44,70.86,3.646,28.123
2024-02-08,9.012,66.32,71.74,3.636,27.668
2024-02-09,8.849,66.75,72.2,3.65,26.743
2024-02-12,8.402,66.93,72.36,3.633,26.505
2024-02-13,8.226,67.19,72.53,3.633,26.73
2024-02-14,8.174,66.58,72.05,3.584,26.518
2024-02-15,8.211,66.89,72.38,3.542,26.705
2024-02-16,8.524,67.1,72.58,3.506,26.659
2024-02-19,8.204,,72.6,,26.15
2024-02-20,8.233,66.24,71.61,3.549,26.572
2024-02-21,8.313,66.41,71.76,3.615,26.538
2024-02-22,8.027,66.68,71.98,3.651,26.274
2024-02-23,8.247,66.14,71.46,3.624,25.791
2024-02-26,8.443,66.38,71.69,3.641,25.977
2024-02-27,8.559,66.68,71.98,3.647,26.442
2024-02-28,8.815,66.53,71.79,3.673,27.226
2024-02-29,8.431,66.35,71.64,3.663,27.159
2024-03-01,8.313,66.5,71.86,3.653,27.489
2024-03-04,8.874,67.08,72.29,3.681,27.64
2024-03-05,9.055,66.5,71.69,3.689,28.061
2024-03-06,8.394,66.55,71.72,3.688,27.774
2024-03-07,8.385,66.76,71.97,3.674,27.597
2024-03-08,8.538,66.38,71.58,3.656,27.583
2024-03-11,7.938,66.91,72.08,3.657,26.866
2024-03-12,8.206,66.82,71.91,3.656,26.479
2024-03-13,8.114,67.59,72.77,3.666,26.529
2024-03-14,8.664,67.96,73.08,3.681,27.114
2024-03-15,8.847,68.21,73.45,3.638,27.319
2024-03-18,10.017,68.49,73.73,3.677,28.044
2024-03-19,9.993,68.69,73.97,3.676,27.944
2024-03-20,9.455,68.28,73.61,3.651,27.481
2024-03-21,9.213,68.3,73.55,3.637,27.022
2024-03-22,9.377,67.95,73.21,3.63,27.797
2024-03-25,9.613,68.52,73.76,3.626,28.213
2024-03-26,9.482,68.51,73.67,3.655,27.93
2024-03-27,9.507,68.49,73.66,3.645,28.25
2024-03-28,9.401,68.95,74.12,3.704,27.893
2024-04-01,8.855,68.93,74.13,3.711,
2024-04-02,9.089,69.11,74.34,3.72,27.303
2024-04-03,9.03,69.5,74.71,3.723,27.327
2024-04-04,9.18,69.78,74.96,3.704,27.82
2024-04-05,9.729,69.6,74.94,3.699,28.204
2024-04-08,10.108,69.5,74.83,3.717,28.956
2024-04-09,10.023,69.07,74.39,3.735,28.864
2024-04-10,9.932,69.46,74.73,3.744,28.632
2024-04-11,10.57,69.55,74.9,3.792,29.853
2024-04-12,10.905,70.0,75.44,3.828,30.3
2024-04-15,10.963,70.28,75.65,3.888,30.239
2024-04-16,11.347,70.55,75.96,3.89,30.947
2024-04-17,10.93,69.48,74.72,3.881,29.365
2024-04-18,10.952,69.35,74.56,3.875,29.805
2024-04-19,10.676,69.1,74.31,3.875,28.886
2024-04-22,10.179,68.98,74.14,3.893,28.179
2024-04-23,10.054,69.38,74.65,3.892,28.089
2024-04-24,10.217,69.63,74.91,3.925,28.23
2024-04-25,10.476,69.85,75.12,3.908,28.517
2024-04-26,10.282,70.11,75.35,3.922,28.056
2024-04-29,9.962,69.69,74.9,3.937,27.452
2024-04-30,10.268,69.38,74.52,3.941,27.662
2024-05-01,10.267,67.75,72.8,3.929,27.522
2024-05-02,10.817,68.18,73.32,3.916,28.349
2024-05-03,10.596,68.34,73.48,3.888,27.661
2024-05-06,11.12,68.63,73.84,3.893,27.739
2024-05-07,10.793,68.42,73.51,3.846,27.813
2024-05-08,10.978,68.21,73.24,3.807,27.659
2024-05-09,10.681,68.37,73.43,3.758,27.996
2024-05-10,10.322,67.94,72.96,3.792,27.827
2024-05-13,10.211,68.2,73.26,3.794,27.789
2024-05-14,10.722,68.17,73.23,3.811,28.191
2024-05-15,10.228,68.36,73.39,3.845,28.307
2024-05-16,10.904,68.73,73.73,3.885,28.78
2024-05-17,10.964,69.18,74.18,3.899,29.044
2024-05-20,11.255,69.37,74.42,3.92,29.249
2024-05-21,11.632,69.21,74.19,3.901,29.654
2024-05-22,12.192,68.3,73.34,3.898,30.184
2024-05-23,12.38,68.0,73.08,3.873,30.57
2024-05-24,11.965,68.14,73.28,3.844,30.104
2024-05-27,12.303,,73.97,,30.573
2024-05-28,11.848,69.29,74.37,3.836,30.175
2024-05-29,11.88,69.08,74.12,3.787,30.433
2024-05-30,12.207,68.55,73.43,3.765,30.662
2024-05-31,12.104,68.86,73.77,3.756,30.003
2024-06-03,12.884,67.47,72.37,3.765,30.3
2024-06-04,12.199,66.17,71.2,3.751,29.459
2024-06-05,11.944,66.18,71.24,3.788,29.182
2024-06-06,11.892,66.86,72.03,3.792,29.306
2024-06-07,11.826,67.42,72.4,3.788,29.438
2024-06-10,12.181,68.41,73.42,3.798,29.931
2024-06-11,12.065,68.83,73.86,3.832,30.109
2024-06-12,12.392,69.01,74.04,3.805,30.5
2024-06-13,12.597,69.04,74.01,3.783,30.676
2024-06-14,12.441,68.69,73.7,3.789,30.438
2024-06-17,11.985,68.61,73.71,3.805,30.235
2024-06-18,12.119,69.51,74.58,3.823,30.535
2024-06-19,12.329,,74.52,,31.11
2024-06-20,12.009,69.74,74.83,3.792,31.248
2024-06-21,11.839,69.38,74.39,3.782,30.88
2024-06-24,12.049,69.93,75.06,3.786,30.813
2024-06-25,12.055,69.74,74.73,3.78,31.163
2024-06-26,11.845,70.05,75.06,3.787,30.454
2024-06-27,11.941,69.95,75.03,3.718,30.902
2024-06-28,12.573,69.74,74.82,3.726,31.095
2024-07-01,12.088,70.69,75.71,3.715,30.986
2024-07-02,12.018,70.67,75.69,3.705,31.316
2024-07-03,11.771,71.2,76.26,3.687,31.233
2024-07-04,11.977,,76.21,,31.389
2024-07-05,11.877,70.76,75.77,3.674,31.408
2024-07-08,11.583,70.7,75.68,3.692,31.041
2024-07-09,11.257,69.97,74.85,3.692,30.719
2024-07-10,11.159,70.0,74.85,3.69,30.585
2024-07-11,11.475,69.89,74.77,3.665,30.807
2024-07-12,11.683,69.89,74.72,3.648,31.175
2024-07-15,11.709,69.68,74.51,3.634,30.995
2024-07-16,12.339,69.12,73.91,3.617,30.962
2024-07-17,11.982,69.51,74.34,3.553,30.796
2024-07-18,12.159,69.54,74.46,3.564,31.063
2024-07-19,11.973,68.18,73.05,3.604,30.971
2024-07-22,12.064,68.42,73.37,3.635,30.797
2024-07-23,11.86,67.44,72.34,3.62,30.724
2024-07-24,12.226,67.98,72.87,3.601,31.201
2024-07-25,12.072,68.27,73.22,3.545,30.981
2024-07-26,12.215,67.85,72.72,3.552,31.306
2024-07-29,12.719,67.52,72.33,3.511,31.702
2024-07-30,12.761,67.14,71.96,3.51,31.716
2024-07-31,12.856,68.27,73.13,3.493,31.994
2024-08-01,12.857,67.67,72.43,3.464,32.507
2024-08-02,13.044,65.96,70.82,3.466,32.328
2024-08-05,12.61,66.11,71.01,3.429,31.746
2024-08-06,12.96,65.78,70.68,3.418,32.124
2024-08-07,13.413,66.58,71.49,3.446,32.803
2024-08-08,13.906,67.24,72.11,3.503,33.471
2024-08-09,13.817,67.56,72.42,3.513,33.577
2024-08-12,13.667,68.9,73.85,3.518,32.875
2024-08-13,13.658,68.01,73.02,3.479,32.736
2024-08-14,13.767,67.78,72.7,3.513,32.691
2024-08-15,14.055,68.3,73.25,3.506,32.945
2024-08-16,14.425,67.59,72.53,3.455,33.078
2024-08-19,14.436,66.85,71.7,3.477,32.721
2024-08-20,13.944,66.28,71.11,3.52,31.985
2024-08-21,13.638,65.74,70.59,3.54,31.969
2024-08-22,13.65,66.19,71.05,3.536,31.949
2024-08-23,13.703,67.15,72.01,3.547,32.179
2024-08-26,14.057,68.03,72.89,3.538,32.483
2024-08-27,14.261,67.37,72.18,3.527,32.736
2024-08-28,13.878,66.74,71.51,3.515,32.572
2024-08-29,13.995,67.46,72.27,3.496,32.57
2024-08-30,14.005,66.47,71.3,3.491,32.778
2024-09-02,13.444,,71.59,,32.419
2024-09-03,12.965,65.05,69.85,3.49,31.509
2024-09-04,12.631,64.9,69.58,3.479,30.887
2024-09-05,12.698,65.33,70.0,3.478,31.048
2024-09-06,12.963,64.65,69.41,3.469,30.993
2024-09-09,12.94,64.74,69.53,3.476,30.884
2024-09-10,12.435,63.12,67.86,3.472,30.205
2024-09-11,12.673,63.97,68.64,3.475,30.67
2024-09-12,12.529,64.88,69.49,3.473,30.252
2024-09-13,12.895,64.44,69.07,3.465,30.527
2024-09-16,13.025,65.16,69.76,3.471,29.938
2024-09-17,13.38,65.71,70.32,3.475,30.672
2024-09-18,13.318,65.66,70.23,3.477,30.92
2024-09-19,12.528,66.04,70.67,3.496,30.236
2024-09-20,12.879,66.01,70.59,3.524,30.616
2024-09-23,13.175,65.98,70.61,3.512,31.108
2024-09-24,13.103,66.78,71.45,3.515,31.044
2024-09-25,13.367,66.05,70.68,3.549,31.451
2024-09-26,13.348,65.41,69.95,3.561,31.331
2024-09-27,13.335,65.52,70.05,3.584,31.363
2024-09-30,13.33,65.72,70.33,3.576,31.392
2024-10-01,13.381,66.68,71.46,3.562,31.317
2024-10-02,13.06,66.64,71.39,3.569,31.477
2024-10-03,13.369,68.55,73.36,3.585,31.739
2024-10-04,13.638,68.21,73.03,3.599,32.008
2024-10-07,13.641,69.73,74.7,3.601,31.824
2024-10-08,12.781,68.33,73.15,3.59,31.696
2024-10-09,12.764,67.78,72.51,3.559,31.495
2024-10-10,13.221,68.72,73.55,3.556,32.264
2024-10-11,13.3,68.75,73.6,3.533,32.232
2024-10-14,13.296,68.28,73.05,3.497,32.54
2024-10-15,13.203,66.31,70.98,3.525,32.156
2024-10-16,13.442,65.86,70.53,3.5,32.031
2024-10-17,13.399,66.07,70.78,3.512,32.141
2024-10-18,13.571,65.4,70.06,3.48,32.001
2024-10-21,13.304,66.14,70.81,3.501,32.425
2024-10-22,13.654,67.16,71.78,3.535,32.589
2024-10-23,13.676,66.37,70.95,3.547,33.003
2024-10-24,14.043,66.26,70.81,3.554,33.519
2024-10-25,14.221,67.14,71.73,3.563,33.673
2024-10-28,13.94,64.42,68.86,3.523,33.146
2024-10-29,13.829,64.39,68.85,3.53,33.082
2024-10-30,13.636,65.28,69.69,3.571,32.21
2024-10-31,12.709,65.34,69.78,3.554,32.111
2024-11-01,12.412,65.65,70.03,3.544,31.477
2024-11-04,,66.26,70.66,3.541,32.053
2024-11-05,,66.38,70.88,3.51,32.176
2024-11-06,,66.45,70.77,3.546,32.201
2024-11-07,13.431,67.0,71.22,3.535,32.354
2024-11-08,13.417,66.25,70.5,3.531,32.482
2024-11-11,13.834,65.09,69.36,3.556,32.678
2024-11-12,13.54,65.0,69.21,3.554,33.039
2024-11-13,13.606,64.96,69.22,3.581,32.781
2024-11-14,13.78,64.81,69.18,3.569,33.427
2024-11-15,13.663,63.9,68.25,3.598,33.099
2024-11-18,14.789,65.54,69.87,3.616,33.454
2024-11-19,14.689,65.87,70.15,3.626,33.528
2024-11-20,14.865,65.51,69.73,3.661,33.478
2024-11-21,15.44,65.81,70.05,3.677,34.111
2024-11-22,14.843,66.34,70.56,3.675,33.849
2024-11-25,15.39,64.96,69.19,3.718,33.93
2024-11-26,14.888,65.16,69.35,3.726,33.823
2024-11-27,15.008,64.93,69.12,3.678,33.519
2024-11-28,14.829,,69.52,,33.605
2024-11-29,15.471,64.43,68.75,3.713,34.066
2024-12-02,15.402,64.51,68.8,3.705,34.457
2024-12-03,15.397,65.53,69.84,3.659,34.296
2024-12-04,15.082,64.49,68.88,3.707,33.93
2024-12-05,14.955,64.35,68.7,3.715,33.785
2024-12-06,14.982,64.06,68.36,3.727,34.022
2024-12-09,14.539,64.96,69.15,3.723,33.716
2024-12-10,14.72,64.95,69.07,3.719,34.139
2024-12-11,14.34,65.51,69.52,3.723,34.042
2024-12-12,13.566,65.57,69.61,3.729,33.497
2024-12-13,13.252,66.08,70.08,3.707,33.023
2024-12-16,12.778,65.82,69.78,3.693,32.758
2024-12-17,13.517,65.28,69.21,3.712,33.652
2024-12-18,13.032,65.17,69.03,3.69,33.261
2024-12-19,13.796,64.59,68.53,3.712,34.287
2024-12-20,13.796,64.69,68.66,3.74,34.569
2024-12-23,14.249,64.66,68.66,3.762,34.901
2024-12-24,14.404,65.14,69.16,3.778,35.194
2024-12-25,14.705,,,,
2024-12-26,14.733,64.84,68.84,3.772,35.194
2024-12-27,14.676,65.13,69.13,3.825,36.175
2024-12-30,14.771,65.44,69.44,3.851,36.115
2024-12-31,15.406,65.88,69.92,3.815,36.812
2025-01-01,15.481,,,,
2025-01-02,15.605,66.41,70.47,3.821,37.454
2025-01-03,15.632,66.6,70.59,3.759,37.65
2025-01-06,15.049,66.84,70.7,3.788,37.199
2025-01-07,15.219,66.99,70.92,3.764,37.423
2025-01-08,14.32,66.51,70.47,3.793,36.584
2025-01-09,14.34,66.59,70.6,3.803,36.467
2025-01-10,14.324,67.08,71.24,3.809,36.88
2025-01-13,15.196,66.77,70.92,3.822,38.374
2025-01-14,14.949,67.27,71.29,3.834,37.618
2025-01-15,14.887,67.7,71.74,3.875,37.451
2025-01-16,14.566,67.17,71.17,3.954,37.363
2025-01-17,14.779,67.06,71.01,3.882,37.9
2025-01-20,15.091,,71.34,,37.72
2025-01-21,15.736,67.04,71.07,3.861,38.009
2025-01-22,15.409,67.06,71.07,3.924,37.172
2025-01-23,15.611,66.99,71.05,3.946,37.399
2025-01-24,15.567,66.72,70.79,3.952,37.563
2025-01-27,15.293,65.86,69.84,3.862,36.859
2025-01-28,14.905,65.66,69.55,3.792,37.035
2025-01-29,16.206,65.29,69.23,3.849,38.181
2025-01-30,14.227,65.39,69.31,3.778,37.771
2025-01-31,15.03,65.25,69.21,3.784,39.336
2025-02-03,15.056,65.22,69.16,3.865,39.635
2025-02-04,14.818,65.72,69.65,3.844,39.257
2025-02-05,15.234,65.02,68.94,3.868,40.327
2025-02-06,15.432,65.22,69.13,3.872,41.088
2025-02-07,15.889,65.46,69.43,3.845,41.616
2025-02-10,16.566,66.03,69.94,3.948,42.723
2025-02-11,16.076,66.96,70.93,3.983,42.664
2025-02-12,16.047,65.99,69.88,3.995,42.305
2025-02-13,14.638,65.81,69.65,4.017,38.663
2025-02-14,14.775,65.86,69.71,4.035,37.904
2025-02-17,14.163,,70.02,,35.788
2025-02-18,14.726,66.19,70.11,4.142,36.852
2025-02-19,13.892,66.38,70.32,4.161,36.323
2025-02-20,14.157,66.74,70.64,4.061,36.324
2025-02-21,13.787,65.47,69.4,4.063,36.425
2025-02-24,14.319,65.52,69.44,4.034,36.168
2025-02-25,13.514,64.3,68.21,4.057,34.455
2025-02-26,13.041,63.84,67.71,3.947,33.895
2025-02-27,14.276,64.56,68.47,3.928,35.376
2025-02-28,13.547,64.02,67.87,3.949,35.184
2025-03-03,14.072,63.54,67.43,4.01,35.427
2025-03-04,13.368,63.44,67.25,4.022,33.724
2025-03-05,13.049,62.34,66.07,4.083,32.718
2025-03-06,11.996,62.21,65.92,4.048,31.353
2025-03-07,13.201,62.86,66.65,4.176,32.527
2025-03-10,,61.84,65.59,4.224,33.68
2025-03-11,,61.94,65.71,4.276,34.156
2025-03-12,,63.01,66.8,4.208,33.647
2025-03-13,,62.38,66.14,4.263,33.238
2025-03-14,,62.86,66.56,4.288,32.82
2025-03-17,13.133,63.24,66.96,4.269,32.376
2025-03-18,13.078,63.11,66.83,4.253,32.116
2025-03-19,14.126,63.13,66.91,4.296,33.651
2025-03-20,13.66,63.76,67.57,4.218,33.659
2025-03-21,13.447,63.68,67.47,4.215,33.859
2025-03-24,13.314,64.04,67.87,4.232,34.223
2025-03-25,12.909,64.08,67.91,4.23,33.444
2025-03-26,12.828,64.44,68.31,4.222,33.386
2025-03-27,13.046,64.74,68.62,4.251,33.512
2025-03-28,12.85,64.03,67.84,4.252,33.262
2025-03-31,12.92,65.01,68.9,4.275,33.949
2025-04-01,13.48,65.19,69.03,4.22,34.706
2025-04-02,12.993,65.31,69.19,4.248,34.461
2025-04-03,12.791,62.37,66.21,4.236,33.079
2025-04-04,11.74,59.43,63.31,4.09,32.043
2025-04-07,11.616,59.31,63.18,3.969,32.711
2025-04-08,11.595,57.93,61.81,3.902,32.526
2025-04-09,10.938,59.75,63.47,4.043,31.519
2025-04-10,11.069,58.72,62.43,3.913,31.422
2025-04-11,11.329,59.1,62.88,3.931,31.445
2025-04-14,11.526,59.67,63.42,3.886,31.81
2025-04-15,11.364,59.21,63.03,3.946,32.135
2025-04-16,11.826,59.67,63.54,3.991,31.99
2025-04-17,11.885,61.14,65.09,4.015,32.274
2025-04-18,11.89,,,,
2025-04-21,12.19,59.82,63.8,3.92,32.274
2025-04-22,11.852,60.81,64.73,3.934,31.145
2025-04-23,11.574,60.3,64.17,3.964,31.134
2025-04-24,11.462,60.87,64.78,3.984,30.837
2025-04-25,10.924,61.07,64.99,3.982,29.785
2025-04-28,11.108,60.59,64.49,4.052,29.969
2025-04-29,10.909,59.82,63.72,4.084,29.868
2025-04-30,11.127,57.9,61.74,4.129,30.681
2025-05-01,11.045,58.65,62.43,4.191,30.681
2025-05-02,11.353,58.45,62.2,4.242,31.154
2025-05-05,11.463,57.88,61.54,4.288,31.361
2025-05-06,12.122,59.4,63.0,4.288,32.407
2025-05-07,11.876,58.53,62.13,4.281,32.502
2025-05-08,12.273,59.66,63.25,4.248,32.811
2025-05-09,12.002,60.11,63.71,4.294,32.603
2025-05-12,12.062,61.11,64.76,4.274,33.156
2025-05-13,12.322,62.03,65.69,4.315,33.427
2025-05-14,12.074,61.51,65.23,4.27,32.848
2025-05-15,12.31,60.7,64.41,4.262,33.024
2025-05-16,11.868,60.86,64.5,4.28,33.034
2025-05-19,11.977,60.62,64.24,4.124,32.93
2025-05-20,12.64,60.9,64.51,4.228,33.885
2025-05-21,12.549,60.67,64.31,4.236,33.965
2025-05-22,12.394,60.37,63.95,4.243,33.861
2025-05-23,12.571,60.53,64.13,4.289,34.065
2025-05-26,12.761,,64.03,,34.51
2025-05-27,12.482,60.08,63.65,4.29,34.302
2025-05-28,12.407,60.53,64.06,4.228,34.18
2025-05-29,12.084,59.54,63.08,4.193,33.27
2025-05-30,11.752,59.19,62.62,4.181,32.363
2025-06-02,12.205,60.25,63.72,4.261,32.82
2025-06-03,12.491,61.14,64.65,4.301,33.418
2025-06-04,12.439,60.58,64.05,4.333,33.212
2025-06-05,12.83,60.93,64.39,4.33,33.696
2025-06-06,12.756,61.53,65.01,4.375,33.629
2025-06-09,12.563,61.8,65.28,4.35,33.385
2025-06-10,12.364,61.63,65.14,4.32,32.751
2025-06-11,12.8,63.05,66.57,4.297,33.544
2025-06-12,13.084,62.72,66.29,4.272,33.69
2025-06-13,13.422,64.19,68.06,4.291,34.776
2025-06-16,13.457,64.58,68.3,4.324,34.964
2025-06-17,13.852,65.9,69.77,4.367,35.722
2025-06-18,13.915,65.71,69.61,4.398,35.407
2025-06-19,14.786,,70.39,,36.803
2025-06-20,14.57,65.92,69.82,4.39,36.298
2025-06-23,14.638,63.92,67.67,4.363,36.09
2025-06-24,12.803,61.68,65.29,4.319,33.881
2025-06-25,13.366,61.28,64.89,4.307,33.897
2025-06-26,12.925,61.64,65.19,4.309,33.436
2025-06-27,12.772,61.51,65.02,4.353,33.069
2025-06-30,12.725,61.39,64.87,4.218,32.591
2025-07-01,13.057,61.59,65.09,4.184,32.773
2025-07-02,12.817,62.19,65.69,4.201,32.965
2025-07-03,12.963,62.06,65.63,4.146,33.085
2025-07-04,12.925,,65.44,,33.033
2025-07-07,13.088,62.69,66.19,4.178,33.147
2025-07-08,13.254,63.25,66.75,4.171,33.423
2025-07-09,13.269,63.01,66.53,4.14,33.553
2025-07-10,13.382,62.3,65.81,4.202,33.868
2025-07-11,13.522,63.31,66.88,4.236,33.945
2025-07-14,13.326,62.97,66.57,4.287,33.986
2025-07-15,12.967,62.59,66.15,4.304,33.542
2025-07-16,12.417,62.41,65.97,4.298,33.494
2025-07-17,12.283,63.01,66.59,4.264,33.436
2025-07-18,11.953,63.04,66.59,4.243,32.926
2025-07-21,11.937,63.03,66.6,4.135,32.384
2025-07-22,12.017,62.68,66.22,4.141,32.404
2025-07-23,11.95,62.74,66.31,4.064,32.281
2025-07-24,11.782,63.08,66.6,4.055,32.388
2025-07-25,11.836,62.52,66.02,4.016,32.465
2025-07-28,11.949,63.64,67.17,3.946,32.873
2025-07-29,12.256,64.79,68.33,3.966,33.686
2025-07-30,12.085,64.83,68.52,3.953,33.957
2025-07-31,12.085,64.23,67.88,3.991,33.992
2025-08-01,11.776,62.63,66.24,3.995,33.252
2025-08-04,11.9,62.39,66.0,3.921,33.363
2025-08-05,11.942,61.8,65.34,3.931,33.264
2025-08-06,11.582,61.29,64.83,3.967,32.655
2025-08-07,11.57,61.33,64.82,3.964,32.38
2025-08-08,11.325,61.16,64.73,3.911,31.907
2025-08-11,11.581,61.41,64.99,3.918,32.291
2025-08-12,11.411,61.22,64.8,3.882,31.958
2025-08-13,11.508,60.97,64.58,3.867,32.026
2025-08-14,11.266,61.45,65.04,3.845,31.798
2025-08-15,10.829,61.0,64.63,3.879,30.666
2025-08-18,10.922,61.47,65.11,3.889,30.686
2025-08-19,10.924,60.92,64.61,3.849,30.747
2025-08-20,11.274,61.65,65.32,3.853,31.218
2025-08-21,11.575,62.23,65.91,3.883,31.945
2025-08-22,11.762,62.27,65.98,3.841,32.043
2025-08-25,11.746,62.97,66.67,3.82,32.265
2025-08-26,11.47,61.82,65.55,3.847,31.841
2025-08-27,11.289,62.13,65.87,3.882,31.354
2025-08-28,11.103,62.53,66.31,3.929,30.81
2025-08-29,11.058,62.0,65.78,3.956,30.838
2025-09-01,11.451,,66.29,,31.29
2025-09-02,11.236,63.49,67.29,3.922,31.226
2025-09-03,11.304,62.56,66.32,3.927,31.469
2025-09-04,11.338,61.92,65.63,3.929,31.655
2025-09-05,11.229,60.88,64.58,3.891,31.277
2025-09-08,11.592,61.41,65.15,3.911,31.881
2025-09-09,11.38,61.69,65.44,3.918,31.808
2025-09-10,11.604,62.4,66.22,3.903,31.968
2025-09-11,11.304,61.42,65.28,3.908,31.541
2025-09-12,11.408,61.75,65.6,3.887,31.809
2025-09-15,11.273,62.11,66.0,3.918,31.599
2025-09-16,11.579,62.87,66.7,3.945,31.78
2025-09-17,11.549,62.23,66.08,3.958,31.836
2025-09-18,11.586,61.81,65.66,3.917,32.141
2025-09-19,11.38,61.13,64.89,3.915,31.77
2025-09-22,11.286,61.22,64.96,3.88,31.457
2025-09-23,11.407,61.86,65.56,3.86,31.694
2025-09-24,11.236,62.5,66.27,3.868,31.582
2025-09-25,11.279,62.58,66.48,3.893,31.742
2025-09-26,11.395,63.19,67.02,3.911,31.956
2025-09-29,11.223,61.78,65.62,3.939,31.595
2025-09-30,10.865,61.01,64.82,3.929,30.909
2025-10-01,10.781,60.69,64.45,4.019,30.861
2025-10-02,10.646,59.94,63.7,4.062,30.913
2025-10-03,10.864,60.18,63.9,4.059,30.838
2025-10-06,11.281,60.85,64.64,4.06,31.739
2025-10-07,11.305,60.71,64.42,4.118,31.716
2025-10-08,11.067,61.12,64.92,4.074,31.475
2025-10-09,10.932,60.54,64.29,4.04,31.247
2025-10-10,10.792,58.67,62.43,3.988,31.006
2025-10-13,10.568,59.37,63.16,3.991,30.582
2025-10-14,10.719,58.79,62.48,3.927,30.659
2025-10-15,10.839,58.56,62.23,3.928,30.629
2025-10-16,11.17,57.78,61.45,3.893,30.837
2025-10-17,11.017,58.27,62.01,3.946,30.443
2025-10-20,10.922,58.24,61.94,4.065,30.339
2025-10-21,11.084,58.14,61.76,4.085,30.738
2025-10-22,10.972,58.97,62.59,4.058,30.685
2025-10-23,11.151,59.77,63.56,4.045,31.266
2025-10-24,11.025,59.82,63.59,4.027,30.978
2025-10-27,10.839,59.89,63.6,4.045,30.43
2025-10-28,10.868,59.66,63.36,3.979,30.502
2025-10-29,10.941,59.99,63.69,3.97,30.695
2025-10-30,10.718,59.99,63.7,4.025,30.391
2025-10-31,10.62,60.03,63.67,4.095,30.199
2025-11-03,10.744,60.29,63.95,4.151,30.562
2025-11-04,10.884,60.15,63.79,4.176,31.031
2025-11-05,10.66,59.54,63.17,4.11,30.654
2025-11-06,10.729,59.47,62.97,4.124,30.512
2025-11-07,10.581,59.77,63.26,4.133,30.249
2025-11-10,10.479,60.0,63.53,4.123,30.162
2025-11-11,10.557,60.74,64.28,4.204,30.15
2025-11-12,10.493,58.72,62.27,4.211,29.905
2025-11-13,10.39,58.69,62.26,4.226,29.657
2025-11-14,10.547,59.48,63.07,4.177,30.026
2025-11-17,11.47,59.4,63.01,4.139,30.051
2025-11-18,11.47,59.79,63.41,4.123,30.181
2025-11-19,11.276,58.44,62.08,4.184,29.683
2025-11-20,11.513,58.25,61.9,4.162,29.796
2025-11-21,11.447,57.71,61.37,4.172,28.823
2025-11-24,11.134,58.35,62.01,4.133,28.646
2025-11-25,11.038,57.81,61.44,4.039,28.326
2025-11-26,10.969,58.37,61.97,4.042,28.289
2025-11-27,10.927,,62.27,,28.168
2025-11-28,10.805,58.03,61.6,4.103,27.894
2025-12-01,10.888,58.78,62.36,4.107,27.413
2025-12-02,10.928,58.08,61.68,4.12,27.35
2025-12-03,10.978,58.17,61.81,4.248,27.58
2025-12-04,10.552,58.59,62.18,4.305,26.786
2025-12-05,10.802,58.98,62.59,4.398,26.897
2025-12-08,10.578,58.05,61.6,4.169,26.42
2025-12-09,10.856,57.84,61.33,4.058,26.76
2025-12-10,10.583,58.03,61.5,4.081,26.043
2025-12-11,10.705,57.4,60.91,4.004,26.138
2025-12-12,10.723,57.12,60.61,3.868,26.703
2025-12-15,10.525,57.01,60.5,3.817,26.465
2025-12-16,9.539,55.67,59.1,3.78,25.826
2025-12-17,9.627,56.1,59.53,3.84,26.24
2025-12-18,9.77,56.12,59.54,3.756,26.393
2025-12-19,9.78,56.41,59.85,3.751,26.778
2025-12-22,9.648,57.5,60.94,3.672,26.688
2025-12-23,9.657,57.7,61.15,3.809,26.755
2025-12-24,9.856,57.8,61.25,3.752,27.063
2025-12-25,9.884,,,,
2025-12-26,9.776,56.55,59.94,3.83,27.063
2025-12-29,9.779,57.49,60.86,3.905,27.291
2025-12-30,9.403,57.42,60.74,3.889,26.778
2025-12-31,9.907,56.92,60.19,3.761,27.119
2026-01-01,9.877,,,,
2026-01-02,9.811,57.0,60.29,3.681,27.655
2026-01-05,9.199,57.53,60.8,3.556,26.626
2026-01-06,9.541,56.56,59.91,3.511,26.946
2026-01-07,9.448,55.84,59.31,3.584,27.186
2026-01-08,9.046,57.29,60.85,3.51,26.445
2026-01-09,9.571,58.15,61.79,3.372,26.7
2026-01-12,10.03,58.46,62.11,3.486,27.228
2026-01-13,9.611,59.51,63.18,3.519,27.237
2026-01-14,9.472,60.28,64.03,3.396,26.991
2026-01-15,9.799,58.22,61.9,3.401,27.853
2026-01-16,,58.44,62.14,3.39,29.526
2026-01-19,10.706,,61.88,,29.059
2026-01-20,11.17,59.1,62.79,3.724,29.457
2026-01-21,11.188,59.5,63.23,3.883,30.559
2026-01-22,11.378,58.6,62.29,3.926,29.933
2026-01-23,11.735,59.73,63.42,3.958,29.927
2026-01-26,11.767,59.65,63.37,4.08,29.032
2026-01-27,11.754,60.64,64.43,4.081,28.715
2026-01-28,11.244,61.03,64.89,4.051,29.486
2026-01-29,11.975,62.37,66.35,4.14,31.15
2026-01-30,11.769,62.24,66.24,4.384,31.749
2026-02-02,9.358,59.59,63.42,3.693,29.919
2026-02-03,10.566,60.73,64.58,3.725,29.574
2026-02-04,11.016,62.23,66.25,3.799,30.09
2026-02-05,10.89,61.03,64.93,3.804,30.125
2026-02-06,11.436,61.53,65.46,3.741,31.171
2026-02-09,10.559,62.36,66.3,3.613,30.749
2026-02-10,10.277,62.12,66.05,3.611,29.882
2026-02-11,10.719,62.54,66.52,3.646,30.062
2026-02-12,10.745,60.97,64.92,3.642,30.424
2026-02-13,10.626,60.93,64.91,3.633,30.141
2026-02-16,10.149,,65.64,,29.318
2026-02-17,9.96,60.66,64.75,3.516,28.841
2026-02-18,10.565,62.56,66.86,3.497,30.032
2026-02-19,11.026,63.43,67.82,3.531,32.044
2026-02-20,10.414,63.49,67.84,3.557,31.06
2026-02-23,10.504,63.61,67.9,3.511,31.178
2026-02-24,10.258,63.46,67.82,3.446,30.53
2026-02-25,10.697,63.38,67.9,3.465,30.837
2026-02-26,10.909,62.93,67.75,3.441,31.652
2026-02-27,10.674,64.14,69.09,3.462,31.47
2026-03-02,14.591,65.43,70.71,3.544,37.93
2026-03-03,16.997,66.09,71.3,3.616,46.862
2026-03-04,17.021,66.4,71.37,3.52,40.682
2026-03-05,17.072,68.11,72.7,3.62,43.155
2026-03-06,18.121,70.23,75.11,3.746,48.336
2026-03-09,18.024,72.44,78.41,3.674,51.86
2026-03-10,14.241,70.32,75.69,3.579,44.469
2026-03-11,16.579,73.58,79.03,3.724,47.239
2026-03-12,16.363,76.88,82.41,3.714,48.691
2026-03-13,16.202,78.03,83.64,3.636,48.207
2026-03-16,18.53,76.08,81.75,3.533,49.073
2026-03-17,19.905,77.76,83.95,3.548,50.03
2026-03-18,20.34,79.24,86.26,3.55,52.625
2026-03-19,22.675,79.68,86.57,3.612,60.473
2026-03-20,21.545,79.82,87.29,3.591,58.744
2026-03-23,20.697,74.52,81.71,3.438,56.79
2026-03-24,19.644,77.89,84.82,3.444,53.915
2026-03-25,19.698,77.11,83.5,3.44,53.065
2026-03-26,20.615,78.97,85.84,3.442,55.651
2026-03-27,20.103,78.69,85.91,3.527,54.764
2026-03-30,20.3,78.19,85.68,3.419,55.043
2026-03-31,18.896,73.61,81.01,3.344,50.457
2026-04-01,18.627,72.38,79.46,3.284,47.404
2026-04-02,19.964,73.16,80.47,3.294,49.784
2026-04-03,,73.16,,3.294,
2026-04-06,19.546,74.87,81.83,3.299,49.784
2026-04-07,20.471,76.22,83.13,3.348,52.725
2026-04-08,17.487,75.07,81.19,3.243,45.444
2026-04-09,18.515,75.29,81.24,3.231,46.263
2026-04-10,18.026,76.15,82.0,3.229,43.414
2026-04-13,19.374,78.48,84.32,3.222,45.565
2026-04-14,17.92,76.7,82.48,3.182,42.772
2026-04-15,18.055,77.31,83.19,3.19,41.129
2026-04-16,15.989,77.57,83.97,3.21,42.211
2026-04-17,15.174,73.5,79.41,3.229,38.852
2026-04-20,15.068,75.59,81.92,3.242,40.021
2026-04-21,16.223,76.54,83.26,3.247,41.55
2026-04-22,16.426,77.7,84.76,3.26,43.294
2026-04-23,16.462,79.21,86.74,3.188,44.172
2026-04-24,16.797,78.78,86.46,3.136,44.788
2026-04-27,16.532,79.7,88.01,3.162,44.666
2026-04-28,16.203,80.43,88.56,3.141,43.556
2026-04-29,17.726,81.72,89.96,3.095,46.687
2026-04-30,17.459,82.26,90.37,3.178,45.822
2026-05-01,16.953,81.42,89.77,3.203,45.699
2026-05-04,17.98,85.94,94.75,3.288,47.915
2026-05-05,17.504,83.87,93.17,3.197,46.757
2026-05-06,16.19,78.89,87.35,3.134,43.765
2026-05-07,16.725,79.34,87.58,3.137,43.376
2026-05-08,16.216,80.95,89.28,3.124,43.922
2026-05-11,17.646,83.32,91.59,3.215,45.98
2026-05-12,17.506,85.58,94.03,3.141,46.285
2026-05-13,17.535,83.52,91.82,3.131,46.53
2026-05-14,18.009,83.23,91.3,3.154,46.848
2026-05-15,19.039,85.6,93.49,3.181,49.329
2026-05-18,18.804,87.8,95.46,3.248,49.805
2026-05-19,19.73,87.26,94.57,3.343,51.218
2026-05-20,18.97,83.69,90.58,3.204,49.122
2026-05-21,18.569,83.38,90.04,3.196,49.104
2026-05-22,18.741,83.63,90.55,3.065,48.336
2026-05-25,17.79,,86.44,,45.193
2026-05-26,18.561,81.92,88.57,3.052,47.241
2026-05-27,18.044,79.59,86.03,3.122,46.31
2026-05-28,18.492,81.08,87.31,3.308,46.743
2026-05-29,18.127,79.66,85.6,3.327,45.684
2026-06-01,19.034,81.88,88.03,3.232,48.565
2026-06-02,18.973,82.62,89.07,3.211,47.326
2026-06-03,19.103,84.26,90.24,3.262,48.656
2026-06-04,19.023,82.15,88.04,3.373,48.584
2026-06-05,18.888,81.01,86.82,3.285,48.373
2026-06-08,19.509,82.96,88.54,3.218,49.843
2026-06-09,19.248,81.39,86.84,3.204,48.804
2026-06-10,19.775,82.95,88.3,3.239,50.012
2026-06-11,18.469,81.53,86.53,3.144,49.76
2026-06-12,18.216,78.63,83.59,3.16,46.909
2026-06-15,16.989,75.7,80.35,3.169,42.676
2026-06-16,16.348,73.15,77.62,3.249,41.99
2026-06-17,15.719,73.35,77.9,3.186,42.095
2026-06-18,15.318,73.3,78.12,3.268,40.772
2026-06-19,15.782,,78.52,,42.375
2026-06-22,15.893,71.62,76.41,3.266,42.19
2026-06-23,15.857,71.3,75.94,3.177,42.329
2026-06-24,15.315,68.97,73.37,3.252,41.247
2026-06-25,15.412,70.52,74.91,3.277,40.688
2026-06-26,15.663,68.26,72.35,3.255,41.068
2026-06-29,16.109,69.57,73.61,3.158,42.642
2026-06-30,16.35,68.68,72.93,3.213,43.565
2026-07-01,16.014,68.29,72.15,3.164,42.965
2026-07-02,16.806,68.46,72.32,3.123,44.118
2026-07-03,16.71,,72.39,,45.212
2026-07-06,16.102,68.49,72.4,3.121,44.29
2026-07-07,17.332,69.92,74.03,3.164,46.765
2026-07-08,17.623,72.2,77.03,3.141,49.12
2026-07-09,17.255,71.17,75.87,2.981,50.1
2026-07-10,16.673,70.9,75.8,2.924,48.657
2026-07-13,18.263,76.42,81.85,2.893,51.302
2026-07-14,18.387,76.35,82.02,2.895,53.123
2026-07-15,18.409,76.93,82.14,2.911,54.468
2026-07-16,20.2,76.34,81.77,2.854,54.817
2026-07-17,21.491,78.91,84.58,2.905,57.345
2026-07-20,21.406,79.28,85.09,2.874,58.62
2026-07-21,21.357,80.0,86.04,2.873,59.586
2026-07-22,22.486,80.81,87.17,2.926,62.419
2026-07-23,22.096,82.93,89.98,2.95,61.891
2026-07-24,22.311,81.73,88.07,2.919,63.552
2026-07-27,19.914,78.17,83.67,2.823,58.211
2026-07-28,20.495,75.33,80.19,2.744,57.7
2026-07-29,22.391,79.68,85.42,2.769,60.519
2026-07-30,21.165,78.19,83.88,2.799,58.324
2026-07-31,21.772,78.65,84.58,2.787,59.036
2026-08-03,20.674,75.68,81.09,2.824,57.571
2026-08-04,20.035,73.15,77.93,2.728,56.06
2026-08-05,20.209,72.94,77.86,2.736,52.55
2026-08-06,22.394,74.91,80.46,2.688,55.895
2026-08-07,20.592,75.96,81.65,2.721,55.697
2026-08-10,23.076,79.92,85.89,2.852,60.967
2026-08-11,21.511,80.31,86.62,2.83,58.893
2026-08-12,21.944,80.5,86.82,2.862,61.162
2026-08-13,21.631,79.07,85.22,2.785,60.52
2026-08-14,21.867,80.1,86.57,2.785,61.501
2026-08-17,21.852,82.41,89.03,2.729,61.885
2026-08-18,22.232,82.72,89.45,2.803,63.769
2026-08-19,22.296,82.81,89.79,2.826,63.509
2026-08-20,22.768,84.86,91.97,2.76,65.402
2026-08-21,23.165,85.16,92.67,2.811,66.002
2026-08-24,23.829,83.3,90.54,2.835,68.457
2026-08-25,22.276,80.88,87.27,2.821,66.722
2026-08-26,23.089,80.85,86.94,2.874,65.777
2026-08-27,24.113,81.97,88.52,2.914,68.268
2026-08-28,22.837,81.83,88.1,2.888,66.979
2026-08-31,24.424,84.06,90.49,2.935,69.809
2026-09-01,25.255,87.75,94.65,2.904,72.218
2026-09-02,24.822,88.28,95.63,2.956,73.634
2026-09-03,24.048,88.03,95.52,2.913,71.81
2026-09-04,24.719,88.57,96.28,2.975,71.952
2026-09-07,24.312,,97.0,,73.306
2026-09-08,26.486,90.19,97.92,2.916,75.841
2026-09-09,26.549,92.87,101.21,2.822,79.246
2026-09-10,26.984,98.4,107.63,2.834,82.047
2026-09-11,26.148,95.94,104.61,2.831,79.52
2026-09-14,26.691,97.14,105.68,2.896,82.566
2026-09-15,25.979,100.75,108.75,2.919,80.06
2026-09-16,26.861,97.51,105.83,2.891,78.03
2026-09-17,27.214,97.23,104.82,2.901,76.352
2026-09-18,27.544,96.08,103.87,2.912,79.518
2026-09-21,25.697,92.37,100.34,2.836,73.253
2026-09-22,25.293,90.52,99.25,2.965,73.34
2026-09-23,26.05,92.16,103.08,3.023,72.01
2026-09-24,26.529,94.61,106.6,3.297,75.106
2026-09-25,24.815,92.41,104.32,3.196,72.071
