date,AJKMM1 Comdty,CL1 Comdty,CO1 Comdty,NG1 Comdty,TZT1 Comdty
2021-03-29,6.863,61.56,64.98,2.586,18.443
2021-03-30,6.893,60.55,64.14,2.623,18.804
2021-03-31,7.023,59.16,63.54,2.608,18.994
2021-04-01,6.925,61.45,64.86,2.639,19.172
2021-04-02,6.925,61.45,,2.639,
2021-04-05,6.925,58.65,62.15,2.511,19.172
2021-04-06,6.986,59.33,62.74,2.456,19.781
2021-04-07,6.965,59.77,63.16,2.52,19.287
2021-04-08,6.987,59.6,63.2,2.522,18.991
2021-04-09,6.987,59.32,62.95,2.526,18.938
2021-04-12,7.005,59.7,63.28,2.561,19.65
2021-04-13,7.015,60.18,63.67,2.619,19.512
2021-04-14,7.015,63.15,66.58,2.618,19.682
2021-04-15,7.017,63.46,66.94,2.658,20.26
2021-04-16,8.235,63.13,66.77,2.68,20.538
2021-04-19,8.67,63.38,67.05,2.749,20.941
2021-04-20,8.65,62.44,66.57,2.727,21.066
2021-04-21,8.54,61.35,65.32,2.692,21.109
2021-04-22,8.55,61.43,65.4,2.749,21.368
2021-04-23,8.2,62.14,66.11,2.73,20.046
2021-04-26,8.25,61.91,65.65,2.79,20.001
2021-04-27,8.563,62.94,66.42,2.873,21.403
2021-04-28,8.6,63.86,67.27,2.925,21.554
2021-04-29,8.753,65.01,68.56,2.911,22.501
2021-04-30,8.923,63.58,67.25,2.931,23.285
2021-05-03,8.945,64.49,67.56,2.966,23.813
2021-05-04,9.006,65.69,68.88,2.967,23.048
2021-05-05,8.971,65.63,68.96,2.938,23.962
2021-05-06,9.061,64.71,68.09,2.928,24.33
2021-05-07,9.045,64.9,68.28,2.958,23.941
2021-05-10,9.121,64.92,68.32,2.932,25.192
2021-05-11,9.116,65.28,68.55,2.955,25.803
2021-05-12,9.126,66.08,69.32,2.969,26.42
2021-05-13,9.126,63.82,67.05,2.973,26.251
2021-05-14,9.132,65.37,68.71,2.961,26.83
2021-05-17,10.303,66.27,69.46,3.109,26.31
2021-05-18,9.995,65.49,68.71,3.012,24.811
2021-05-19,9.41,63.36,66.66,2.964,22.663
2021-05-20,10.038,62.05,65.11,2.925,24.685
2021-05-21,10.04,63.58,66.44,2.906,24.794
2021-05-24,10.088,66.05,68.46,2.886,24.761
2021-05-25,10.613,66.07,68.65,2.913,26.188
2021-05-26,10.613,66.21,68.87,2.984,26.427
2021-05-27,10.313,66.85,69.46,2.958,25.199
2021-05-28,10.35,66.32,69.63,2.986,24.931
2021-05-31,10.3,,69.32,,25.123
2021-06-01,10.675,67.72,70.25,3.104,25.975
2021-06-02,10.65,68.83,71.35,3.075,25.723
2021-06-03,10.638,68.81,71.31,3.041,25.707
2021-06-04,10.628,69.62,71.89,3.097,25.795
2021-06-07,10.675,69.23,71.49,3.07,26.492
2021-06-08,10.843,70.05,72.22,3.128,27.802
2021-06-09,10.903,69.96,72.22,3.129,28.298
2021-06-10,10.926,70.29,72.52,3.149,28.687
2021-06-11,10.921,70.91,72.69,3.296,27.845
2021-06-14,10.921,70.88,72.86,3.352,28.81
2021-06-15,10.924,72.12,73.99,3.24,28.133
2021-06-16,11.618,72.15,74.39,3.251,28.03
2021-06-17,11.579,71.04,73.08,3.253,28.312
2021-06-18,11.858,71.64,73.51,3.215,29.404
2021-06-21,11.955,73.66,74.9,3.191,29.616
2021-06-22,12.381,73.06,74.81,3.258,30.737
2021-06-23,12.628,73.08,75.19,3.333,31.547
2021-06-24,12.634,73.3,75.56,3.418,32.016
2021-06-25,12.827,74.05,76.18,3.496,32.383
2021-06-28,12.791,72.91,74.68,3.617,32.289
2021-06-29,12.922,72.98,74.76,3.63,33.486
2021-06-30,13.117,73.47,75.13,3.65,34.622
2021-07-01,13.315,75.23,75.84,3.661,36.143
2021-07-02,13.243,75.16,76.17,3.7,35.827
2021-07-05,13.416,,77.16,,37.945
2021-07-06,13.026,73.37,74.53,3.637,34.105
2021-07-07,12.808,72.2,73.43,3.596,32.338
2021-07-08,12.909,72.94,74.12,3.688,33.312
2021-07-09,13.05,74.56,75.55,3.674,36.632
2021-07-12,13.011,74.1,75.16,3.749,34.649
2021-07-13,12.971,75.25,76.49,3.696,35.463
2021-07-14,12.976,73.13,74.76,3.66,34.775
2021-07-15,12.973,71.65,73.47,3.614,33.797
2021-07-16,13.98,71.81,73.59,3.674,34.842
2021-07-19,14.203,66.42,68.62,3.779,35.649
2021-07-20,14.03,67.42,69.35,3.876,35.165
2021-07-21,14.315,70.3,72.23,3.959,35.949
2021-07-22,14.338,71.91,73.79,4.003,36.129
2021-07-23,14.187,72.07,74.1,4.06,35.523
2021-07-26,14.591,71.91,74.5,4.102,36.914
2021-07-27,14.769,71.65,74.48,3.971,37.59
2021-07-28,15.088,72.39,74.74,4.044,39.698
2021-07-29,15.239,73.62,76.05,4.059,41.154
2021-07-30,15.053,73.95,76.33,3.914,40.756
2021-08-02,15.508,71.26,72.89,3.935,42.153
2021-08-03,15.395,70.56,72.41,4.027,41.243
2021-08-04,15.325,68.15,70.38,4.158,42.253
2021-08-05,15.475,69.09,71.29,4.14,42.899
2021-08-06,15.8,68.28,70.7,4.14,43.118
2021-08-09,15.83,66.48,69.04,4.06,42.786
2021-08-10,15.784,68.29,70.63,4.089,44.655
2021-08-11,15.689,69.25,71.44,4.059,45.986
2021-08-12,15.668,69.09,71.31,3.933,45.871
2021-08-13,15.655,68.44,70.59,3.861,44.628
2021-08-16,17.995,67.29,69.51,3.946,47.988
2021-08-17,17.552,66.59,69.03,3.837,46.949
2021-08-18,16.847,65.46,68.23,3.852,45.385
2021-08-19,15.145,63.69,66.45,3.83,40.395
2021-08-20,15.613,62.32,65.18,3.851,41.944
2021-08-23,16.157,65.64,68.75,3.945,41.68
2021-08-24,16.85,67.54,71.05,3.896,44.87
2021-08-25,17.035,68.36,72.25,3.897,45.285
2021-08-26,17.223,67.42,71.07,4.184,45.788
2021-08-27,17.7,68.74,72.7,4.37,47.806
2021-08-30,17.922,69.21,73.41,4.305,49.679
2021-08-31,18.208,68.5,72.99,4.377,50.338
2021-09-01,18.16,68.59,71.59,4.615,50.232
2021-09-02,18.43,69.99,73.03,4.641,51.916
2021-09-03,18.458,69.29,72.61,4.712,51.505
2021-09-06,18.546,,72.22,,52.874
2021-09-07,18.678,68.35,71.69,4.568,53.908
2021-09-08,18.65,69.3,72.6,4.914,55.288
2021-09-09,18.635,68.14,71.45,5.031,56.581
2021-09-10,18.648,69.72,72.92,4.938,57.916
2021-09-13,18.816,70.45,73.51,5.231,61.279
2021-09-14,18.935,70.46,73.6,5.26,65.764
2021-09-15,19.019,72.61,75.46,5.46,70.707
2021-09-16,23.56,72.61,75.67,5.335,63.251
2021-09-17,24.728,71.97,75.34,5.105,65.103
2021-09-20,27.518,70.29,73.92,4.985,75.317
2021-09-21,27.5,70.56,74.36,4.805,73.782
2021-09-22,27.188,72.23,76.19,4.805,71.692
2021-09-23,26.925,73.3,77.25,4.976,69.684
2021-09-24,27.635,73.98,78.09,5.14,70.24
2021-09-27,29.223,75.45,79.53,5.706,76.507
2021-09-28,29.224,75.29,79.09,5.841,78.565
2021-09-29,30.226,74.83,78.64,5.477,86.609
2021-09-30,31.302,75.03,78.52,5.867,97.774
2021-10-01,30.885,75.88,79.28,5.619,93.625
2021-10-04,31.63,77.62,81.26,5.766,96.652
2021-10-05,35.068,78.93,82.56,6.312,116.02
2021-10-06,34.371,77.43,81.08,5.675,108.191
2021-10-07,33.08,78.3,81.95,5.677,96.584
2021-10-08,32.133,79.35,82.39,5.565,87.606
2021-10-11,33.099,80.52,83.65,5.345,85.216
2021-10-12,32.899,80.64,83.42,5.505,85.698
2021-10-13,33.109,80.44,83.18,5.59,93.616
2021-10-14,33.305,81.31,84.0,5.687,102.172
2021-10-15,33.254,82.28,84.86,5.41,93.648
2021-10-18,35.045,82.44,84.33,4.989,93.933
2021-10-19,34.53,82.96,85.08,5.088,89.932
2021-10-20,35.528,83.87,85.82,5.17,93.451
2021-10-21,33.626,82.5,84.61,5.115,88.463
2021-10-22,33.382,83.76,85.53,5.28,87.338
2021-10-25,33.663,83.76,85.99,5.898,88.643
2021-10-26,34.153,84.65,86.4,5.882,88.493
2021-10-27,33.728,82.66,84.58,6.202,86.819
2021-10-28,32.443,82.81,84.32,5.782,77.032
2021-10-29,29.2,83.57,84.38,5.426,64.864
2021-11-01,29.207,84.05,84.71,5.186,65.619
2021-11-02,30.806,83.91,84.72,5.542,67.606
2021-11-03,32.397,80.86,81.99,5.67,76.542
2021-11-04,32.022,78.81,80.54,5.716,73.376
2021-11-05,31.687,81.27,82.74,5.516,74.027
2021-11-08,32.148,81.93,83.43,5.427,79.074
2021-11-09,31.705,84.15,84.78,4.979,72.587
2021-11-10,31.14,81.34,82.64,4.88,70.123
2021-11-11,31.414,81.59,82.87,5.149,74.79
2021-11-12,31.565,80.79,82.17,4.791,75.675
2021-11-15,31.612,80.88,82.05,5.017,79.947
2021-11-16,37.858,80.76,82.43,5.177,94.189
2021-11-17,37.361,78.36,80.28,4.816,95.004
2021-11-18,37.533,79.01,81.24,4.902,95.167
2021-11-19,34.453,76.1,78.89,5.065,87.125
2021-11-22,33.807,76.75,79.7,4.789,84.017
2021-11-23,35.988,78.5,82.31,4.967,90.927
2021-11-24,36.463,78.39,82.25,5.068,93.984
2021-11-25,36.38,,82.22,,93.194
2021-11-26,34.922,68.15,72.72,5.447,87.772
2021-11-29,36.075,69.95,73.44,4.854,93.146
2021-11-30,35.818,66.18,70.57,4.567,92.513
2021-12-01,35.878,65.57,68.87,4.258,95.675
2021-12-02,35.523,66.5,69.67,4.056,94.83
2021-12-03,34.645,66.26,69.88,4.132,89.478
2021-12-06,34.761,69.49,73.08,3.657,89.928
2021-12-07,35.103,72.05,75.44,3.708,95.883
2021-12-08,35.305,72.36,75.82,3.815,101.502
2021-12-09,35.243,70.94,74.42,3.814,100.445
2021-12-10,35.318,71.67,75.15,3.925,105.776
2021-12-13,35.745,71.29,74.39,3.794,116.084
2021-12-14,35.828,70.73,73.7,3.747,128.301
2021-12-15,35.87,70.87,73.88,3.802,132.284
2021-12-16,44.653,72.38,75.02,3.766,142.765
2021-12-17,43.0,70.86,73.52,3.69,136.913
2021-12-20,45.363,68.23,71.52,3.834,146.926
2021-12-21,48.923,71.12,73.98,3.869,180.267
2021-12-22,47.358,72.76,75.29,3.976,172.875
2021-12-23,39.66,73.79,76.85,3.731,132.579
2021-12-24,39.9,,76.14,,110.469
2021-12-27,40.09,75.57,78.6,4.06,106.893
2021-12-28,37.734,75.98,78.94,4.055,106.59
2021-12-29,33.74,76.56,79.23,4.024,96.476
2021-12-30,33.105,76.99,79.32,3.561,87.027
2021-12-31,30.588,75.21,77.78,3.73,70.343
2022-01-03,31.369,76.08,78.98,3.815,80.434
2022-01-04,33.004,76.99,80.0,3.717,88.741
2022-01-05,34.02,77.85,80.8,3.882,91.522
2022-01-06,34.102,79.46,81.99,3.812,96.502
2022-01-07,33.85,78.9,81.75,3.916,88.174
2022-01-10,33.321,78.23,80.87,4.079,84.607
2022-01-11,32.615,81.22,83.72,4.249,78.736
2022-01-12,32.999,82.64,84.67,4.857,75.153
2022-01-13,32.71,82.12,84.47,4.27,85.46
2022-01-14,32.845,83.82,86.06,4.262,86.97
2022-01-17,20.596,,86.48,,77.012
2022-01-18,23.168,85.43,87.51,4.283,78.334
2022-01-19,21.335,86.96,88.44,4.031,75.602
2022-01-20,20.883,86.9,88.38,3.802,75.203
2022-01-21,22.112,85.14,87.89,3.999,78.98
2022-01-24,25.645,83.31,86.27,4.027,93.0
2022-01-25,26.622,85.6,88.2,4.053,93.582
2022-01-26,26.22,87.35,89.96,4.277,91.837
2022-01-27,25.695,86.61,89.34,6.265,92.301
2022-01-28,26.776,86.82,90.03,4.639,92.062
2022-01-31,24.505,88.15,91.21,4.874,84.672
2022-02-01,22.998,88.2,89.16,4.751,76.167
2022-02-02,23.715,88.26,89.47,5.501,77.351
2022-02-03,24.785,90.27,91.11,4.888,80.223
2022-02-04,25.58,92.31,93.27,4.572,82.652
2022-02-07,25.375,91.32,92.69,4.232,79.595
2022-02-08,25.24,89.36,90.78,4.248,77.3
2022-02-09,24.568,89.66,91.55,4.009,74.417
2022-02-10,24.881,89.88,91.41,3.959,74.353
2022-02-11,24.876,93.1,94.44,3.941,77.426
2022-02-14,24.856,95.46,96.48,4.195,80.771
2022-02-15,24.815,92.07,93.28,4.306,70.919
2022-02-16,23.086,93.66,94.81,4.717,69.795
2022-02-17,24.605,91.76,92.97,4.486,74.914
2022-02-18,23.903,91.07,93.54,4.431,73.762
2022-02-21,24.16,,95.39,,72.564
2022-02-22,26.132,92.35,96.84,4.498,79.789
2022-02-23,28.947,92.1,96.84,4.623,88.891
2022-02-24,37.223,92.81,99.08,4.568,134.316
2022-02-25,27.253,91.59,97.93,4.47,94.422
2022-02-28,28.932,95.72,100.99,4.402,98.595
2022-03-01,32.673,103.41,104.97,4.573,121.674
2022-03-02,39.071,110.6,112.93,4.762,165.543
2022-03-03,41.07,107.67,110.46,4.722,160.823
2022-03-04,40.09,115.68,118.11,5.016,192.55
2022-03-07,46.412,119.4,123.21,4.833,227.201
2022-03-08,41.32,123.7,127.98,4.527,214.554
2022-03-09,37.955,108.7,111.14,4.526,155.88
2022-03-10,37.579,106.02,109.33,4.631,126.399
2022-03-11,37.365,109.33,112.67,4.725,131.229
2022-03-14,37.246,103.01,106.9,4.658,114.522
2022-03-15,37.445,96.44,99.91,4.568,115.439
2022-03-16,33.472,95.04,98.02,4.748,102.623
2022-03-17,34.913,102.98,106.64,4.99,105.088
2022-03-18,34.991,104.7,107.93,4.863,105.044
2022-03-21,33.473,112.12,115.62,4.9,96.302
2022-03-22,33.411,111.76,115.48,5.187,98.747
2022-03-23,35.147,114.93,121.6,5.232,117.001
2022-03-24,34.493,112.34,119.03,5.401,111.608
2022-03-25,34.259,113.9,120.65,5.571,101.269
2022-03-28,32.739,105.96,112.48,5.508,102.545
2022-03-29,32.874,104.24,110.23,5.336,108.381
2022-03-30,33.745,107.82,113.45,5.605,118.97
2022-03-31,34.5,100.28,107.91,5.642,125.906
2022-04-01,33.598,99.27,104.39,5.72,112.15
2022-04-04,33.104,103.28,107.53,5.712,109.523
2022-04-05,33.576,101.96,106.64,6.032,108.564
2022-04-06,33.361,96.23,101.07,6.029,106.791
2022-04-07,33.051,96.03,100.58,6.359,104.564
2022-04-08,32.986,98.26,102.78,6.278,103.882
2022-04-11,32.798,94.29,98.48,6.643,100.137
2022-04-12,33.123,100.6,104.64,6.68,102.219
2022-04-13,32.938,104.25,108.78,6.997,105.324
2022-04-14,32.93,106.95,111.7,7.3,95.62
2022-04-15,25.365,,,,
2022-04-18,25.351,108.21,113.16,7.82,95.62
2022-04-19,25.06,102.56,107.25,7.176,93.768
2022-04-20,25.046,102.75,106.8,6.937,94.231
2022-04-21,25.504,103.79,108.33,6.957,100.061
2022-04-22,24.776,102.07,106.65,6.534,94.875
2022-04-25,24.375,98.54,102.32,6.669,92.837
2022-04-26,25.184,101.7,104.99,6.85,103.208
2022-04-27,24.683,102.02,105.32,7.267,107.427
2022-04-28,24.088,105.36,107.59,6.888,100.142
2022-04-29,23.597,104.69,109.34,7.244,99.45
2022-05-02,22.693,105.17,107.58,7.475,97.051
2022-05-03,23.036,102.41,104.97,7.954,99.426
2022-05-04,23.994,107.81,110.14,8.415,103.821
2022-05-05,24.132,108.26,110.9,8.783,106.508
2022-05-06,23.855,109.77,112.39,8.043,101.708
2022-05-09,23.053,103.09,105.94,7.026,93.787
2022-05-10,23.173,99.76,102.46,7.385,98.801
2022-05-11,23.324,105.71,107.51,7.64,94.012
2022-05-12,23.551,106.13,107.45,7.739,106.701
2022-05-13,23.433,110.49,111.55,7.663,96.881
2022-05-16,20.512,114.2,114.24,7.956,92.86
2022-05-17,20.667,112.4,111.93,8.304,94.175
2022-05-18,21.808,109.59,109.11,8.368,94.538
2022-05-19,22.245,112.21,112.04,8.308,91.024
2022-05-20,22.174,113.23,112.55,8.083,87.902
2022-05-23,22.082,110.29,113.42,8.744,83.288
2022-05-24,22.247,109.77,113.56,8.796,84.507
2022-05-25,22.86,110.33,114.03,8.971,88.078
2022-05-26,23.06,114.09,117.4,8.908,85.971
2022-05-27,23.736,115.07,119.43,8.727,86.875
2022-05-30,24.621,,121.67,,87.987
2022-05-31,24.239,114.67,122.84,8.145,94.004
2022-06-01,23.325,115.26,116.29,8.696,85.551
2022-06-02,23.447,116.87,117.61,8.485,83.945
2022-06-03,23.604,118.87,119.72,8.523,83.101
2022-06-06,23.205,118.5,119.51,9.322,82.558
2022-06-07,22.873,119.41,120.57,9.293,79.608
2022-06-08,22.783,122.11,123.58,8.699,79.407
2022-06-09,23.131,121.51,123.07,8.963,84.88
2022-06-10,23.087,120.67,122.01,8.85,82.464
2022-06-13,23.04,120.93,122.27,8.609,83.402
2022-06-14,23.26,118.93,121.17,7.189,97.04
2022-06-15,23.395,115.31,118.51,7.42,120.332
2022-06-16,35.164,117.59,119.81,7.464,124.364
2022-06-17,33.857,109.56,113.12,6.944,117.738
2022-06-20,35.725,,114.13,,120.627
2022-06-21,36.797,110.65,114.65,6.808,125.56
2022-06-22,36.783,106.19,111.74,6.858,127.171
2022-06-23,37.199,104.27,110.05,6.239,133.347
2022-06-24,36.585,107.62,113.12,6.22,128.505
2022-06-27,36.583,109.57,115.09,6.501,129.459
2022-06-28,36.886,111.76,117.98,6.551,129.176
2022-06-29,38.205,109.78,116.26,6.498,139.588
2022-06-30,38.059,105.76,114.81,5.424,144.514
2022-07-01,38.751,108.43,111.63,5.73,147.784
2022-07-04,40.363,,113.5,,162.94
2022-07-05,39.661,99.5,102.77,5.523,165.073
2022-07-06,39.167,98.53,100.69,5.51,170.999
2022-07-07,39.816,102.73,104.65,6.297,183.183
2022-07-08,39.189,104.79,107.02,6.034,175.212
2022-07-11,39.019,104.09,107.1,6.426,164.52
2022-07-12,38.695,95.84,99.49,6.163,172.609
2022-07-13,39.29,96.3,99.57,6.689,180.505
2022-07-14,39.169,95.78,99.1,6.6,175.033
2022-07-15,39.081,97.59,101.16,7.016,159.567
2022-07-18,36.643,102.6,106.27,7.479,157.258
2022-07-19,37.328,104.22,107.35,7.264,154.457
2022-07-20,38.42,102.26,106.92,8.007,155.038
2022-07-21,39.392,96.35,103.86,7.932,155.6
2022-07-22,39.197,94.7,103.2,8.299,159.864
2022-07-25,41.271,96.7,105.15,8.727,176.616
2022-07-26,43.247,94.98,104.4,8.993,199.918
2022-07-27,44.002,97.26,106.62,8.687,205.225
2022-07-28,41.789,96.42,107.14,8.134,198.93
2022-07-29,42.364,98.62,110.01,8.229,190.915
2022-08-01,45.066,93.89,100.03,8.283,200.794
2022-08-02,45.666,94.42,100.54,7.706,205.174
2022-08-03,45.53,90.66,96.78,8.266,199.195
2022-08-04,44.721,88.54,94.12,8.122,199.248
2022-08-05,44.74,89.01,94.92,8.064,196.32
2022-08-08,44.349,90.76,96.65,7.589,193.055
2022-08-09,44.43,90.5,96.31,7.833,192.184
2022-08-10,44.88,91.93,97.4,8.202,205.367
2022-08-11,45.319,94.34,99.6,8.874,208.11
2022-08-12,45.385,92.09,98.15,8.768,206.108
2022-08-15,45.443,89.41,95.1,8.728,220.11
2022-08-16,57.151,86.53,92.34,9.329,225.914
2022-08-17,56.454,88.11,93.65,9.244,225.835
2022-08-18,57.45,90.5,96.59,9.188,241.004
2022-08-19,56.66,90.77,96.72,9.336,244.55
2022-08-22,57.749,90.23,96.48,9.68,276.748
2022-08-23,56.704,93.74,100.22,9.193,269.049
2022-08-24,64.334,94.89,101.22,9.33,292.15
2022-08-25,69.594,92.52,99.34,9.375,321.414
2022-08-26,70.571,93.06,100.99,9.296,339.196
2022-08-29,64.408,97.01,105.09,9.353,272.603
2022-08-30,58.255,91.64,99.31,9.042,252.937
2022-08-31,54.105,89.55,96.49,9.127,239.907
2022-09-01,58.214,86.61,92.36,9.262,243.004
2022-09-02,54.828,86.87,93.02,8.786,214.665
2022-09-05,55.822,,95.74,,245.926
2022-09-06,55.536,86.88,92.83,8.145,239.842
2022-09-07,54.509,81.94,88.0,7.842,213.883
2022-09-08,53.491,83.54,89.15,7.915,220.541
2022-09-09,53.832,86.79,92.84,7.996,207.091
2022-09-12,53.137,87.78,94.0,8.249,190.588
2022-09-13,53.126,87.31,93.17,8.284,198.612
2022-09-14,53.233,88.48,94.1,9.114,217.882
2022-09-15,53.508,85.1,90.84,8.324,214.283
2022-09-16,40.736,85.11,91.35,7.764,187.793
2022-09-19,40.972,85.73,92.0,7.752,182.262
2022-09-20,42.589,84.45,90.62,7.717,194.259
2022-09-21,39.399,82.94,89.83,7.779,189.781
2022-09-22,39.386,83.49,90.46,7.089,187.468
2022-09-23,38.482,78.74,86.15,6.828,185.495
2022-09-26,37.204,76.71,84.06,6.903,173.834
2022-09-27,40.527,78.5,86.27,6.651,186.099
2022-09-28,41.098,82.15,89.32,6.868,207.187
2022-09-29,38.352,81.23,88.49,6.874,187.665
2022-09-30,38.084,79.49,87.96,6.766,188.8
2022-10-03,37.576,83.63,88.86,6.47,169.912
2022-10-04,36.515,86.52,91.8,6.837,161.95
2022-10-05,35.031,87.76,93.37,6.93,173.693
2022-10-06,35.771,88.45,94.42,6.972,175.712
2022-10-07,34.216,92.64,97.92,6.748,156.207
2022-10-10,34.387,91.13,96.19,6.435,154.118
2022-10-11,34.705,89.35,94.29,6.596,156.781
2022-10-12,34.743,87.27,92.45,6.435,160.19
2022-10-13,34.754,89.11,94.57,6.741,153.809
2022-10-14,34.779,85.61,91.63,6.453,141.997
2022-10-17,30.971,85.46,91.62,5.999,127.978
2022-10-18,28.979,82.82,90.03,5.745,113.222
2022-10-19,30.186,85.55,92.41,5.462,112.51
2022-10-20,32.661,85.98,92.38,5.358,127.147
2022-10-21,32.235,85.05,93.5,4.959,113.576
2022-10-24,30.845,84.58,93.26,5.199,99.17
2022-10-25,30.932,85.32,93.52,5.613,99.794
2022-10-26,30.6,87.91,95.69,5.606,104.32
2022-10-27,30.67,89.08,96.96,5.186,107.384
2022-10-28,30.007,87.9,95.77,5.684,112.244
2022-10-31,27.306,86.53,94.83,6.355,123.352
2022-11-01,27.593,88.37,94.65,5.714,116.193
2022-11-02,28.654,90.0,96.16,6.268,125.863
2022-11-03,27.592,88.17,94.67,5.975,125.445
2022-11-04,28.187,92.61,98.57,6.4,114.786
2022-11-07,27.291,91.79,97.92,6.944,109.683
2022-11-08,27.977,88.91,95.36,6.138,118.147
2022-11-09,27.673,85.83,92.65,5.865,113.144
2022-11-10,27.496,86.47,93.67,6.239,113.452
2022-11-11,27.161,88.96,95.99,5.879,97.853
2022-11-14,27.229,85.87,93.14,5.933,113.704
2022-11-15,27.397,86.92,93.86,6.034,124.104
2022-11-16,26.443,85.59,92.86,6.2,113.9
2022-11-17,26.258,81.64,89.78,6.369,112.556
2022-11-18,26.718,80.08,87.62,6.303,115.509
2022-11-21,27.603,79.73,87.45,6.776,116.128
2022-11-22,28.595,80.95,88.36,6.779,119.639
2022-11-23,30.927,77.94,85.41,7.308,129.62
2022-11-24,30.078,,85.34,,123.785
2022-11-25,29.957,76.28,83.63,7.024,124.37
2022-11-28,30.273,77.24,83.19,6.712,123.282
2022-11-29,30.918,78.2,83.03,7.235,132.286
2022-11-30,33.53,80.55,85.43,6.93,146.397
2022-12-01,32.599,81.22,86.88,6.738,139.258
2022-12-02,32.023,79.98,85.57,6.281,135.562
2022-12-05,32.672,76.93,82.68,5.577,134.699
2022-12-06,32.888,74.25,79.35,5.469,138.488
2022-12-07,33.734,72.01,77.17,5.723,149.245
2022-12-08,33.738,71.46,76.15,5.962,138.893
2022-12-09,33.4,71.02,76.1,6.245,139.113
2022-12-12,33.113,73.17,77.99,6.587,136.59
2022-12-13,33.374,75.39,80.68,6.935,137.529
2022-12-14,33.391,77.28,82.7,6.43,131.511
2022-12-15,33.443,76.11,81.21,6.97,134.767
2022-12-16,35.719,74.29,79.04,6.6,115.451
2022-12-19,35.713,75.19,79.8,5.851,108.543
2022-12-20,34.751,76.09,79.99,5.326,105.688
2022-12-21,31.756,78.29,82.2,5.332,97.752
2022-12-22,31.218,77.49,80.98,4.999,91.938
2022-12-23,28.12,79.56,83.92,5.079,82.977
2022-12-26,28.12,,,,
2022-12-27,28.513,79.53,84.33,5.282,80.043
2022-12-28,28.695,78.96,83.26,4.709,81.351
2022-12-29,28.809,78.4,82.26,4.559,83.83
2022-12-30,29.247,80.26,85.91,4.475,76.315
2023-01-02,28.978,,85.91,,77.017
2023-01-03,28.271,76.93,82.1,3.988,72.314
2023-01-04,28.002,72.84,77.84,4.172,65.022
2023-01-05,28.014,73.67,78.69,3.72,72.422
2023-01-06,27.683,73.77,78.57,3.71,69.534
2023-01-09,27.253,74.63,79.65,3.91,74.302
2023-01-10,26.97,75.12,80.1,3.639,70.071
2023-01-11,26.81,77.41,82.67,3.671,65.346
2023-01-12,26.763,78.39,84.03,3.695,66.809
2023-01-13,26.807,79.86,85.28,3.419,64.812
2023-01-16,17.562,,84.46,,55.454
2023-01-17,21.113,80.18,85.92,3.586,60.061
2023-01-18,21.575,79.48,84.98,3.311,61.709
2023-01-19,21.792,80.33,86.16,3.275,60.717
2023-01-20,22.515,81.31,87.63,3.174,66.898
2023-01-23,22.678,81.62,88.19,3.447,65.999
2023-01-24,21.058,80.13,86.13,3.258,58.269
2023-01-25,20.57,80.15,86.12,3.067,56.66
2023-01-26,20.042,81.01,87.47,2.944,54.815
2023-01-27,19.509,79.68,86.66,3.109,55.425
2023-01-30,19.445,77.9,84.9,2.677,55.156
2023-01-31,18.987,78.87,84.49,2.684,57.352
2023-02-01,18.997,76.41,82.84,2.468,59.527
2023-02-02,18.558,75.88,82.17,2.456,57.04
2023-02-03,18.613,73.39,79.94,2.41,57.889
2023-02-06,18.531,74.11,80.99,2.457,58.109
2023-02-07,18.079,77.14,83.69,2.584,55.403
2023-02-08,17.859,78.47,85.09,2.396,53.687
2023-02-09,17.843,78.06,84.5,2.43,52.734
2023-02-10,17.987,79.72,86.39,2.514,53.947
2023-02-13,17.89,80.14,86.61,2.405,51.707
2023-02-14,17.891,79.06,85.58,2.567,52.386
2023-02-15,17.882,78.59,85.38,2.471,54.716
2023-02-16,15.651,78.49,85.14,2.389,52.011
2023-02-17,15.185,76.34,83.0,2.275,49.047
2023-02-20,14.525,,84.07,,49.874
2023-02-21,14.364,76.16,83.05,2.073,48.542
2023-02-22,14.948,73.95,80.6,2.174,50.568
2023-02-23,14.95,75.39,82.21,2.314,50.78
2023-02-24,14.995,76.32,83.16,2.451,51.013
2023-02-27,14.634,75.68,82.45,2.731,47.299
2023-02-28,14.348,77.05,83.89,2.747,46.665
2023-03-01,14.523,77.69,84.31,2.811,47.084
2023-03-02,14.478,78.16,84.75,2.765,46.815
2023-03-03,14.249,79.68,85.83,3.009,44.98
2023-03-06,14.088,80.46,86.18,2.572,42.149
2023-03-07,13.975,77.58,83.29,2.687,43.37
2023-03-08,13.84,76.66,82.66,2.551,42.339
2023-03-09,14.124,75.72,81.59,2.543,43.599
2023-03-10,14.275,76.68,82.78,2.43,52.857
2023-03-13,14.259,74.8,80.77,2.606,49.584
2023-03-14,14.179,71.33,77.45,2.573,44.185
2023-03-15,14.168,67.61,73.69,2.439,42.905
2023-03-16,13.501,68.35,74.7,2.514,44.341
2023-03-17,13.126,66.74,72.97,2.338,42.857
2023-03-20,13.167,67.64,73.79,2.223,39.325
2023-03-21,13.852,69.33,75.32,2.348,42.4
2023-03-22,12.728,70.9,76.69,2.171,39.974
2023-03-23,13.288,69.96,75.91,2.154,43.186
2023-03-24,12.572,69.26,74.99,2.216,41.094
2023-03-27,12.538,72.81,78.12,2.088,42.528
2023-03-28,12.573,73.2,78.65,2.03,42.752
2023-03-29,12.543,72.97,78.28,1.991,42.803
2023-03-30,12.644,74.37,79.27,2.104,43.609
2023-03-31,13.055,75.67,79.77,2.216,47.843
2023-04-03,13.081,80.42,84.93,2.097,51.367
2023-04-04,12.875,80.71,84.94,2.106,46.568
2023-04-05,12.593,80.61,84.99,2.155,44.575
2023-04-06,12.621,80.7,85.12,2.011,43.125
2023-04-07,12.625,80.7,,2.011,
2023-04-10,12.621,79.74,84.18,2.172,43.125
2023-04-11,12.57,81.53,85.61,2.186,43.692
2023-04-12,12.629,83.26,87.33,2.093,42.88
2023-04-13,12.605,82.16,86.09,2.007,42.093
2023-04-14,12.593,82.52,86.31,2.114,41.149
2023-04-17,12.445,80.83,84.76,2.275,41.127
2023-04-18,12.886,80.86,84.77,2.366,42.722
2023-04-19,12.056,79.16,83.12,2.222,40.298
2023-04-20,12.067,77.29,81.1,2.249,40.565
2023-04-21,11.863,77.87,81.66,2.233,40.164
2023-04-24,11.87,78.76,82.73,2.273,39.925
2023-04-25,11.795,77.07,80.77,2.307,39.833
2023-04-26,11.412,74.3,77.69,2.117,38.551
2023-04-27,11.612,74.76,78.37,2.355,39.039
2023-04-28,11.451,76.78,79.54,2.41,38.538
2023-05-01,11.464,75.66,79.31,2.318,38.834
2023-05-02,11.453,71.66,75.32,2.214,37.529
2023-05-03,11.37,68.6,72.33,2.17,36.782
2023-05-04,11.174,68.56,72.5,2.101,35.653
2023-05-05,11.172,71.34,75.3,2.137,36.574
2023-05-08,11.215,73.16,77.01,2.238,36.874
2023-05-09,11.147,73.71,77.44,2.267,35.95
2023-05-10,11.137,72.56,76.41,2.191,34.993
2023-05-11,11.118,70.87,74.98,2.19,34.993
2023-05-12,11.08,70.04,74.17,2.266,32.767
2023-05-15,11.049,71.11,75.23,2.375,32.314
2023-05-16,9.821,70.86,74.91,2.376,31.821
2023-05-17,9.999,72.83,76.96,2.365,31.953
2023-05-18,9.583,71.86,75.86,2.592,29.785
2023-05-19,9.77,71.55,75.58,2.585,30.176
2023-05-22,9.87,71.99,75.99,2.4,29.711
2023-05-23,9.743,72.91,76.84,2.321,29.127
2023-05-24,9.551,74.34,78.36,2.398,27.785
2023-05-25,9.237,71.83,76.26,2.307,25.452
2023-05-26,9.178,72.67,76.95,2.181,24.52
2023-05-29,8.958,,77.07,,24.562
2023-05-30,9.206,69.46,73.54,2.327,24.681
2023-05-31,9.314,68.09,72.66,2.266,26.852
2023-06-01,9.109,70.1,74.28,2.158,23.103
2023-06-02,9.168,71.74,76.13,2.172,23.689
2023-06-05,9.395,72.15,76.71,2.245,28.478
2023-06-06,9.121,71.74,76.29,2.262,24.86
2023-06-07,9.236,72.53,76.95,2.329,26.331
2023-06-08,9.177,71.29,75.96,2.352,26.945
2023-06-09,9.365,70.17,74.79,2.254,32.049
2023-06-12,9.317,67.12,71.84,2.266,31.036
2023-06-13,9.419,69.42,74.29,2.34,36.051
2023-06-14,9.473,68.27,73.2,2.342,38.312
2023-06-15,9.584,70.62,75.67,2.533,41.145
2023-06-16,11.633,71.78,76.61,2.632,35.008
2023-06-19,12.321,,76.09,,34.898
2023-06-20,12.895,70.5,75.9,2.492,38.708
2023-06-21,12.413,72.53,77.12,2.597,36.743
2023-06-22,12.013,69.51,74.14,2.608,34.097
2023-06-23,11.798,69.16,73.85,2.729,32.507
2023-06-26,11.492,69.37,74.18,2.791,31.975
2023-06-27,12.085,67.7,72.26,2.763,34.506
2023-06-28,12.113,69.56,74.03,2.603,34.125
2023-06-29,12.238,69.86,74.34,2.701,35.18
2023-06-30,12.313,70.64,74.9,2.798,37.103
2023-07-03,11.968,69.79,74.65,2.709,33.929
2023-07-04,12.188,,76.25,,35.41
2023-07-05,12.062,71.79,76.65,2.657,34.373
2023-07-06,11.986,71.8,76.52,2.609,32.348
2023-07-07,12.067,73.86,78.47,2.582,33.478
2023-07-10,11.972,72.99,77.69,2.669,30.227
2023-07-11,11.941,74.83,79.4,2.731,29.061
2023-07-12,11.906,75.75,80.11,2.632,26.639
2023-07-13,11.87,76.89,81.36,2.545,26.607
2023-07-14,11.869,75.42,79.87,2.539,25.957
2023-07-17,10.541,74.15,78.5,2.512,25.101
2023-07-18,10.96,75.75,79.63,2.629,27.069
2023-07-19,10.7,75.35,79.46,2.603,26.963
2023-07-20,10.96,75.63,79.64,2.757,28.018
2023-07-21,10.943,77.07,81.07,2.713,28.164
2023-07-24,11.317,78.74,82.74,2.685,30.557
2023-07-25,11.568,79.63,83.64,2.73,32.648
2023-07-26,11.1,78.78,82.92,2.665,29.275
2023-07-27,11.016,80.09,84.24,2.492,28.434
2023-07-28,10.653,80.58,84.99,2.638,25.841
2023-07-31,10.856,81.8,85.56,2.634,28.366
2023-08-01,10.802,81.37,84.91,2.56,27.123
2023-08-02,10.966,79.49,83.2,2.477,28.742
2023-08-03,11.039,81.55,85.14,2.565,30.473
2023-08-04,10.928,82.82,86.24,2.577,28.853
2023-08-07,10.999,81.94,85.34,2.725,30.487
2023-08-08,10.986,82.92,86.17,2.777,31.066
2023-08-09,12.015,84.4,87.55,2.959,39.823
2023-08-10,11.108,82.82,86.4,2.763,37.056
2023-08-11,11.119,83.19,86.81,2.77,35.3
2023-08-14,11.159,82.51,86.21,2.795,34.434
2023-08-15,11.205,80.99,84.89,2.659,38.813
2023-08-16,14.284,79.38,83.45,2.592,37.784
2023-08-17,14.103,80.39,84.12,2.621,36.825
2023-08-18,13.937,81.25,84.8,2.551,36.41
2023-08-21,14.43,80.72,84.46,2.632,40.782
2023-08-22,14.362,80.35,84.03,2.56,42.908
2023-08-23,13.479,78.89,83.21,2.497,36.786
2023-08-24,12.68,79.05,83.36,2.519,31.938
2023-08-25,13.319,79.83,84.48,2.54,34.777
2023-08-28,13.46,80.1,84.42,2.579,38.414
2023-08-29,13.296,81.16,85.49,2.556,35.195
2023-08-30,13.405,81.63,85.86,2.796,35.992
2023-08-31,12.979,83.63,86.86,2.768,35.029
2023-09-01,13.541,85.55,88.55,2.765,35.617
2023-09-04,13.143,,89.0,,33.571
2023-09-05,13.255,86.69,90.04,2.582,34.449
2023-09-06,13.088,87.54,90.6,2.51,31.075
2023-09-07,13.128,86.87,89.92,2.579,32.755
2023-09-08,13.339,87.51,90.65,2.605,34.508
2023-09-11,13.404,87.29,90.64,2.608,35.848
2023-09-12,13.354,88.84,92.06,2.743,34.701
2023-09-13,13.402,88.52,91.88,2.68,36.817
2023-09-14,13.351,90.16,93.7,2.708,35.521
2023-09-15,13.329,90.77,93.93,2.644,36.483
2023-09-18,13.979,91.48,94.43,2.728,34.475
2023-09-19,14.259,91.2,94.34,2.848,36.782
2023-09-20,14.195,90.28,93.53,2.733,37.284
2023-09-21,14.356,89.63,93.3,2.61,39.105
2023-09-22,14.637,90.03,93.27,2.637,39.791
2023-09-25,15.17,89.68,93.29,2.639,44.442
2023-09-26,14.57,90.39,93.96,2.656,40.322
2023-09-27,14.595,93.68,96.55,2.764,39.296
2023-09-28,14.731,91.71,95.38,2.945,39.736
2023-09-29,14.532,90.79,95.31,2.929,41.859
2023-10-02,14.339,88.82,90.71,2.84,39.335
2023-10-03,14.036,89.23,90.92,2.949,36.987
2023-10-04,14.011,84.22,85.81,2.962,38.441
2023-10-05,13.928,82.31,84.07,3.166,36.207
2023-10-06,13.999,82.79,84.58,3.338,38.231
2023-10-09,14.23,86.38,88.15,3.376,43.953
2023-10-10,14.395,85.97,87.65,3.382,49.455
2023-10-11,14.351,83.49,85.82,3.377,46.068
2023-10-12,14.42,82.91,86.0,3.344,53.002
2023-10-13,14.475,87.69,90.89,3.236,53.982
2023-10-16,17.553,86.66,89.65,3.109,48.467
2023-10-17,17.568,86.66,89.9,3.079,48.896
2023-10-18,18.371,88.32,91.5,3.056,50.833
2023-10-19,18.24,89.37,92.38,2.957,50.172
2023-10-20,18.475,88.75,92.16,2.899,51.112
2023-10-23,18.627,85.49,89.83,2.926,51.276
2023-10-24,17.82,83.74,88.07,2.971,49.264
2023-10-25,17.846,85.39,90.13,3.01,49.924
2023-10-26,17.774,83.21,87.93,3.214,50.809
2023-10-27,17.815,85.54,90.48,3.164,50.532
2023-10-30,17.772,82.31,87.45,3.352,50.547
2023-10-31,17.483,81.02,87.41,3.575,48.006
2023-11-01,17.515,80.44,84.63,3.494,47.757
2023-11-02,17.454,82.46,86.85,3.472,48.564
2023-11-03,17.393,80.51,84.89,3.515,48.057
2023-11-06,17.218,80.82,85.18,3.264,44.832
2023-11-07,17.19,77.37,81.61,3.14,46.057
2023-11-08,17.152,75.33,79.54,3.106,45.777
2023-11-09,17.167,75.74,80.01,3.041,48.129
2023-11-10,17.133,77.17,81.43,3.033,46.632
2023-11-13,17.16,78.26,82.52,3.197,47.873
2023-11-14,17.099,78.26,82.47,3.106,47.608
2023-11-15,17.102,76.66,81.18,3.19,47.037
2023-11-16,17.154,72.9,77.42,3.062,45.849
2023-11-17,17.056,75.89,80.61,2.96,45.064
2023-11-20,17.272,77.6,82.32,2.882,45.821
2023-11-21,16.553,77.77,82.45,2.846,44.065
2023-11-22,16.592,77.1,81.96,2.897,44.616
2023-11-23,17.149,,81.42,,46.834
2023-11-24,17.14,75.54,80.58,2.855,46.657
2023-11-27,16.41,74.86,79.98,2.794,43.984
2023-11-28,16.303,76.41,81.68,2.706,42.774
2023-11-29,16.045,77.86,83.1,2.804,40.36
2023-11-30,16.119,75.96,82.83,2.802,42.091
2023-12-01,16.208,74.07,78.88,2.814,43.496
2023-12-04,16.008,73.04,78.03,2.694,40.104
2023-12-05,15.805,72.32,77.2,2.71,38.133
2023-12-06,15.936,69.38,74.3,2.569,39.313
2023-12-07,15.924,69.34,74.05,2.585,39.968
2023-12-08,15.756,71.23,75.84,2.581,38.598
2023-12-11,15.513,71.32,76.03,2.431,36.118
2023-12-12,15.4,68.61,73.24,2.311,34.703
2023-12-13,15.328,69.47,74.26,2.335,35.812
2023-12-14,15.27,71.58,76.61,2.392,34.85
2023-12-15,15.197,71.43,76.55,2.491,33.189
2023-12-18,12.384,72.47,77.95,2.503,35.522
2023-12-19,11.67,73.44,79.23,2.492,32.568
2023-12-20,11.811,74.22,79.7,2.447,33.521
2023-12-21,11.939,73.89,79.39,2.572,34.203
2023-12-22,12.059,73.56,79.07,2.61,34.174
2023-12-25,12.341,,,,
2023-12-26,11.846,75.57,81.07,2.55,
2023-12-27,11.948,74.11,79.65,2.619,35.513
2023-12-28,11.597,71.77,78.39,2.557,33.105
2023-12-29,11.443,71.65,77.04,2.514,32.35
2024-01-01,11.27,,,,
2024-01-02,11.26,70.38,75.89,2.568,30.572
2024-01-03,11.438,72.7,78.25,2.668,32.795
2024-01-04,11.508,72.19,77.59,2.821,33.41
2024-01-05,11.552,73.81,78.76,2.893,34.551
2024-01-08,11.36,70.77,76.12,2.98,31.58
2024-01-09,11.183,72.24,77.59,3.19,30.641
2024-01-10,11.212,71.37,76.8,3.039,30.942
2024-01-11,11.197,72.02,77.41,3.097,30.817
2024-01-12,11.185,72.68,78.29,3.313,31.991
2024-01-15,10.24,,78.15,,29.923
2024-01-16,10.013,72.4,78.29,2.9,29.656
2024-01-17,9.483,72.56,77.88,2.87,27.708
2024-01-18,9.518,74.08,79.1,2.697,27.893
2024-01-19,9.6,73.41,78.56,2.519,28.429
2024-01-22,9.342,75.19,80.06,2.419,27.264
2024-01-23,9.29,74.37,79.55,2.45,27.227
2024-01-24,9.588,75.09,80.04,2.641,28.929
2024-01-25,9.358,77.36,82.43,2.571,27.784
2024-01-26,9.333,78.01,83.55,2.712,28.079
2024-01-29,9.365,76.78,82.4,2.49,28.174
2024-01-30,9.503,77.82,82.87,2.077,29.391
2024-01-31,9.578,75.85,81.71,2.1,30.235
2024-02-01,9.435,73.82,78.7,2.05,28.991
2024-02-02,9.513,72.28,77.33,2.079,29.304
2024-02-05,9.416,72.78,77.99,2.082,28.341
2024-02-06,9.469,73.31,78.59,2.009,28.607
2024-02-07,9.439,73.86,79.21,1.967,28.186
2024-02-08,9.435,76.22,81.63,1.917,27.812
2024-02-09,9.42,76.84,82.19,1.847,27.117
2024-02-12,9.389,76.92,82.0,1.768,25.729
2024-02-13,9.372,77.87,82.77,1.689,25.436
2024-02-14,9.347,76.64,81.6,1.609,24.857
2024-02-15,9.347,78.03,82.86,1.581,24.966
2024-02-16,8.588,79.19,83.47,1.609,24.822
2024-02-19,8.26,,83.56,,23.704
2024-02-20,8.375,78.18,82.34,1.576,24.168
2024-02-21,8.287,77.91,83.03,1.773,23.977
2024-02-22,8.086,78.61,83.67,1.732,23.193
2024-02-23,8.123,76.49,81.62,1.603,22.934
2024-02-26,8.278,77.58,82.53,1.659,24.009
2024-02-27,8.282,78.87,83.65,1.615,24.392
2024-02-28,8.541,78.54,83.68,1.885,25.619
2024-02-29,8.302,78.26,83.62,1.86,24.865
2024-03-01,8.3,79.97,83.55,1.835,25.809
2024-03-04,8.506,78.74,82.8,1.916,26.885
2024-03-05,8.472,78.15,82.04,1.957,27.468
2024-03-06,8.462,79.13,82.96,1.929,26.572
2024-03-07,8.409,78.93,82.96,1.818,25.992
2024-03-08,8.512,78.01,82.08,1.805,26.392
2024-03-11,8.458,77.93,82.21,1.759,24.93
2024-03-12,8.469,77.56,81.92,1.714,24.775
2024-03-13,8.487,79.72,84.03,1.658,24.903
2024-03-14,8.507,81.26,85.42,1.741,26.049
2024-03-15,8.521,81.04,85.34,1.655,27.026
2024-03-18,9.89,82.72,86.89,1.703,28.822
2024-03-19,9.888,83.47,87.38,1.744,28.866
2024-03-20,9.56,81.68,85.95,1.699,27.742
2024-03-21,9.203,81.07,85.78,1.683,26.402
2024-03-22,9.494,80.63,85.43,1.659,27.776
2024-03-25,9.738,81.95,86.75,1.615,28.489
2024-03-26,9.465,81.62,86.25,1.575,27.132
2024-03-27,9.495,81.35,86.09,1.718,27.687
2024-03-28,9.506,83.17,87.48,1.763,27.34
2024-03-29,9.485,,,,
2024-04-01,9.51,83.71,87.42,1.837,
2024-04-02,9.419,85.15,88.92,1.862,26.203
2024-04-03,9.462,85.43,89.35,1.841,25.563
2024-04-04,9.534,86.59,90.65,1.774,26.206
2024-04-05,9.562,86.91,91.17,1.785,26.606
2024-04-08,9.614,86.43,90.38,1.844,27.908
2024-04-09,9.597,85.23,89.42,1.872,27.351
2024-04-10,9.584,86.21,90.48,1.885,27.1
2024-04-11,9.642,85.02,89.74,1.764,29.377
2024-04-12,9.669,85.66,90.45,1.77,30.732
2024-04-15,9.687,85.41,90.1,1.691,31.143
2024-04-16,11.241,85.36,90.02,1.732,33.139
2024-04-17,10.685,82.69,87.29,1.712,31.289
2024-04-18,10.889,82.73,87.11,1.757,32.309
2024-04-19,10.488,83.14,87.29,1.752,30.758
2024-04-22,10.382,82.85,87.0,1.791,29.31
2024-04-23,10.133,83.36,88.42,1.812,28.417
2024-04-24,10.384,82.81,88.02,1.653,29.018
2024-04-25,10.37,83.57,89.01,1.638,29.771
2024-04-26,10.238,83.85,89.5,1.614,28.886
2024-04-29,10.175,82.63,88.4,2.03,27.994
2024-04-30,10.305,81.93,87.86,1.991,29.118
2024-05-01,10.224,79.0,83.44,1.932,28.73
2024-05-02,10.495,78.95,83.67,2.035,30.913
2024-05-03,10.518,78.11,82.96,2.142,30.528
2024-05-06,10.546,78.48,83.33,2.195,31.801
2024-05-07,10.495,78.38,83.16,2.207,31.067
2024-05-08,10.443,78.99,83.58,2.187,30.609
2024-05-09,10.457,79.26,83.88,2.301,30.865
2024-05-10,10.458,78.26,82.79,2.252,30.029
2024-05-13,10.446,79.12,83.36,2.381,29.578
2024-05-14,10.45,78.02,82.38,2.344,29.669
2024-05-15,10.469,78.63,82.75,2.416,29.734
2024-05-16,11.047,79.23,83.27,2.495,30.248
2024-05-17,11.142,80.06,83.98,2.626,30.769
2024-05-20,11.532,79.8,83.71,2.751,31.768
2024-05-21,11.868,79.26,82.88,2.671,33.004
2024-05-22,12.113,77.57,81.9,2.842,34.389
2024-05-23,12.259,76.87,81.36,2.657,35.228
2024-05-24,12.009,77.72,82.12,2.52,34.115
2024-05-27,12.132,,83.1,,35.243
2024-05-28,11.862,79.83,84.22,2.59,33.534
2024-05-29,11.85,79.23,83.6,2.493,33.879
2024-05-30,12.026,77.91,81.86,2.572,35.192
2024-05-31,11.961,76.99,81.62,2.587,34.223
2024-06-03,12.132,74.22,78.36,2.756,36.014
2024-06-04,11.978,73.25,77.52,2.586,33.797
2024-06-05,11.972,74.07,78.41,2.757,33.355
2024-06-06,11.995,75.55,79.87,2.821,33.686
2024-06-07,11.958,75.53,79.62,2.918,33.109
2024-06-10,11.989,77.74,81.63,2.906,34.258
2024-06-11,12.024,77.9,81.92,3.129,34.285
2024-06-12,12.066,78.5,82.6,3.045,35.294
2024-06-13,12.12,78.62,82.75,2.959,35.724
2024-06-14,12.138,78.45,82.62,2.881,35.36
2024-06-17,12.53,80.33,84.25,2.788,34.21
2024-06-18,12.604,81.57,85.33,2.909,34.7
2024-06-19,12.718,,85.07,,35.338
2024-06-20,12.607,82.17,85.71,2.741,34.464
2024-06-21,12.453,80.73,85.24,2.705,33.936
2024-06-24,12.604,81.63,86.01,2.811,34.08
2024-06-25,12.758,80.83,85.01,2.756,34.853
2024-06-26,12.634,80.9,85.25,2.628,33.824
2024-06-27,12.683,81.74,86.39,2.685,34.565
2024-06-28,12.619,81.54,86.41,2.601,34.48
2024-07-01,12.501,83.38,86.6,2.478,33.485
2024-07-02,12.536,82.81,86.24,2.435,33.685
2024-07-03,12.367,83.88,87.34,2.418,32.691
2024-07-04,12.353,,87.43,,33.246
2024-07-05,12.427,83.16,86.54,2.319,33.067
2024-07-08,12.345,82.33,85.75,2.366,32.286
2024-07-09,12.365,81.41,84.66,2.344,31.335
2024-07-10,11.165,82.1,85.08,2.329,30.784
2024-07-11,11.458,82.62,85.4,2.268,31.112
2024-07-12,11.727,82.21,85.03,2.329,31.719
2024-07-15,11.602,81.91,84.85,2.158,31.371
2024-07-16,12.302,80.76,83.73,2.188,32.797
2024-07-17,12.09,82.85,85.08,2.035,31.893
2024-07-18,12.491,82.82,85.11,2.125,32.674
2024-07-19,12.119,80.13,82.63,2.128,32.17
2024-07-22,12.017,79.78,82.4,2.251,31.839
2024-07-23,11.913,76.96,81.01,2.187,31.622
2024-07-24,12.389,77.59,81.71,2.117,32.621
2024-07-25,12.05,78.28,82.37,2.041,31.779
2024-07-26,12.262,77.16,81.13,2.006,32.475
2024-07-29,12.672,75.81,79.78,1.907,33.873
2024-07-30,12.707,74.73,78.63,2.126,34.361
2024-07-31,12.849,77.91,80.72,2.036,35.868
2024-08-01,12.864,76.31,79.52,1.968,36.969
2024-08-02,13.043,73.52,76.81,1.967,36.649
2024-08-05,12.602,72.94,76.3,1.942,35.498
2024-08-06,12.945,73.2,76.48,2.01,36.676
2024-08-07,13.394,75.23,78.33,2.112,38.451
2024-08-08,13.909,76.19,79.16,2.127,40.095
2024-08-09,13.81,76.84,79.66,2.143,40.396
2024-08-12,13.667,80.06,82.3,2.189,39.658
2024-08-13,13.657,78.35,80.69,2.148,39.48
2024-08-14,13.753,76.98,79.76,2.219,38.967
2024-08-15,14.035,78.16,81.04,2.197,39.601
2024-08-16,14.429,76.65,79.68,2.123,39.644
2024-08-19,14.435,74.37,77.66,2.235,39.845
2024-08-20,13.954,74.04,77.2,2.198,37.957
2024-08-21,13.628,71.93,76.05,2.177,37.01
2024-08-22,13.659,73.01,77.22,2.053,36.587
2024-08-23,13.706,74.83,79.02,2.022,36.863
2024-08-26,14.056,77.42,81.43,1.956,37.656
2024-08-27,14.252,75.53,79.55,1.904,38.689
2024-08-28,14.166,74.52,78.65,1.93,38.52
2024-08-29,13.879,75.91,79.94,2.137,38.601
2024-08-30,14.085,73.55,78.8,2.127,39.823
2024-09-02,13.505,,77.52,,38.58
2024-09-03,13.131,70.34,73.75,2.203,37.193
2024-09-04,12.712,69.2,72.7,2.145,35.798
2024-09-05,12.763,69.15,72.69,2.254,36.195
2024-09-06,12.976,67.67,71.06,2.275,36.479
2024-09-09,13.749,68.71,71.84,2.17,37.333
2024-09-10,13.705,65.75,69.19,2.232,35.282
2024-09-11,13.705,67.31,70.61,2.27,36.142
2024-09-12,13.666,68.97,71.97,2.357,35.191
2024-09-13,13.674,68.65,71.61,2.305,35.648
2024-09-16,13.019,70.09,72.75,2.373,34.081
2024-09-17,13.311,71.19,73.7,2.324,35.547
2024-09-18,13.202,70.91,73.65,2.284,35.245
2024-09-19,12.676,71.95,74.88,2.348,33.083
2024-09-20,12.914,71.92,74.49,2.434,34.444
2024-09-23,13.194,70.37,73.9,2.613,36.211
2024-09-24,12.914,71.56,75.17,2.551,35.413
2024-09-25,13.128,69.69,73.46,2.637,37.319
2024-09-26,13.267,67.67,71.6,2.585,37.89
2024-09-27,13.282,68.18,71.98,2.902,38.114
2024-09-30,13.163,68.17,71.77,2.923,39.044
2024-10-01,13.152,69.83,73.56,2.896,39.273
2024-10-02,13.044,70.1,73.9,2.886,38.617
2024-10-03,13.105,73.71,77.62,2.97,39.912
2024-10-04,13.164,74.38,78.05,2.854,40.98
2024-10-07,13.127,77.14,80.93,2.746,40.244
2024-10-08,13.056,73.57,77.18,2.733,38.919
2024-10-09,13.017,73.24,76.58,2.66,38.341
2024-10-10,13.095,75.85,79.4,2.675,40.293
2024-10-11,13.085,75.56,79.04,2.632,39.879
2024-10-14,13.106,73.83,77.46,2.494,40.559
2024-10-15,13.109,70.58,74.25,2.498,39.973
2024-10-16,13.42,70.39,74.22,2.367,39.241
2024-10-17,13.464,70.67,74.45,2.347,39.65
2024-10-18,13.228,69.22,73.06,2.258,39.204
2024-10-21,13.347,70.56,74.29,2.312,40.024
2024-10-22,13.545,72.09,76.04,2.311,40.704
2024-10-23,13.643,70.77,74.96,2.342,41.38
2024-10-24,13.772,70.19,74.38,2.522,42.154
2024-10-25,13.976,71.78,76.05,2.56,43.513
2024-10-28,13.842,67.38,71.42,2.309,42.519
2024-10-29,13.778,67.21,71.12,2.346,42.869
2024-10-30,13.528,68.61,72.55,2.845,40.903
2024-10-31,13.517,69.26,73.16,2.707,40.588
2024-11-01,13.369,69.49,73.1,2.663,39.175
2024-11-04,13.475,71.47,75.08,2.781,40.301
2024-11-05,13.528,71.99,75.53,2.67,40.492
2024-11-06,13.463,71.69,74.92,2.747,40.388
2024-11-07,13.498,72.36,75.63,2.693,41.276
2024-11-08,13.591,70.38,73.87,2.669,42.409
2024-11-11,13.586,68.04,71.83,2.92,43.728
2024-11-12,13.594,68.12,71.89,2.907,44.255
2024-11-13,13.559,68.43,72.28,2.983,43.666
2024-11-14,13.578,68.7,72.56,2.785,46.224
2024-11-15,13.579,67.02,71.04,2.823,46.551
2024-11-18,14.655,69.16,73.3,2.973,46.9
2024-11-19,14.428,69.39,73.31,2.998,45.668
2024-11-20,14.764,68.87,72.81,3.193,46.796
2024-11-21,15.205,70.1,74.23,3.339,48.303
2024-11-22,14.862,71.24,75.17,3.129,47.018
2024-11-25,15.17,68.94,73.01,3.369,47.733
2024-11-26,15.058,68.77,72.81,3.431,47.216
2024-11-27,15.112,68.72,72.83,3.204,46.762
2024-11-28,15.072,,73.28,,46.26
2024-11-29,15.024,68.0,72.94,3.363,47.811
2024-12-02,15.118,68.1,71.83,3.213,48.655
2024-12-03,15.143,69.94,73.62,3.042,48.557
2024-12-04,15.032,68.54,72.31,3.043,47.046
2024-12-05,15.024,68.3,72.09,3.079,46.551
2024-12-06,15.061,67.2,71.12,3.076,46.48
2024-12-09,15.013,68.37,72.14,3.182,44.855
2024-12-10,14.992,68.59,72.19,3.163,45.552
2024-12-11,14.959,70.29,73.52,3.378,44.694
2024-12-12,14.912,70.02,73.41,3.455,42.804
2024-12-13,14.877,71.29,74.49,3.28,41.215
2024-12-16,12.843,70.71,73.91,3.214,40.277
2024-12-17,13.415,70.08,73.19,3.308,42.065
2024-12-18,13.084,70.58,73.39,3.374,41.007
2024-12-19,13.537,69.91,72.88,3.584,43.078
2024-12-20,13.75,69.46,72.94,3.748,44.13
2024-12-23,14.083,69.24,72.63,3.656,45.545
2024-12-24,13.965,70.1,73.58,3.946,45.731
2024-12-25,14.181,,,,
2024-12-26,14.069,69.62,73.26,3.715,45.731
2024-12-27,14.369,70.6,74.17,3.514,47.731
2024-12-30,14.288,70.99,74.39,3.936,47.633
2024-12-31,14.24,71.72,74.64,3.633,48.889
2025-01-01,14.421,,,,
2025-01-02,14.529,73.13,75.93,3.66,50.273
2025-01-03,14.444,73.96,76.51,3.354,49.622
2025-01-06,14.295,73.56,76.3,3.672,47.326
2025-01-07,14.303,74.25,77.05,3.449,47.474
2025-01-08,14.184,73.32,76.16,3.651,45.559
2025-01-09,14.124,73.92,76.92,3.701,44.987
2025-01-10,14.105,76.57,79.76,3.989,45.008
2025-01-13,14.14,78.82,81.01,3.934,48.261
2025-01-14,14.133,77.5,79.92,3.968,46.947
2025-01-15,14.129,80.04,82.03,4.083,47.006
2025-01-16,13.715,78.68,81.29,4.258,46.241
2025-01-17,13.798,77.88,80.79,3.948,46.887
2025-01-20,14.182,,80.15,,47.853
2025-01-21,14.46,75.89,79.29,3.756,50.027
2025-01-22,14.11,75.44,79.0,3.96,48.716
2025-01-23,13.986,74.62,78.29,3.945,49.123
2025-01-24,14.135,74.66,78.5,4.027,49.702
2025-01-27,14.085,73.17,77.08,3.697,47.862
2025-01-28,13.943,73.77,77.49,3.471,48.224
2025-01-29,14.328,72.62,76.58,3.535,51.156
2025-01-30,14.332,72.73,76.87,3.047,51.726
2025-01-31,14.494,72.53,76.76,3.044,53.237
2025-02-03,14.479,73.16,75.96,3.352,53.794
2025-02-04,14.475,72.7,76.2,3.253,52.048
2025-02-05,14.541,71.03,74.61,3.36,53.438
2025-02-06,14.669,70.61,74.29,3.408,54.502
2025-02-07,14.899,71.0,74.66,3.309,55.723
2025-02-10,14.972,72.32,75.87,3.444,58.039
2025-02-11,15.024,73.32,77.0,3.519,57.766
2025-02-12,14.995,71.37,75.18,3.565,55.661
2025-02-13,14.949,71.29,75.02,3.628,51.383
2025-02-14,14.95,70.74,74.74,3.725,50.685
2025-02-17,14.191,,75.22,,48.136
2025-02-18,14.566,71.85,75.84,4.007,49.215
2025-02-19,14.193,72.25,76.04,4.28,48.264
2025-02-20,14.244,72.57,76.48,4.152,47.494
2025-02-21,14.221,70.4,74.43,4.234,47.195
2025-02-24,14.365,70.7,74.78,3.994,47.144
2025-02-25,13.873,68.93,73.02,4.174,44.291
2025-02-26,13.372,68.62,72.53,3.906,41.336
2025-02-27,13.907,70.35,74.04,3.934,44.93
2025-02-28,13.811,69.76,73.18,3.834,44.32
2025-03-03,13.908,68.37,71.62,4.122,45.213
2025-03-04,13.678,68.26,71.04,4.35,43.464
2025-03-05,13.588,66.31,69.3,4.45,41.508
2025-03-06,13.477,66.36,69.46,4.302,38.24
2025-03-07,13.71,67.04,70.36,4.399,39.971
2025-03-10,13.7,66.03,69.28,4.491,41.232
2025-03-11,13.701,66.25,69.56,4.453,42.71
2025-03-12,13.667,67.68,70.95,4.084,42.254
2025-03-13,13.655,66.55,69.88,4.111,42.076
2025-03-14,13.644,67.18,70.58,4.104,42.29
2025-03-17,13.211,67.58,71.07,4.018,41.248
2025-03-18,13.108,66.9,70.56,4.052,40.755
2025-03-19,13.775,67.16,70.78,4.247,43.355
2025-03-20,13.538,68.26,72.0,3.975,42.855
2025-03-21,13.398,68.28,72.16,3.98,42.605
2025-03-24,13.39,69.11,73.0,3.914,42.748
2025-03-25,13.137,69.0,73.02,3.84,41.555
2025-03-26,13.089,69.65,73.79,3.861,40.87
2025-03-27,13.096,69.92,74.03,3.95,41.202
2025-03-28,13.044,69.36,73.63,4.065,40.587
2025-03-31,12.976,71.48,74.74,4.119,40.667
2025-04-01,13.191,71.2,74.49,3.951,42.45
2025-04-02,13.099,71.71,74.95,4.055,41.263
2025-04-03,12.923,66.95,70.14,4.138,39.203
2025-04-04,12.717,61.99,65.58,3.837,36.401
2025-04-07,12.722,60.7,64.21,3.655,37.0
2025-04-08,12.657,59.58,62.82,3.465,36.231
2025-04-09,12.544,62.35,65.48,3.816,33.666
2025-04-10,12.504,60.07,63.33,3.557,33.293
2025-04-11,12.488,61.5,64.76,3.527,33.463
2025-04-14,12.488,61.53,64.88,3.325,34.499
2025-04-15,12.462,61.33,64.67,3.329,34.407
2025-04-16,11.859,62.47,65.85,3.247,35.312
2025-04-17,12.085,64.68,67.96,3.245,35.657
2025-04-18,11.857,,,,
2025-04-21,12.164,63.08,66.26,3.016,
2025-04-22,11.779,64.31,67.44,3.007,34.244
2025-04-23,11.621,62.27,66.12,3.022,34.16
2025-04-24,11.466,62.79,66.55,2.93,33.574
2025-04-25,11.233,63.02,66.87,2.937,32.432
2025-04-28,11.198,62.05,65.86,3.17,32.398
2025-04-29,11.18,60.42,64.25,3.386,31.856
2025-04-30,11.188,58.21,63.12,3.326,32.317
2025-05-01,11.178,59.24,62.13,3.479,32.149
2025-05-02,11.258,58.29,61.29,3.63,33.078
2025-05-05,11.255,57.13,60.23,3.55,32.93
2025-05-06,11.384,59.09,62.15,3.463,34.743
2025-05-07,11.432,58.07,61.12,3.621,34.531
2025-05-08,11.474,59.91,62.84,3.592,35.341
2025-05-09,11.477,61.02,63.91,3.795,34.618
2025-05-12,11.472,61.95,64.96,3.646,35.39
2025-05-13,11.485,63.67,66.63,3.647,35.744
2025-05-14,11.489,63.15,66.09,3.492,35.048
2025-05-15,11.498,61.62,64.53,3.362,35.294
2025-05-16,11.878,62.49,65.41,3.334,35.156
2025-05-19,11.986,62.69,65.54,3.113,35.225
2025-05-20,12.553,62.56,65.38,3.427,36.979
2025-05-21,12.501,61.57,64.91,3.368,36.621
2025-05-22,12.373,61.2,64.44,3.253,36.356
2025-05-23,12.493,61.53,64.78,3.334,36.45
2025-05-26,12.695,,64.74,,37.253
2025-05-27,12.52,60.89,64.09,3.398,37.006
2025-05-28,12.506,61.84,64.9,3.204,36.687
2025-05-29,12.267,60.94,64.15,3.522,35.158
2025-05-30,12.126,60.79,63.9,3.447,34.228
2025-06-02,12.301,62.52,64.63,3.694,35.015
2025-06-03,12.372,63.41,65.63,3.722,35.848
2025-06-04,12.385,62.85,64.86,3.716,35.65
2025-06-05,12.46,63.37,65.34,3.677,36.393
2025-06-06,12.453,64.58,66.47,3.784,36.251
2025-06-09,12.443,65.29,67.04,3.635,35.605
2025-06-10,12.404,64.98,66.87,3.533,34.638
2025-06-11,12.457,68.15,69.77,3.507,35.913
2025-06-12,12.469,68.04,69.36,3.492,36.177
2025-06-13,12.504,72.98,74.23,3.581,37.894
2025-06-16,13.603,71.77,73.23,3.748,37.906
2025-06-17,14.026,74.84,76.45,3.851,39.309
2025-06-18,13.859,75.14,76.7,3.989,38.693
2025-06-19,14.702,,78.85,,41.628
2025-06-20,14.454,74.93,77.01,3.847,40.929
2025-06-23,14.487,68.51,71.48,3.698,40.522
2025-06-24,13.464,64.37,67.14,3.537,35.615
2025-06-25,13.477,64.92,67.68,3.406,35.401
2025-06-26,13.325,65.24,67.73,3.261,34.024
2025-06-27,13.019,65.52,67.77,3.739,33.087
2025-06-30,12.974,65.11,67.61,3.456,32.898
2025-07-01,13.004,65.45,67.11,3.415,33.693
2025-07-02,13.046,67.45,69.11,3.488,33.591
2025-07-03,13.061,67.0,68.8,3.409,33.621
2025-07-04,12.97,,68.3,,33.469
2025-07-07,13.054,67.93,69.58,3.412,33.621
2025-07-08,13.074,68.33,70.15,3.34,34.219
2025-07-09,13.084,68.38,70.19,3.214,34.304
2025-07-10,13.117,66.57,68.64,3.337,35.17
2025-07-11,13.116,68.45,70.36,3.314,35.561
2025-07-14,13.113,66.98,69.21,3.466,35.454
2025-07-15,13.105,66.52,68.71,3.523,34.445
2025-07-16,12.399,66.38,68.52,3.551,34.809
2025-07-17,12.163,67.54,69.52,3.542,34.407
2025-07-18,11.988,67.34,69.28,3.565,33.595
2025-07-21,11.95,67.2,69.21,3.325,33.159
2025-07-22,12.023,66.21,68.59,3.252,33.111
2025-07-23,11.894,65.25,68.51,3.077,32.69
2025-07-24,11.836,66.03,69.18,3.094,32.358
2025-07-25,11.852,65.16,68.44,3.11,32.499
2025-07-28,11.885,66.71,70.04,2.988,32.899
2025-07-29,12.037,69.21,72.51,3.081,34.103
2025-07-30,12.069,70.0,73.24,3.045,34.537
2025-07-31,12.069,69.26,72.53,3.106,35.279
2025-08-01,11.983,67.33,69.67,3.083,33.972
2025-08-04,12.02,66.29,68.76,2.932,34.283
2025-08-05,12.009,65.16,67.64,3.01,34.406
2025-08-06,11.934,64.35,66.89,3.077,33.257
2025-08-07,11.942,63.88,66.43,3.067,32.951
2025-08-08,11.908,63.88,66.59,2.99,32.446
2025-08-11,11.935,63.96,66.63,2.954,32.999
2025-08-12,11.923,63.17,66.12,2.808,32.409
2025-08-13,11.928,62.65,65.63,2.828,32.6
2025-08-14,11.905,63.96,66.84,2.841,32.141
2025-08-15,11.893,62.8,65.85,2.916,31.031
2025-08-18,10.953,63.42,66.6,2.89,31.272
2025-08-19,10.946,62.35,65.79,2.766,31.227
2025-08-20,11.136,63.21,66.84,2.752,31.906
2025-08-21,11.491,63.52,67.67,2.826,33.175
2025-08-22,11.61,63.66,67.73,2.698,33.573
2025-08-25,11.609,64.8,68.8,2.696,33.774
2025-08-26,11.548,63.25,67.22,2.717,33.46
2025-08-27,11.319,64.15,68.05,2.867,32.551
2025-08-28,11.179,64.6,68.62,2.944,31.559
2025-08-29,11.189,64.01,68.12,2.997,31.622
2025-09-01,11.276,,68.15,,32.061
2025-09-02,11.235,65.59,69.14,3.009,31.772
2025-09-03,11.272,63.97,67.6,3.064,32.112
2025-09-04,11.308,63.48,66.99,3.074,32.412
2025-09-05,11.312,61.87,65.5,3.048,31.969
2025-09-08,11.391,62.26,66.02,3.09,33.064
2025-09-09,11.361,62.63,66.39,3.117,32.931
2025-09-10,11.36,63.67,67.49,3.029,33.122
2025-09-11,11.356,62.37,66.37,2.934,32.323
2025-09-12,11.363,62.69,66.99,2.941,32.662
2025-09-15,11.36,63.3,67.44,3.043,32.154
2025-09-16,11.487,64.52,68.47,3.103,32.329
2025-09-17,11.49,64.05,67.95,3.1,32.401
2025-09-18,11.54,63.57,67.44,2.939,32.952
2025-09-19,11.372,62.68,66.68,2.888,32.308
2025-09-22,11.256,62.64,66.57,2.806,31.844
2025-09-23,11.349,63.41,67.63,2.853,32.265
2025-09-24,11.189,64.99,69.31,2.858,31.903
2025-09-25,11.269,64.98,69.42,2.904,32.456
2025-09-26,11.278,65.72,70.13,2.835,32.697
2025-09-29,11.199,63.45,67.97,3.267,32.06
2025-09-30,10.977,62.37,67.02,3.303,31.411
2025-10-01,10.954,61.78,65.35,3.476,31.335
2025-10-02,10.975,60.48,64.11,3.442,31.455
2025-10-03,10.995,60.88,64.53,3.324,31.438
2025-10-06,11.124,61.69,65.47,3.357,33.116
2025-10-07,11.134,61.73,65.45,3.498,33.246
2025-10-08,11.106,62.55,66.25,3.333,32.7
2025-10-09,11.064,61.51,65.22,3.269,32.363
2025-10-10,11.042,58.9,62.73,3.106,32.17
2025-10-13,11.028,59.49,63.32,3.118,31.475
2025-10-14,11.026,58.7,62.39,3.028,31.801
2025-10-15,11.016,58.27,61.91,3.016,31.826
2025-10-16,11.217,57.46,61.06,2.938,32.378
2025-10-17,11.129,57.54,61.29,3.008,31.816
2025-10-20,11.064,57.52,61.01,3.397,31.739
2025-10-21,11.215,57.82,61.32,3.474,32.2
2025-10-22,11.173,58.5,62.59,3.45,31.768
2025-10-23,11.278,61.79,65.99,3.344,32.454
2025-10-24,11.226,61.5,65.94,3.304,32.016
2025-10-27,11.121,61.31,65.62,3.442,31.4
2025-10-28,11.142,60.15,64.4,3.345,31.494
2025-10-29,11.237,60.48,64.92,3.376,31.869
2025-10-30,11.109,60.57,65.0,3.956,31.048
2025-10-31,11.021,60.98,65.07,4.124,31.122
2025-11-03,11.148,61.05,64.89,4.266,31.741
2025-11-04,11.235,60.56,64.44,4.343,32.551
2025-11-05,11.167,59.6,63.52,4.232,31.819
2025-11-06,11.14,59.43,63.38,4.357,31.548
2025-11-07,11.125,59.75,63.63,4.315,31.201
2025-11-10,11.134,60.13,64.06,4.338,31.071
2025-11-11,11.129,61.04,65.16,4.565,31.102
2025-11-12,11.132,58.49,62.71,4.533,30.933
2025-11-13,11.128,58.69,63.01,4.646,30.458
2025-11-14,11.127,60.09,64.39,4.566,31.25
2025-11-17,11.432,59.91,64.2,4.361,31.418
2025-11-18,11.553,60.74,64.89,4.371,31.694
2025-11-19,11.562,59.44,63.51,4.55,30.94
2025-11-20,11.728,59.14,63.38,4.474,31.159
2025-11-21,11.349,58.06,62.56,4.58,30.198
2025-11-24,11.187,58.84,63.37,4.549,29.747
2025-11-25,11.072,57.95,62.48,4.424,29.386
2025-11-26,11.068,58.65,63.13,4.558,29.368
2025-11-27,10.979,,63.34,,29.021
2025-11-28,11.083,58.55,63.2,4.85,28.817
2025-12-01,11.041,59.32,63.17,4.921,28.227
2025-12-02,10.962,58.64,62.45,4.84,28.05
2025-12-03,10.968,58.95,62.67,4.995,28.206
2025-12-04,10.852,59.67,63.26,5.063,27.088
2025-12-05,10.847,60.08,63.75,5.289,27.266
2025-12-08,10.824,58.88,62.49,4.912,26.871
2025-12-09,10.822,58.25,61.94,4.574,27.489
2025-12-10,10.722,58.46,62.21,4.595,26.602
2025-12-11,10.696,57.6,61.28,4.231,26.805
2025-12-12,10.684,57.44,61.12,4.113,27.684
2025-12-15,10.662,56.82,60.56,4.012,27.425
2025-12-16,9.453,55.27,58.92,3.886,26.764
2025-12-17,9.551,55.94,59.68,4.024,27.357
2025-12-18,9.571,56.15,59.82,3.908,27.652
2025-12-19,9.688,56.66,60.47,3.984,28.161
2025-12-22,9.596,58.01,62.07,3.965,27.687
2025-12-23,9.689,58.38,62.38,4.408,27.732
2025-12-24,9.73,58.35,62.24,4.242,28.095
2025-12-25,9.748,,,,
2025-12-26,9.66,56.74,60.64,4.366,28.095
2025-12-29,9.706,58.08,61.94,4.687,28.534
2025-12-30,9.574,57.95,61.92,3.972,27.766
2025-12-31,9.605,57.42,60.85,3.686,28.161
2026-01-01,9.718,,,,
2026-01-02,9.747,57.32,60.75,3.618,29.004
2026-01-05,9.519,58.32,61.76,3.523,27.399
2026-01-06,9.579,57.13,60.7,3.35,28.072
2026-01-07,9.616,55.99,59.96,3.525,28.777
2026-01-08,9.533,57.76,61.99,3.407,27.699
2026-01-09,9.561,59.12,63.34,3.169,28.374
2026-01-12,9.624,59.5,63.87,3.409,30.246
2026-01-13,9.623,61.15,65.47,3.419,31.473
2026-01-14,9.604,62.02,66.52,3.12,31.813
2026-01-15,9.61,59.19,63.76,3.128,33.158
2026-01-16,11.142,59.44,64.13,3.103,36.879
2026-01-19,10.821,,63.94,,35.395
2026-01-20,10.804,60.34,64.92,3.907,35.887
2026-01-21,11.439,60.62,65.24,4.875,39.208
2026-01-22,11.261,59.36,64.06,5.045,38.079
2026-01-23,11.44,61.07,65.88,5.275,40.039
2026-01-26,11.27,60.63,65.59,6.8,39.112
2026-01-27,11.395,62.39,67.57,6.954,38.761
2026-01-28,11.369,63.21,68.4,7.46,38.861
2026-01-29,11.502,65.42,70.71,3.918,40.113
2026-01-30,11.525,65.21,70.69,4.354,39.285
2026-02-02,11.086,62.14,66.3,3.237,33.945
2026-02-03,11.012,63.21,67.33,3.311,32.86
2026-02-04,11.01,65.14,69.46,3.465,33.501
2026-02-05,10.99,63.29,67.55,3.509,33.735
2026-02-06,11.105,63.55,68.05,3.422,35.694
2026-02-09,11.029,64.36,69.04,3.138,33.496
2026-02-10,10.973,63.96,68.8,3.115,31.846
2026-02-11,10.987,64.63,69.4,3.159,32.167
2026-02-12,10.997,62.84,67.52,3.217,32.994
2026-02-13,10.993,62.89,67.75,3.243,32.5
2026-02-16,10.25,,68.65,,30.903
2026-02-17,9.938,62.33,67.42,3.031,29.822
2026-02-18,10.375,65.19,70.35,3.011,31.481
2026-02-19,10.905,66.43,71.66,2.996,33.523
2026-02-20,10.638,66.39,71.76,3.047,32.029
2026-02-23,10.727,66.31,71.49,2.985,31.834
2026-02-24,10.539,65.63,70.77,2.915,30.891
2026-02-25,10.587,65.42,70.85,2.969,31.05
2026-02-26,10.691,65.21,70.75,2.827,32.224
2026-02-27,10.774,67.02,72.48,2.859,31.959
2026-03-02,13.619,71.23,77.74,2.96,44.506
2026-03-03,16.901,74.56,81.4,3.054,54.29
2026-03-04,15.731,74.66,81.4,2.917,48.767
2026-03-05,16.088,81.01,85.41,3.003,50.731
2026-03-06,16.128,90.9,92.69,3.186,53.385
2026-03-09,16.675,94.77,98.96,3.12,56.453
2026-03-10,16.071,83.45,87.8,3.02,47.393
2026-03-11,16.047,87.25,91.98,3.209,49.989
2026-03-12,16.122,95.73,100.46,3.233,50.87
2026-03-13,16.185,98.71,103.14,3.131,50.115
2026-03-16,19.404,93.5,100.21,3.023,50.887
2026-03-17,19.412,96.21,103.42,3.033,51.559
2026-03-18,20.181,96.32,107.38,3.065,54.662
2026-03-19,22.409,96.14,108.65,3.166,61.852
2026-03-20,21.666,98.32,112.19,3.095,59.255
2026-03-23,20.897,88.13,99.94,2.891,56.683
2026-03-24,20.473,92.35,104.49,2.943,54.041
2026-03-25,19.872,90.32,102.22,2.952,52.816
2026-03-26,20.495,94.48,108.01,2.999,55.218
2026-03-27,20.195,94.1,107.19,2.965,
