category,ticker,name,chg_net_1d,chg_pct_1d,last_update_dt,px_last
Crude,EUCRBRDT Index,Dated Brent,0.7549999999999955,0.6136964031700837,2026-09-28,123.78
Crude,GIOS0973 Index,Forties NWE,-0.3599999999999994,-0.2845737322635464,2026-09-28,126.145
Crude,GIOS0977 Index,Ekofisk NWE,-0.3249999999999886,-0.2539260879756142,2026-09-28,127.665
Crude,USCRWTIM Index,WTI Midland,-4.179999999999993,-4.092822872809157,2026-09-25,97.95
Crude,USCRWTIC Index,WTI Cushing,-2.469999999999999,-2.431341667486956,2026-09-25,99.12
Crude,USCRSRIN Index,US Sour (GCSI),-2.799999999999997,-2.9467480530414623,2026-09-25,92.22
Crude,LACRMAUS Index,Maya USGC,-2.769999999999996,-2.979776247848533,2026-09-25,90.19
Crude,GIOS0299 Index,ESPO,0.5700000000000216,0.4439598099540631,2026-09-28,128.96
Crude,GIOS0097 Index,Dubai FOB,-3.61,-3.1915834143753865,2026-09-28,109.5
Crude,GIOS0098 Index,Oman FOB,-3.61,-3.1915834143753865,2026-09-28,109.5
Fuel Oil,N6SH380S Index,SG 380 CST,-1.1159999999999854,-0.1601761363391694,2026-09-28,695.617
Fuel Oil,N6SH180S Index,SG 180 CST 3.5%,-4.0919999999999845,-0.5762511846806164,2026-09-28,706.015
Fuel Oil,GIOS0266 Index,NWE 380 3.5% Barges,-3.5,-0.5982905982905983,2026-09-28,581.5
Gasoil,HEATAAAB Index,NWE Gasoil CIF,-16.0,-1.085665818490246,2026-09-28,1457.75
Gasoil,DIEN10CF Index,NWE ULSD CIF,-25.25,-1.6867067468269874,2026-09-28,1471.75
Gasoil,GIOS0094 Index,MED ULSD CIF,-23.25,-1.559879235155988,2026-09-28,1467.25
Gasoil,GDD01646 Index,Magel ULSD,0.0193999999999991,0.4147248706656803,2026-09-25,4.6972
Jet Fuel,JETKSPOT Index,SG FOB,2.802000000000021,1.658950160448083,2026-09-28,171.704
Jet Fuel,JET1NECC Index,NWE CIF,-15.5,-0.9935897435897436,2026-09-28,1544.5
Jet Fuel,JETFLAPL Index,US LA,-0.0658999999999991,-1.619960668633215,2026-09-25,4.0021
Jet Fuel,JETIGCPR Index,US 54 Pas,0.0191000000000007,0.4382744378155297,2026-09-25,4.3771
Gasoline,MOGFM92S Index,SG 92 RON,0.061000000000007,0.0435714285714336,2026-09-28,140.061
Gasoline,GIOS0004 Index,NWE EBOB,-73.5,-6.029532403609516,2026-09-28,1145.5
Gasoline,RBOBG87P Index,US RBOB Pas,-0.3480000000000003,-9.76020193521246,2026-09-25,3.2175
Gasoline,MOGLCB85 Index,LA CARBOB,-0.1711999999999998,-3.6701968014406336,2026-09-25,4.4934
Gasoline,GGD01642 Index,US Magell. V,-0.1311999999999997,-3.765138035929512,2026-09-25,3.3534
Gasoline,GGC01651 Index,US CBOB Chi,-0.1720999999999999,-5.312384244968513,2026-09-25,3.0675
Gasoline,GGC01005 Index,US 87 Pas,-0.1454999999999997,-3.8872562115949703,2026-09-25,3.5975
Naphtha,NAPHJPNC Index,Japan CFR,-11.0,-1.2094557449147882,2026-09-28,898.5
Naphtha,GIOS0092 Index,NWE CIF,-4.25,-0.5034053893988747,2026-09-28,840.0
LPG,GIOS0878 Index,ME Propane,16.25,2.242152466367713,2026-09-28,741.0
LPG,GIOS0880 Index,ME Butane,22.25,2.920905808992452,2026-09-28,784.0
LPG,GIOS0686 Index,NWE Propane,9.5,1.3375571981696586,2026-09-28,719.75
