series,label,ticker,chg_net_1d,chg_pct_1d,px_last
RB1 Swaps,Current Month,CO03C001 Index,1.3499999999999943,1.112026359143323,122.75
RB1 Swaps,Month 1,CO01C001 Index,1.7999999999999972,1.4646053702196884,124.7
RB1 Swaps,Quarter 1,CO01C002 Index,2.0,1.6299918500407498,124.7
RB1 Swaps,Quarter 2,CO01C003 Index,2.1500000000000057,1.7622950819672178,124.15
RB1 Swaps,Quarter 3,CO01C004 Index,2.0999999999999943,1.739130434782604,122.85
RB1 Swaps,Quarter 4,CO01C005 Index,2.0,1.658374792703151,122.6
RB1 Swaps,Quarter 5,CO01C013 Index,2.0,1.6632016632016633,122.25
RB1 Swaps,Year 1,CO01C006 Index,2.049999999999997,1.6956162117452416,122.95
RB1 Swaps,Year 2,CO01C007 Index,2.049999999999997,1.7864923747276664,116.8
RB1 Swaps,Year 3,CO01C008 Index,2.049999999999997,1.795882610600085,116.2
ARA CIF Swaps,Current Month,CO24C002 Index,2.9399999999999977,2.1904336164506018,137.16
ARA CIF Swaps,Month 1,CO22C001 Index,2.4000000000000057,1.771217712177126,137.9
ARA CIF Swaps,Quarter 1,CO22C002 Index,2.5,1.845699520118125,137.95
ARA CIF Swaps,Quarter 2,CO22C003 Index,2.3000000000000114,1.7011834319526713,137.5
ARA CIF Swaps,Quarter 3,CO22C004 Index,2.5,1.8796992481203008,135.5
ARA CIF Swaps,Quarter 4,CO22C005 Index,2.5,1.890359168241966,134.75
ARA CIF Swaps,Quarter 5,CO22C017 Index,2.3000000000000114,1.7457305502846385,134.05
ARA CIF Swaps,Year 1,CO22C006 Index,2.3999999999999773,1.8038331454340302,135.45
ARA CIF Swaps,Year 2,CO22C007 Index,1.9000000000000057,1.5378389316066416,125.45
ARA CIF Swaps,Year 3,CO22C008 Index,1.9000000000000057,1.5378389316066416,125.45
