date,CO01C015 Index,CO03C001 Index,CO03C005 Index,CO03C008 Index,CO24C069 Index,NACI0004 Index,NACI00AD Index,NACI00B4 Index,NACI0137 Index,NACI019C Index
2021-03-24,50.48,98.79,67.69,83.4,68.14,69.5,84.05,83.4,84.5,94.0
2021-03-25,50.48,100.63,67.69,83.4,68.14,71.05,84.35,83.7,84.8,95.0
2021-03-26,49.07,99.56,72.39,87.65,70.93,71.6,84.45,83.8,85.05,95.0
2021-03-29,49.07,95.82,72.39,87.65,70.93,70.75,84.4,83.75,85.7,95.5
2021-03-30,49.07,97.17,72.39,87.65,70.93,70.6,83.95,83.3,87.0,95.0
2021-03-31,49.07,96.49,72.39,87.65,70.93,72.4,82.25,81.6,86.25,94.5
2021-04-01,50.24,96.9,67.32,82.07,68.86,71.35,80.55,79.9,85.4,94.5
2021-04-05,,,,,,,79.85,79.2,85.8,
2021-04-06,50.24,96.91,67.32,82.07,68.86,69.0,79.35,78.7,86.05,95.0
2021-04-07,50.24,97.91,67.32,82.07,68.86,69.45,78.95,78.3,86.0,96.0
2021-04-08,50.24,94.71,67.32,82.07,68.86,66.8,77.95,77.3,86.5,96.0
2021-04-09,49.82,94.28,67.88,82.89,67.42,65.9,78.2,77.55,86.55,96.0
2021-04-12,49.82,90.5,67.88,82.89,67.42,65.55,77.7,77.05,86.55,96.0
2021-04-13,49.82,90.2,67.88,82.89,67.42,64.85,77.65,77.0,86.7,96.0
2021-04-14,49.82,88.86,67.88,82.89,67.42,65.1,77.55,76.9,88.6,95.0
2021-04-15,49.82,90.3,67.88,82.89,67.42,65.75,79.75,79.1,88.6,95.0
2021-04-16,48.63,89.75,65.73,82.91,69.84,67.85,80.75,80.1,91.2,95.0
2021-04-19,48.63,90.56,65.73,82.91,69.84,66.25,82.1,81.45,91.2,95.0
2021-04-20,48.63,91.69,65.73,82.91,69.84,64.85,82.2,81.55,93.0,95.0
2021-04-21,48.63,90.22,65.73,82.91,69.84,64.5,83.65,83.0,96.85,95.0
2021-04-22,48.63,90.32,65.73,82.91,69.84,64.55,83.85,83.2,99.3,97.0
2021-04-23,48.78,90.8,65.6,81.43,72.93,63.55,84.1,83.45,99.6,97.0
2021-04-26,48.78,89.04,65.6,81.43,72.93,62.1,84.1,83.45,99.6,98.0
2021-04-27,48.78,90.09,65.6,81.43,72.93,62.8,83.95,83.3,99.9,98.0
2021-04-28,48.78,92.68,65.6,81.43,72.93,66.0,83.9,83.25,100.8,97.85
2021-04-29,48.78,95.5,65.6,81.43,72.93,67.85,83.0,82.35,100.65,98.0
2021-04-30,47.25,98.37,66.38,81.81,74.73,69.45,82.6,81.95,101.55,97.0
2021-05-03,,,,,,,82.7,82.05,101.6,
2021-05-04,47.25,98.62,66.38,81.81,74.73,71.05,82.8,82.15,101.8,97.0
2021-05-05,47.25,99.58,66.38,81.81,74.73,72.4,83.25,82.6,102.0,97.15
2021-05-06,47.25,102.2,66.38,81.81,74.73,69.65,85.25,84.6,102.6,97.5
2021-05-07,52.56,101.54,70.27,86.39,79.7,67.6,85.6,84.95,102.6,97.5
2021-05-10,52.56,101.75,70.27,86.39,79.7,69.2,88.1,87.45,102.65,97.5
2021-05-11,52.56,101.26,70.27,86.39,79.7,70.7,88.05,87.4,105.15,98.0
2021-05-12,52.56,105.23,70.27,86.39,79.7,75.15,89.9,89.25,105.2,98.25
2021-05-13,52.56,105.41,70.27,86.39,79.7,75.15,,,,98.25
2021-05-14,55.17,105.61,74.66,93.04,85.5,72.9,88.8,88.15,104.75,98.25
2021-05-17,55.17,105.29,74.66,93.04,85.5,71.05,90.35,89.7,105.25,98.5
2021-05-18,55.17,104.98,74.66,93.04,85.5,71.05,91.25,90.6,106.2,98.0
2021-05-19,55.17,104.83,74.66,93.04,85.5,69.65,91.0,90.35,106.1,98.0
2021-05-20,55.17,104.99,74.66,93.04,85.5,70.8,91.15,90.5,106.55,98.0
2021-05-21,57.22,106.89,76.72,91.69,83.96,70.35,87.65,87.0,106.65,98.0
2021-05-24,57.22,108.67,76.72,91.69,83.96,73.05,86.55,85.9,106.75,98.0
2021-05-25,57.22,109.84,76.72,91.69,83.96,73.1,86.65,86.0,106.35,98.0
2021-05-26,57.22,110.73,76.72,91.69,83.96,74.55,,,,99.0
2021-05-27,57.22,115.01,76.72,91.69,83.96,75.6,89.15,88.5,106.3,100.5
2021-05-28,59.18,116.24,78.6,94.65,89.75,78.15,89.15,88.5,105.35,100.5
2021-05-31,,,,,,,92.45,91.8,105.15,
2021-06-01,59.18,112.36,78.6,94.65,89.75,79.55,97.2,96.55,105.3,100.5
2021-06-02,59.18,112.33,78.6,94.65,89.75,81.15,100.05,99.4,105.2,101.0
2021-06-03,59.18,111.92,78.6,94.65,89.75,85.0,100.6,99.95,107.6,101.0
2021-06-04,61.73,113.78,82.33,98.66,97.38,83.6,98.95,98.3,107.95,101.0
2021-06-07,61.73,116.3,82.33,98.66,97.38,82.75,99.5,98.85,108.05,101.0
2021-06-08,61.73,116.31,82.33,98.66,97.38,85.25,99.15,98.5,108.75,102.0
2021-06-09,61.73,118.1,82.33,98.66,97.38,86.0,99.8,99.15,106.15,102.0
2021-06-10,61.73,118.35,82.33,98.66,97.38,87.05,99.85,99.2,106.15,102.5
2021-06-11,66.44,118.88,86.03,101.82,110.76,87.75,101.1,100.45,106.45,103.0
2021-06-14,66.44,118.88,86.03,101.82,110.76,85.25,102.1,101.45,106.8,103.0
2021-06-15,66.44,116.47,86.03,101.82,110.76,84.55,102.1,101.45,107.1,103.6
2021-06-16,66.44,114.19,86.03,101.82,110.76,84.25,103.6,102.95,109.7,104.0
2021-06-17,66.44,116.28,86.03,101.82,110.76,84.8,102.9,102.25,111.15,104.2
2021-06-18,65.54,115.6,86.48,103.31,107.17,85.4,102.9,102.25,111.65,104.25
2021-06-21,65.54,115.21,86.48,103.31,107.17,87.2,103.05,102.4,111.75,108.0
2021-06-22,65.54,115.24,86.48,103.31,107.17,89.1,101.7,101.05,112.05,108.3
2021-06-23,65.54,114.72,86.48,103.31,107.17,88.7,101.85,101.2,112.8,108.0
2021-06-24,65.54,115.46,86.48,103.31,107.17,90.3,103.8,103.15,113.1,108.05
2021-06-25,68.08,115.72,87.79,105.41,109.87,90.7,104.35,103.7,113.1,108.05
2021-06-28,68.08,114.61,87.79,105.41,109.87,89.8,104.35,103.7,113.4,108.05
2021-06-29,68.08,114.72,87.79,105.41,109.87,89.25,104.95,104.3,113.65,109.0
2021-06-30,68.08,114.32,87.79,105.41,109.87,89.4,107.65,107.0,116.2,109.0
2021-07-01,68.08,116.01,87.79,105.41,109.87,91.9,108.9,108.25,116.5,111.15
2021-07-02,69.0,116.68,89.18,107.39,119.65,91.65,109.9,109.25,116.5,111.05
2021-07-05,69.0,117.05,89.18,107.39,119.65,93.5,110.95,110.3,116.5,109.0
2021-07-06,69.0,117.05,89.18,107.39,119.65,91.2,110.45,109.8,116.85,108.2
2021-07-07,69.0,116.84,89.18,107.39,119.65,89.6,111.05,110.4,116.1,108.1
2021-07-08,69.0,116.5,89.18,107.39,119.65,89.4,110.4,109.75,116.05,108.1
2021-07-09,69.59,116.53,91.35,108.93,125.15,91.2,113.15,112.5,116.15,107.0
2021-07-12,69.59,117.43,91.35,108.93,125.15,93.05,113.65,113.0,116.6,107.0
2021-07-13,69.59,117.61,91.35,108.93,125.15,99.45,113.65,113.0,116.3,108.7
2021-07-14,69.59,120.88,91.35,108.93,125.15,99.9,114.6,113.95,115.7,108.0
2021-07-15,69.59,124.15,91.35,108.93,125.15,101.5,114.65,114.0,115.3,108.0
2021-07-16,76.65,126.29,98.11,117.78,132.62,103.6,115.1,114.45,116.15,109.0
2021-07-19,76.65,127.89,98.11,117.78,132.62,105.2,114.7,114.05,116.05,109.0
2021-07-20,76.65,132.18,98.11,117.78,132.62,103.8,,,,118.0
2021-07-21,76.65,128.38,98.11,117.78,132.62,104.7,116.3,115.65,116.95,119.0
2021-07-22,76.65,128.49,98.11,117.78,132.62,103.95,119.05,118.4,117.25,119.0
2021-07-23,81.12,128.82,102.56,123.15,135.54,104.3,119.0,118.35,122.15,119.0
2021-07-26,81.12,130.1,102.56,123.15,135.54,105.6,119.15,118.5,124.95,120.0
2021-07-27,81.12,129.71,102.56,123.15,135.54,105.15,119.5,118.85,125.95,120.0
2021-07-28,81.12,130.27,102.56,123.15,135.54,105.35,119.35,118.7,130.7,120.0
2021-07-29,81.12,129.81,102.56,123.15,135.54,106.75,119.4,118.75,133.9,120.3
2021-07-30,82.0,130.88,104.57,125.64,135.72,107.0,118.8,118.15,133.45,126.0
2021-08-02,82.0,133.3,104.57,125.64,135.72,105.6,118.8,118.15,133.45,129.0
2021-08-03,82.0,132.92,104.57,125.64,135.72,105.35,119.55,118.9,133.35,129.25
2021-08-04,82.0,133.35,104.57,125.64,135.72,106.3,120.35,119.7,133.65,129.25
2021-08-05,82.0,133.81,104.57,125.64,135.72,107.2,120.35,119.7,134.35,130.0
2021-08-06,82.66,134.08,104.82,125.73,138.51,108.4,120.3,118.65,138.05,131.0
2021-08-09,82.66,135.09,104.82,125.73,138.51,110.0,,,,131.0
2021-08-10,82.66,136.55,104.82,125.73,138.51,110.0,120.25,118.6,138.0,131.3
2021-08-11,82.66,137.19,104.82,125.73,138.51,110.7,120.65,119.0,140.15,132.0
2021-08-12,82.66,138.08,104.82,125.73,138.51,112.5,121.3,119.65,140.2,132.0
2021-08-13,87.6,138.41,108.79,132.07,145.93,113.6,123.1,121.45,141.0,133.15
2021-08-16,87.6,138.71,108.79,132.07,145.93,113.45,123.0,121.35,140.9,133.15
2021-08-17,87.6,139.65,108.79,132.07,145.93,112.2,123.5,121.85,140.9,133.15
2021-08-18,87.6,140.41,108.79,132.07,145.93,113.0,123.4,121.75,141.05,134.0
2021-08-19,87.6,141.0,108.79,132.07,145.93,109.1,123.65,122.0,141.2,134.0
2021-08-20,88.46,139.35,110.86,133.05,145.41,106.45,123.65,122.0,141.1,130.0
2021-08-23,88.46,141.21,110.86,133.05,145.41,111.3,124.25,122.6,141.15,132.0
2021-08-24,88.46,141.95,110.86,133.05,145.41,115.4,125.3,123.65,141.6,135.0
2021-08-25,88.46,142.3,110.86,133.05,145.41,112.95,126.8,125.15,141.95,133.0
2021-08-26,88.46,142.1,110.86,133.05,145.41,114.2,125.85,124.2,141.95,134.0
2021-08-27,89.14,142.9,113.48,135.76,144.0,112.35,125.9,124.25,144.7,134.15
2021-08-30,,,,,,,127.95,126.3,145.25,
2021-08-31,89.14,146.25,113.48,135.76,144.0,116.55,129.0,127.35,145.7,135.0
2021-09-01,89.14,148.95,113.48,135.76,144.0,121.0,129.0,127.35,145.7,135.0
2021-09-02,89.14,150.83,113.48,135.76,144.0,121.0,128.5,126.85,147.05,135.8
2021-09-03,95.79,149.35,120.49,144.6,149.0,121.45,130.5,128.85,149.05,135.8
2021-09-06,95.79,151.0,120.49,144.6,149.0,123.5,129.8,128.15,148.65,135.0
2021-09-07,95.79,151.28,120.49,144.6,149.0,121.9,129.25,127.6,148.65,134.0
2021-09-08,95.79,154.35,120.49,144.6,149.0,124.2,132.8,131.15,148.9,134.7
2021-09-09,95.79,155.85,120.49,144.6,149.0,122.85,133.4,131.75,149.95,133.0
2021-09-10,98.9,156.35,124.34,148.35,161.96,127.5,133.4,131.75,150.2,133.5
2021-09-13,98.9,157.33,124.34,148.35,161.96,126.5,134.65,133.0,150.65,139.0
2021-09-14,98.9,158.43,124.34,148.35,161.96,126.1,136.5,134.85,151.25,151.0
2021-09-15,98.9,159.38,124.34,148.35,161.96,127.9,139.0,137.35,152.4,160.0
2021-09-16,98.9,159.5,124.34,148.35,161.96,127.65,139.5,137.85,153.0,160.4
2021-09-17,100.79,158.85,126.75,149.79,167.0,128.55,140.7,139.05,155.2,161.0
2021-09-20,100.79,159.0,126.75,149.79,167.0,127.9,140.75,139.1,155.3,161.0
2021-09-21,100.79,159.0,126.75,149.79,167.0,127.9,140.8,139.15,155.8,172.0
2021-09-22,100.79,159.67,126.75,149.79,167.0,128.6,140.8,139.15,156.15,172.45
2021-09-23,100.79,163.19,126.75,149.79,167.0,130.2,140.85,139.2,157.65,172.6
2021-09-24,104.18,170.33,130.63,156.17,172.25,137.5,140.9,139.25,159.6,180.0
2021-09-27,104.18,180.67,130.63,156.17,172.25,149.9,140.95,139.3,159.85,189.0
2021-09-28,104.18,188.5,130.63,156.17,172.25,156.3,141.4,139.75,161.85,189.75
2021-09-29,104.18,189.5,130.63,156.17,172.25,157.65,141.85,140.2,165.3,194.0
2021-09-30,104.18,201.13,130.63,156.17,172.25,164.1,143.15,141.5,170.1,195.0
2021-10-01,126.17,209.88,155.43,183.7,201.25,176.0,143.15,141.5,172.95,195.0
2021-10-04,126.17,221.17,155.43,183.7,201.25,180.8,144.8,143.15,174.95,195.7
2021-10-05,126.17,246.5,155.43,183.7,201.25,212.85,146.8,145.15,177.9,202.0
2021-10-06,126.17,241.4,155.43,183.7,201.25,181.75,148.0,146.35,181.15,204.0
2021-10-07,126.17,218.4,155.43,183.7,201.25,179.05,155.25,153.6,185.35,205.0
2021-10-08,152.61,221.98,185.6,216.97,255.0,182.65,159.8,158.15,192.25,205.75
2021-10-11,152.61,230.1,185.6,216.97,255.0,199.15,164.05,162.4,207.05,205.75
2021-10-12,152.61,234.95,185.6,216.97,255.0,201.9,173.2,171.55,210.5,211.0
2021-10-13,152.61,242.11,185.6,216.97,255.0,201.85,194.6,192.95,222.3,211.0
2021-10-14,152.61,245.05,185.6,216.97,255.0,203.75,199.2,197.55,222.8,211.0
2021-10-15,158.45,246.9,192.5,224.43,248.47,201.0,204.55,202.9,224.7,216.0
2021-10-18,158.45,237.81,192.5,224.43,248.47,187.15,208.25,206.6,229.7,220.0
2021-10-19,158.45,228.4,192.5,224.43,248.47,182.2,210.6,208.95,234.65,239.0
2021-10-20,158.45,221.75,192.5,224.43,248.47,177.6,205.6,203.95,234.65,238.0
2021-10-21,158.45,197.0,192.5,224.43,248.47,150.1,205.65,204.0,234.6,240.0
2021-10-22,132.88,177.4,167.09,191.93,220.0,146.2,204.15,202.5,233.5,241.0
2021-10-25,132.88,183.55,167.09,191.93,220.0,137.5,201.9,200.25,232.8,241.0
2021-10-26,132.88,184.45,167.09,191.93,220.0,149.4,199.1,197.45,231.35,240.0
2021-10-27,132.88,174.85,167.09,191.93,220.0,136.6,195.45,193.8,228.0,238.0
2021-10-28,132.88,168.04,167.09,191.93,220.0,132.45,191.75,190.1,223.95,238.0
2021-10-29,103.51,167.97,130.91,155.6,203.48,112.75,187.15,185.5,219.05,237.75
2021-11-01,103.51,133.1,130.91,155.6,203.48,101.3,181.1,179.45,207.6,237.0
2021-11-02,103.51,113.7,130.91,155.6,203.48,90.3,178.0,176.35,201.2,236.75
2021-11-03,103.51,140.38,130.91,155.6,203.48,105.4,167.55,165.9,191.25,236.05
2021-11-04,103.51,157.42,130.91,155.6,203.48,112.75,,,,236.0
2021-11-05,84.19,139.3,107.17,122.99,147.0,109.8,158.15,156.5,180.45,221.0
2021-11-08,84.19,144.8,107.17,122.99,147.0,114.6,146.15,144.5,170.65,226.0
2021-11-09,84.19,147.0,107.17,122.99,147.0,115.05,146.15,134.5,165.7,222.0
2021-11-10,84.19,133.5,107.17,122.99,147.0,109.55,146.1,134.45,165.7,222.0
2021-11-11,84.19,133.28,107.17,122.99,147.0,106.8,135.75,134.1,165.55,219.0
2021-11-12,86.7,129.88,107.14,127.16,143.0,102.2,132.4,130.75,159.1,210.0
2021-11-15,86.7,125.35,107.14,127.16,143.0,100.35,132.4,130.75,158.8,199.0
2021-11-16,86.7,126.65,107.14,127.16,143.0,99.9,129.75,130.75,157.3,194.75
2021-11-17,86.7,129.21,107.14,127.16,143.0,101.05,121.45,122.45,153.1,187.25
2021-11-18,86.7,135.75,107.14,127.16,143.0,109.1,121.2,122.2,153.7,175.0
2021-11-19,81.9,140.17,104.56,122.32,134.0,113.65,114.5,115.5,148.6,172.0
2021-11-22,81.9,152.44,104.56,122.32,134.0,119.2,114.5,115.5,148.6,171.75
2021-11-23,81.9,154.18,104.56,122.32,134.0,129.7,110.5,111.5,148.5,170.0
2021-11-24,81.9,160.44,104.56,122.32,134.0,134.75,114.25,115.25,148.7,170.0
2021-11-25,81.9,165.56,104.56,122.32,134.0,136.6,117.25,118.25,148.9,171.0
2021-11-26,101.1,158.9,129.26,148.17,155.0,125.15,118.1,119.1,149.1,165.0
2021-11-29,101.1,132.0,129.26,148.17,155.0,113.2,119.25,120.25,149.15,164.0
2021-11-30,101.1,128.56,129.26,148.17,155.0,94.4,121.25,122.25,149.85,164.0
2021-12-01,101.1,121.38,129.26,148.17,155.0,108.15,121.45,122.45,149.85,166.0
2021-12-02,101.1,131.36,129.26,148.17,155.0,108.15,118.0,119.0,147.25,166.5
2021-12-03,77.98,128.92,99.91,120.15,117.5,105.4,120.85,121.85,149.15,165.0
2021-12-06,77.98,125.9,99.91,120.15,117.5,103.35,121.8,122.8,145.2,160.0
2021-12-07,77.98,130.92,99.91,120.15,117.5,103.75,119.8,120.8,143.35,155.0
2021-12-08,77.98,130.63,99.91,120.15,117.5,108.1,119.8,120.8,142.9,156.0
2021-12-09,77.98,136.55,99.91,120.15,117.5,111.1,120.1,121.1,138.45,152.0
2021-12-10,83.41,139.33,106.41,126.08,128.25,109.75,118.3,119.3,137.45,150.0
2021-12-13,83.41,145.42,106.41,126.08,128.25,115.25,116.75,117.75,137.25,147.0
2021-12-14,83.41,144.25,106.41,126.08,128.25,116.15,116.25,117.25,136.6,146.0
2021-12-15,83.41,146.55,106.41,126.08,128.25,115.9,115.45,116.45,136.05,139.0
2021-12-16,83.41,145.28,106.41,126.08,128.25,118.45,114.25,115.25,135.85,138.0
2021-12-17,91.4,147.3,115.27,135.33,147.75,118.45,122.85,123.85,135.85,140.0
2021-12-20,91.4,145.6,115.27,135.33,147.75,120.95,122.65,123.65,136.1,140.0
2021-12-21,91.4,150.13,115.27,135.33,147.75,119.35,122.65,123.65,136.25,139.8
2021-12-22,91.4,150.0,115.27,135.33,147.75,119.6,123.85,124.85,136.25,150.0
2021-12-23,91.4,151.96,115.27,135.33,147.75,112.25,125.4,126.4,136.9,160.0
2021-12-24,90.92,138.5,115.6,138.08,150.0,112.25,125.4,126.4,136.9,160.0
2021-12-28,,,,,,,125.85,126.85,136.4,
2021-12-29,90.92,135.66,115.6,138.08,150.0,107.65,126.4,127.4,136.55,166.0
2021-12-30,90.92,125.63,115.6,138.08,150.0,93.9,126.2,127.2,134.8,161.0
2021-12-31,75.54,115.67,97.28,115.55,116.29,93.45,126.3,127.3,134.3,159.0
2022-01-03,,,,,,,127.4,128.4,135.8,
2022-01-04,75.54,127.31,97.28,115.55,116.29,107.45,127.15,128.15,135.65,158.5
2022-01-05,75.54,144.08,97.28,115.55,116.29,118.0,127.15,128.15,135.65,172.0
2022-01-06,75.54,146.33,97.28,115.55,116.29,122.85,127.95,128.95,135.65,174.5
2022-01-07,87.11,156.36,110.04,128.79,132.0,128.35,129.2,130.2,136.1,182.0
2022-01-10,87.11,160.25,110.04,128.79,132.0,125.8,137.85,138.85,136.4,180.0
2022-01-11,87.11,157.47,110.04,128.79,132.0,122.15,144.7,145.7,136.7,175.0
2022-01-12,87.11,163.5,110.04,128.79,132.0,125.1,145.5,146.5,136.95,175.0
2022-01-13,87.11,164.5,110.04,128.79,132.0,135.2,146.0,147.0,137.05,175.0
2022-01-14,96.51,167.15,126.32,139.82,141.48,150.55,147.55,148.55,137.25,174.0
2022-01-17,96.51,178.0,126.32,139.82,141.48,143.7,155.65,156.65,137.1,174.0
2022-01-18,96.51,177.1,126.32,139.82,141.48,146.0,155.55,156.55,137.05,174.0
2022-01-19,96.51,184.75,126.32,139.82,141.48,146.0,155.55,156.55,136.5,190.0
2022-01-20,96.51,183.3,126.32,139.82,141.48,142.3,155.4,156.4,137.55,201.0
2022-01-21,114.04,189.6,138.43,158.47,170.25,148.75,156.45,157.45,137.7,211.0
2022-01-24,114.04,193.13,138.43,158.47,170.25,156.05,156.3,157.3,137.7,211.0
2022-01-25,114.04,198.2,138.43,158.47,170.25,161.1,154.25,155.25,139.65,211.0
2022-01-26,114.04,207.25,138.43,158.47,170.25,167.05,154.4,155.4,139.3,226.0
2022-01-27,114.04,206.7,138.43,158.47,170.25,164.1,160.25,161.25,140.75,227.25
2022-01-28,125.83,201.22,148.91,173.55,199.2,157.65,161.0,162.0,142.85,227.25
2022-01-31,125.83,184.73,148.91,173.55,199.2,157.2,161.25,162.25,142.9,227.25
2022-02-01,125.83,188.44,148.91,173.55,199.2,155.4,,,,217.0
2022-02-02,125.83,178.85,148.91,173.55,199.2,158.15,,,,217.0
2022-02-03,125.83,180.9,148.91,173.55,199.2,143.35,160.8,161.8,143.2,217.0
2022-02-04,109.0,186.0,138.89,153.16,174.0,151.25,161.25,162.25,144.95,217.0
2022-02-07,109.0,184.38,138.89,153.16,174.0,157.2,161.6,162.6,146.35,224.0
2022-02-08,109.0,202.3,138.89,153.16,174.0,166.15,164.65,165.65,146.35,230.5
2022-02-09,109.0,205.75,138.89,153.16,174.0,172.4,166.05,167.05,147.2,232.4
2022-02-10,109.0,202.29,138.89,153.16,174.0,169.15,166.7,167.7,150.2,234.45
2022-02-11,124.66,215.17,160.72,180.32,189.0,178.3,173.1,174.1,151.5,234.45
2022-02-14,124.66,218.08,160.72,180.32,189.0,180.15,173.95,174.95,151.9,239.0
2022-02-15,124.66,232.34,160.72,180.32,189.0,179.25,173.95,174.75,151.45,239.5
2022-02-16,124.66,207.8,160.72,180.32,189.0,170.95,173.6,174.4,151.35,231.5
2022-02-17,124.66,203.92,160.72,180.32,189.0,165.45,173.2,174.0,150.85,232.6
2022-02-18,128.49,195.44,162.33,181.9,179.57,170.5,180.25,181.05,150.3,231.6
2022-02-21,128.49,198.7,162.33,181.9,179.57,171.0,179.95,180.75,150.4,236.7
2022-02-22,128.49,219.0,162.33,181.9,179.57,184.25,180.8,181.6,150.85,236.5
2022-02-23,128.49,223.6,162.33,181.9,179.57,194.35,181.65,182.45,151.65,251.0
2022-02-24,128.49,250.95,162.33,181.9,179.57,231.9,185.25,186.05,153.6,275.65
2022-02-25,151.27,249.3,189.0,216.37,220.0,216.35,186.35,187.15,157.5,286.0
2022-02-28,151.27,271.0,189.0,216.37,220.0,245.7,191.8,192.6,159.6,311.0
2022-03-01,151.27,298.5,189.0,216.37,220.0,290.65,194.15,194.95,167.65,330.95
2022-03-02,151.27,422.5,189.0,216.37,220.0,391.45,202.85,203.65,171.2,457.95
2022-03-03,151.27,397.0,189.0,216.37,220.0,350.15,228.2,229.0,212.45,428.3
2022-03-04,251.7,410.5,306.76,346.85,312.5,386.85,249.7,250.5,213.4,444.5
2022-03-07,251.7,436.38,306.76,346.85,312.5,418.9,256.4,257.2,233.75,470.25
2022-03-08,251.7,445.25,306.76,346.85,312.5,429.9,322.25,323.05,263.6,487.75
2022-03-09,251.7,448.4,306.76,346.85,312.5,402.4,329.15,329.95,284.4,484.75
2022-03-10,251.7,412.75,306.76,346.85,312.5,331.85,330.75,331.55,284.7,453.3
2022-03-11,301.09,398.33,360.24,412.35,374.28,331.85,332.5,333.3,284.65,447.85
2022-03-14,301.09,388.25,360.24,412.35,374.28,310.75,328.55,329.35,264.25,437.85
2022-03-15,301.09,341.25,360.24,412.35,374.28,265.85,321.35,322.15,257.75,398.45
2022-03-16,301.09,256.25,360.24,412.35,374.28,222.8,319.9,320.7,250.85,311.0
2022-03-17,301.09,242.25,360.24,412.35,374.28,213.15,291.75,292.55,237.25,247.3
2022-03-18,183.2,246.0,226.55,260.51,283.26,215.9,287.3,288.1,227.0,280.5
2022-03-21,183.2,235.81,226.55,260.51,283.26,215.9,272.75,273.55,224.2,250.0
2022-03-22,183.2,253.75,226.55,260.51,283.26,214.5,252.75,253.55,224.2,290.8
2022-03-23,183.2,276.94,226.55,260.51,283.26,236.5,223.2,224.0,222.3,316.0
2022-03-24,183.2,279.1,226.55,260.51,283.26,230.55,224.8,225.6,222.4,306.35
2022-03-25,181.59,270.06,221.54,262.71,275.0,216.35,229.6,230.4,222.3,300.95
2022-03-28,181.59,264.0,221.54,262.71,275.0,224.15,224.6,225.4,221.3,320.95
2022-03-29,181.59,260.0,221.54,262.71,275.0,223.2,224.65,225.45,221.05,285.95
2022-03-30,181.59,257.33,221.54,262.71,275.0,225.05,224.05,224.85,220.7,280.95
2022-03-31,181.59,259.9,221.54,262.71,275.0,222.3,222.75,223.55,219.6,290.95
2022-04-01,167.18,257.56,212.22,252.38,265.0,223.2,217.45,218.25,214.15,290.35
2022-04-04,167.18,256.38,212.22,252.38,265.0,216.35,213.9,214.7,206.15,285.55
2022-04-05,167.18,264.0,212.22,252.38,265.0,234.2,213.4,214.2,205.45,295.55
2022-04-06,167.18,296.67,212.22,252.38,265.0,245.2,213.85,214.65,205.1,340.0
2022-04-07,167.18,294.0,212.22,252.38,265.0,236.95,212.2,213.0,204.45,334.15
2022-04-08,192.7,297.67,234.24,275.9,295.0,249.8,212.2,213.0,199.55,340.15
2022-04-11,192.7,316.5,234.24,275.9,295.0,250.7,212.7,213.5,195.35,345.0
2022-04-12,192.7,331.67,234.24,275.9,295.0,273.65,213.7,214.5,195.35,360.15
2022-04-13,192.7,331.25,234.24,275.9,295.0,272.25,216.25,217.05,195.5,365.4
2022-04-14,215.98,327.33,265.25,309.88,339.93,272.65,221.25,222.05,195.5,368.0
2022-04-18,,,,,,,222.25,223.05,192.7,
2022-04-19,215.98,327.83,265.25,309.88,339.93,271.8,223.8,224.6,194.35,357.95
2022-04-20,215.98,332.44,265.25,309.88,339.93,275.45,226.8,227.6,198.75,366.05
2022-04-21,215.98,333.15,265.25,309.88,339.93,276.4,227.1,227.9,197.95,356.05
2022-04-22,219.92,311.8,270.96,312.47,341.09,267.65,227.6,228.4,199.95,354.3
2022-04-25,219.92,291.8,270.96,312.47,341.09,263.05,226.85,227.65,205.5,316.05
2022-04-26,219.92,278.38,270.96,312.47,341.09,241.55,226.2,227.0,205.5,301.6
2022-04-27,219.92,275.13,270.96,312.47,341.09,231.45,226.2,227.0,205.7,289.9
2022-04-28,219.92,279.9,270.96,312.47,341.09,225.05,225.95,226.75,209.25,262.35
2022-04-29,190.92,275.0,237.52,276.97,294.38,215.9,226.0,226.8,209.3,260.0
2022-05-03,190.92,269.83,237.52,276.97,294.38,236.5,,,,282.55
2022-05-04,190.92,299.75,237.52,276.97,294.38,260.35,223.0,223.8,209.3,312.55
2022-05-05,190.92,312.9,237.52,276.97,294.38,269.5,224.0,224.8,209.65,322.55
2022-05-06,203.31,325.38,253.63,290.76,311.57,266.05,224.45,225.25,208.85,333.85
2022-05-09,203.31,330.85,253.63,290.76,311.57,271.35,225.55,226.35,209.4,343.85
2022-05-10,203.31,327.38,253.63,290.76,311.57,259.4,227.3,228.1,210.4,358.5
2022-05-11,203.31,316.25,253.63,290.76,311.57,261.25,230.6,231.4,209.9,363.5
2022-05-12,203.31,327.4,253.63,290.76,311.57,272.25,230.25,231.05,210.55,368.85
2022-05-13,208.26,321.13,260.79,295.6,305.0,259.4,229.4,230.2,210.55,358.1
2022-05-16,208.26,322.0,260.79,295.6,305.0,270.4,,,,349.0
2022-05-17,208.26,331.0,260.79,295.6,305.0,277.3,229.4,230.2,213.8,360.45
2022-05-18,208.26,361.63,260.79,295.6,305.0,277.3,230.55,231.35,214.25,396.0
2022-05-19,208.26,358.75,260.79,295.6,305.0,280.05,232.65,233.45,215.3,381.8
2022-05-20,222.35,362.5,274.11,314.74,325.0,289.45,233.95,234.75,214.35,387.5
2022-05-23,222.35,342.38,274.11,314.74,325.0,264.45,233.8,234.6,214.35,382.5
2022-05-24,222.35,295.5,274.11,314.74,325.0,226.9,233.8,234.6,214.35,377.8
2022-05-25,222.35,295.0,274.11,314.74,325.0,233.75,238.65,239.45,213.55,342.05
2022-05-26,222.35,330.6,274.11,314.74,325.0,241.95,242.55,243.35,212.85,361.35
2022-05-27,192.68,323.83,246.64,290.52,300.0,248.4,243.05,243.85,208.0,353.95
2022-05-30,192.68,335.7,246.64,290.52,300.0,265.85,243.85,244.65,207.65,359.1
2022-05-31,192.68,336.0,246.64,290.52,300.0,286.45,243.4,244.2,207.65,352.6
2022-06-01,194.96,327.5,255.32,303.74,317.95,277.05,240.2,241.0,208.15,354.25
2022-06-02,,,,,,,230.15,230.95,208.15,
2022-06-03,,,,,,,230.15,230.95,207.45,
2022-06-06,194.96,329.44,255.32,303.74,317.95,264.25,230.15,230.95,207.75,361.2
2022-06-07,194.96,322.25,255.32,303.74,317.95,254.15,227.2,228.0,208.05,396.5
2022-06-08,194.96,304.5,255.32,303.74,317.95,241.1,225.2,226.0,208.05,329.5
2022-06-09,194.96,308.5,255.32,303.74,317.95,233.75,220.4,221.2,208.0,339.4
2022-06-10,171.75,297.4,231.88,282.79,305.0,231.9,215.45,216.25,207.75,334.4
2022-06-13,171.75,296.69,231.88,282.79,305.0,231.0,208.8,209.6,207.5,329.85
2022-06-14,171.75,287.5,231.88,282.79,305.0,228.25,207.4,208.2,207.5,304.8
2022-06-15,171.75,315.8,231.88,282.79,305.0,238.35,208.4,209.2,206.5,350.3
2022-06-16,171.75,330.0,231.88,282.79,305.0,244.75,205.6,206.4,206.6,360.4
2022-06-17,152.38,331.5,208.65,270.89,325.0,256.65,205.8,206.6,206.7,350.4
2022-06-20,152.38,347.0,208.65,270.89,325.0,279.6,205.55,206.35,206.45,375.4
2022-06-21,152.38,361.67,208.65,270.89,325.0,290.6,205.25,206.05,205.95,361.45
2022-06-22,152.38,358.6,208.65,270.89,325.0,287.85,201.45,202.25,205.6,366.45
2022-06-23,152.38,361.5,208.65,270.89,325.0,292.4,198.65,199.45,203.45,337.5
2022-06-24,180.69,342.5,269.37,323.82,378.25,284.15,197.15,197.95,203.45,336.75
2022-06-27,180.69,330.0,269.37,323.82,378.25,286.7,198.55,199.35,203.65,331.1
2022-06-28,180.69,342.0,269.37,323.82,378.25,254.85,200.55,201.35,203.65,361.1
2022-06-29,180.69,335.0,269.37,323.82,378.25,252.1,205.5,206.3,201.8,360.85
2022-06-30,180.69,327.06,269.37,323.82,378.25,258.5,204.45,205.25,201.6,346.35
2022-07-01,155.08,327.6,235.17,301.85,355.0,254.85,207.0,207.8,201.5,343.65
2022-07-04,155.08,341.63,235.17,301.85,355.0,260.1,206.6,207.4,201.5,348.6
2022-07-05,155.08,341.25,235.17,301.85,355.0,259.9,207.6,208.4,200.5,348.6
2022-07-06,155.08,341.75,235.17,301.85,355.0,270.65,209.55,210.35,200.45,343.6
2022-07-07,155.08,353.63,235.17,301.85,355.0,274.3,208.5,209.3,199.8,348.6
2022-07-08,167.09,362.19,251.57,322.37,370.0,279.8,207.6,208.4,199.75,348.1
2022-07-11,167.09,351.67,251.57,322.37,370.0,284.4,,,,352.5
2022-07-12,167.09,360.0,251.57,322.37,370.0,271.35,212.0,212.8,199.5,357.45
2022-07-13,167.09,350.83,251.57,322.37,370.0,275.25,200.8,200.0,195.9,357.25
2022-07-14,167.09,331.67,251.57,322.37,370.0,268.8,185.8,185.0,194.9,357.25
2022-07-15,163.97,318.33,249.99,317.43,383.2,247.5,175.8,175.0,194.45,357.25
2022-07-18,163.97,306.75,249.99,317.43,383.2,222.75,175.8,175.0,194.45,357.25
2022-07-19,163.97,305.25,249.99,317.43,383.2,226.65,170.8,170.0,194.55,357.25
2022-07-20,163.97,306.67,249.99,317.43,383.2,229.85,170.8,170.0,194.95,357.25
2022-07-21,163.97,298.75,249.99,317.43,383.2,229.85,170.8,170.0,185.0,356.25
2022-07-22,144.63,296.25,213.02,285.76,350.0,232.15,170.8,170.0,170.0,356.25
2022-07-25,144.63,314.17,213.02,285.76,350.0,242.0,170.65,169.85,170.0,356.25
2022-07-26,144.63,323.5,213.02,285.76,350.0,264.45,170.65,169.85,165.0,346.25
2022-07-27,144.63,324.0,213.02,285.76,350.0,254.25,168.8,168.0,164.0,324.5
2022-07-28,144.63,325.75,213.02,285.76,350.0,259.4,167.8,167.0,160.0,324.05
2022-07-29,166.43,320.67,239.95,316.32,387.96,238.35,167.8,167.0,160.0,314.05
2022-08-01,166.43,341.88,239.95,316.32,387.96,242.9,165.8,165.0,157.0,349.05
2022-08-02,166.43,330.0,239.95,316.32,387.96,238.35,165.8,165.0,155.0,358.8
2022-08-03,166.43,330.0,239.95,316.32,387.96,229.15,164.8,164.0,154.0,358.2
2022-08-04,166.43,305.0,239.95,316.32,387.96,210.85,163.8,163.0,153.0,358.2
2022-08-05,142.01,290.0,210.93,278.17,336.53,218.15,163.8,163.0,152.0,352.85
2022-08-08,142.01,280.0,210.93,278.17,336.53,201.65,162.8,162.0,151.5,352.45
2022-08-09,142.01,285.4,210.93,278.17,336.53,223.65,,,,322.45
2022-08-10,142.01,319.9,210.93,278.17,336.53,242.9,160.8,160.0,151.0,335.85
2022-08-11,142.01,315.5,210.93,278.17,336.53,241.05,158.8,158.0,151.0,330.85
2022-08-12,135.46,317.3,211.07,279.91,315.0,236.5,158.8,158.0,151.0,335.85
2022-08-15,135.46,323.33,211.07,279.91,315.0,247.5,158.8,158.0,151.0,338.85
2022-08-16,135.46,335.25,211.07,279.91,315.0,258.5,158.8,158.0,151.0,351.05
2022-08-17,135.46,347.0,211.07,279.91,315.0,268.6,159.05,158.25,151.25,361.35
2022-08-18,135.46,357.0,211.07,279.91,315.0,269.95,159.05,158.25,151.25,371.5
2022-08-19,161.43,371.25,244.45,314.1,355.03,283.25,158.8,158.0,156.45,381.5
2022-08-22,161.43,386.88,244.45,314.1,355.03,271.8,158.8,158.0,156.0,396.5
2022-08-23,161.43,356.25,244.45,314.1,355.03,272.25,158.3,157.5,155.5,361.55
2022-08-24,161.43,355.0,244.45,314.1,355.03,243.85,158.3,157.5,155.5,365.0
2022-08-25,161.43,355.0,244.45,314.1,355.03,244.75,157.8,157.0,155.0,376.6
2022-08-26,156.81,355.0,250.45,317.77,363.36,256.65,156.8,156.0,154.0,377.0
2022-08-29,,,,,,,155.8,155.0,154.0,
2022-08-30,156.81,332.5,250.45,317.77,363.36,247.5,155.8,155.0,154.0,333.3
2022-08-31,156.81,333.13,250.45,317.77,363.36,245.65,155.8,155.0,154.0,369.1
2022-09-01,156.81,340.0,250.45,317.77,363.36,249.35,155.8,155.0,154.0,352.7
2022-09-02,149.02,336.67,245.77,313.05,340.0,249.35,155.8,155.0,154.0,355.75
2022-09-05,149.02,355.0,245.77,313.05,340.0,274.1,155.8,155.0,154.0,402.75
2022-09-06,149.02,345.0,245.77,313.05,340.0,261.1,156.3,155.5,154.5,388.6
2022-09-07,149.02,332.13,245.77,313.05,340.0,244.75,156.8,156.0,155.0,370.75
2022-09-08,149.02,305.67,245.77,313.05,340.0,231.9,157.05,156.25,155.55,354.2
2022-09-09,146.73,285.0,239.97,305.48,335.0,212.2,157.55,156.75,156.55,332.4
2022-09-12,146.73,279.0,239.97,305.48,335.0,208.1,157.55,156.75,156.55,327.25
2022-09-13,146.73,280.0,239.97,305.48,335.0,204.4,157.75,156.95,156.75,322.9
2022-09-14,146.73,288.5,239.97,305.48,335.0,180.6,158.8,158.0,158.0,296.9
2022-09-15,146.73,288.0,239.97,305.48,335.0,198.45,159.3,158.5,158.5,291.9
2022-09-16,131.83,270.0,205.34,268.75,287.06,186.1,160.8,160.0,160.0,307.05
2022-09-19,,,,,,,160.8,160.0,160.0,
2022-09-20,131.83,264.17,205.34,268.75,287.06,180.15,160.8,160.0,160.0,271.0
2022-09-21,131.83,275.0,205.34,268.75,287.06,176.25,161.8,161.0,161.0,298.5
2022-09-22,131.83,268.33,205.34,268.75,287.06,173.25,163.8,163.0,161.5,263.5
2022-09-23,123.13,268.75,199.2,259.31,268.09,184.25,170.8,170.0,168.0,263.55
2022-09-26,123.13,266.75,199.2,259.31,268.09,187.9,170.8,170.0,168.0,259.05
2022-09-27,123.13,269.0,199.2,259.31,268.09,191.6,171.0,170.2,168.2,268.5
2022-09-28,123.13,265.0,199.2,259.31,268.09,197.1,171.0,170.2,168.2,260.6
2022-09-29,123.13,267.38,199.2,259.31,268.09,208.1,171.0,170.2,168.2,255.7
2022-09-30,137.4,269.38,209.12,269.39,275.0,219.55,172.0,171.2,169.2,261.25
2022-10-03,137.4,277.0,209.12,269.39,275.0,219.1,172.0,171.2,169.2,271.25
2022-10-04,137.4,264.0,209.12,269.39,275.0,217.25,172.0,171.2,169.2,182.0
2022-10-05,137.4,255.5,209.12,269.39,275.0,205.0,172.1,171.3,169.3,182.0
2022-10-06,137.4,243.5,209.12,269.39,275.0,183.8,172.1,171.3,169.3,185.0
2022-10-07,133.8,221.0,194.27,251.91,266.23,165.0,172.3,171.5,169.5,184.0
2022-10-10,133.8,220.5,194.27,251.91,266.23,170.95,172.35,171.55,169.55,185.0
2022-10-11,133.8,221.0,194.27,251.91,266.23,169.95,172.35,171.55,169.55,185.0
2022-10-12,133.8,247.5,194.27,251.91,266.23,180.6,172.45,171.65,170.05,191.0
2022-10-13,133.8,229.0,194.27,251.91,266.23,165.25,172.45,171.65,170.1,189.0
2022-10-14,124.23,226.7,176.57,228.71,255.4,167.5,172.55,171.75,170.0,190.0
2022-10-17,124.23,237.5,176.57,228.71,255.4,162.95,172.75,171.95,170.2,187.0
2022-10-18,124.23,229.0,176.57,228.71,255.4,155.6,172.75,171.95,170.2,187.0
2022-10-19,124.23,228.9,176.57,228.71,255.4,158.8,172.55,171.75,170.0,189.0
2022-10-20,124.23,227.85,176.57,228.71,255.4,160.4,172.3,171.5,169.9,190.0
2022-10-21,115.27,223.38,165.67,216.02,245.0,154.7,172.2,171.4,169.8,170.0
2022-10-24,115.27,222.25,165.67,216.02,245.0,158.35,,,,169.0
2022-10-25,115.27,221.75,165.67,216.02,245.0,165.85,172.2,171.4,170.0,175.0
2022-10-26,115.27,216.67,165.67,216.02,245.0,154.9,172.1,171.3,170.0,177.0
2022-10-27,115.27,215.83,165.67,216.02,245.0,149.4,172.1,171.3,170.0,180.0
2022-10-28,112.79,220.0,156.98,203.85,235.0,154.9,171.9,171.1,169.8,180.0
2022-10-31,112.79,201.25,156.98,203.85,235.0,130.15,172.1,171.3,170.0,180.0
2022-11-01,112.79,203.33,156.98,203.85,235.0,145.05,172.3,171.5,170.5,182.0
2022-11-02,112.79,224.1,156.98,203.85,235.0,146.65,172.3,171.5,170.5,182.0
2022-11-03,112.79,205.75,156.98,203.85,235.0,134.75,172.3,171.5,170.5,182.0
2022-11-04,125.47,193.75,147.0,191.34,213.1,128.35,172.2,171.4,170.4,182.0
2022-11-07,125.47,174.0,147.0,191.34,213.1,126.05,170.8,170.0,169.0,175.0
2022-11-08,125.47,174.0,147.0,191.34,213.1,114.15,169.8,169.0,168.0,175.05
2022-11-09,125.47,169.75,147.0,191.34,213.1,106.55,164.8,164.0,165.0,160.0
2022-11-10,125.47,172.5,147.0,191.34,213.1,117.8,160.8,160.0,162.0,156.2
2022-11-11,125.18,172.5,143.85,164.24,177.96,125.35,158.8,158.0,160.0,155.0
2022-11-14,125.18,179.0,143.85,164.24,177.96,134.75,158.3,157.5,159.5,145.0
2022-11-15,125.18,182.5,143.85,164.24,177.96,143.9,157.8,157.0,159.5,145.0
2022-11-16,125.18,181.67,143.85,164.24,177.96,138.95,157.3,156.5,159.2,144.0
2022-11-17,125.18,180.33,143.85,164.24,177.96,138.4,157.3,156.5,159.2,140.0
2022-11-18,119.49,185.0,147.03,173.52,190.52,151.25,157.3,156.5,159.2,140.0
2022-11-21,119.49,203.5,147.03,173.52,190.52,160.9,157.3,156.5,159.2,141.0
2022-11-22,119.49,217.25,147.03,173.52,190.52,160.9,157.3,156.5,159.2,175.0
2022-11-23,119.49,222.63,147.03,173.52,190.52,181.95,157.55,156.75,159.2,191.0
2022-11-24,119.49,222.69,147.03,173.52,190.52,179.0,157.8,157.0,159.2,201.0
2022-11-25,130.77,219.33,162.8,191.17,221.26,178.75,158.3,157.5,159.5,224.55
2022-11-28,130.77,226.25,162.8,191.17,221.26,183.35,158.2,157.4,159.5,225.0
2022-11-29,130.77,232.0,162.8,191.17,221.26,186.1,158.2,157.4,159.6,225.0
2022-11-30,130.77,243.33,162.8,191.17,221.26,189.1,158.1,157.3,159.6,231.0
2022-12-01,130.77,240.0,162.8,191.17,221.26,188.85,158.1,157.3,159.6,231.0
2022-12-02,145.3,240.0,175.18,210.88,241.35,192.5,158.05,157.25,159.1,231.0
2022-12-05,145.3,238.75,175.18,210.88,241.35,194.35,157.95,157.15,159.0,235.0
2022-12-06,145.3,243.1,175.18,210.88,241.35,199.85,157.95,157.15,159.0,249.0
2022-12-07,145.3,240.0,175.18,210.88,241.35,197.2,157.8,157.0,158.9,257.0
2022-12-08,145.3,232.67,175.18,210.88,241.35,173.25,157.8,157.0,158.9,253.3
2022-12-09,138.18,225.0,172.46,211.75,243.29,157.9,158.05,157.25,160.0,248.3
2022-12-12,138.18,225.0,172.46,211.75,243.29,137.5,158.05,157.25,160.0,244.3
2022-12-13,138.18,212.63,172.46,211.75,243.29,140.25,158.3,157.5,160.25,246.0
2022-12-14,138.18,206.5,172.46,211.75,243.29,142.1,158.3,157.5,160.25,241.0
2022-12-15,138.18,197.4,172.46,211.75,243.29,134.75,158.3,157.5,160.25,241.0
2022-12-16,119.43,188.5,147.96,186.2,208.1,123.75,158.8,158.0,160.75,237.0
2022-12-19,119.43,179.88,147.96,186.2,208.1,120.1,158.8,158.0,160.75,213.3
2022-12-20,119.43,176.0,147.96,186.2,208.1,112.75,157.8,157.0,160.0,203.3
2022-12-21,119.43,180.4,147.96,186.2,208.1,108.15,157.8,157.0,160.0,192.3
2022-12-22,119.43,176.33,147.96,186.2,208.1,111.85,157.8,157.0,160.0,188.3
2022-12-23,116.49,177.0,140.33,173.37,182.6,102.7,157.55,156.75,161.0,188.3
2022-12-27,,,,,,,157.55,156.75,161.0,
2022-12-28,116.49,183.25,140.33,173.37,182.6,107.25,157.05,156.25,160.0,198.3
2022-12-29,116.49,185.5,140.33,173.37,182.6,105.4,157.05,156.25,160.0,200.3
2022-12-30,98.55,190.0,126.43,160.44,173.67,107.7,157.05,156.25,160.0,201.3
2023-01-03,98.55,186.0,126.43,160.44,173.67,98.1,157.05,156.25,159.75,203.3
2023-01-04,98.55,182.98,126.43,160.44,173.67,114.65,155.8,155.0,159.0,202.65
2023-01-05,98.55,176.98,126.43,160.44,173.67,119.65,153.8,153.0,157.0,192.4
2023-01-06,112.23,170.25,126.64,159.49,172.08,106.55,153.8,153.0,157.0,187.0
2023-01-09,112.23,164.0,126.64,159.49,172.08,110.9,153.8,153.0,157.0,177.0
2023-01-10,112.23,164.17,126.64,159.49,172.08,114.6,153.55,152.75,156.75,180.65
2023-01-11,112.23,162.41,126.64,159.49,172.08,105.4,150.8,150.0,155.0,180.65
2023-01-12,112.23,164.5,126.64,159.49,172.08,116.45,150.8,150.0,155.0,176.65
2023-01-13,97.04,164.67,119.51,147.63,160.0,112.75,149.8,149.0,154.0,176.65
2023-01-16,97.04,163.6,119.51,147.63,160.0,108.15,149.8,149.0,154.0,181.65
2023-01-17,97.04,162.17,119.51,147.63,160.0,120.15,149.8,149.0,154.0,177.3
2023-01-18,,,,,,125.6,147.8,147.0,153.8,181.3
2023-01-19,97.04,169.0,119.51,147.63,160.0,130.65,145.8,145.0,153.0,184.3
2023-01-20,106.55,172.0,124.98,150.35,159.23,127.2,144.8,144.0,153.0,187.4
2023-01-23,106.55,165.33,124.98,150.35,159.23,131.1,,,,189.2
2023-01-24,106.55,165.83,124.98,150.35,159.23,124.2,,,,185.0
2023-01-25,106.55,140.0,124.98,150.35,159.23,110.45,144.8,144.0,153.0,180.0
2023-01-26,106.55,135.33,124.98,150.35,159.23,106.75,144.5,143.7,152.75,160.0
2023-01-27,100.63,145.3,121.2,139.81,146.77,104.95,143.8,143.0,152.0,150.0
2023-01-30,100.63,141.0,121.2,139.81,146.77,105.4,143.8,143.0,152.0,150.0
2023-01-31,100.63,,121.2,,,103.65,143.8,143.0,151.75,140.0
2023-02-01,100.63,145.4,121.2,139.81,146.77,107.25,143.7,142.9,151.7,119.95
2023-02-02,100.63,148.6,121.2,139.81,146.77,106.35,142.8,142.0,151.0,115.0
2023-02-03,98.3,150.67,116.85,133.1,134.1,109.55,141.8,141.0,150.5,110.0
2023-02-06,98.3,157.1,116.85,133.1,134.1,111.4,141.8,141.0,150.5,111.0
2023-02-07,98.3,160.42,116.85,133.1,134.1,108.4,141.3,140.5,150.0,115.0
2023-02-08,98.3,144.8,116.85,133.1,134.1,107.2,141.3,140.5,149.5,120.0
2023-02-09,98.3,129.94,116.85,133.1,134.1,99.45,141.3,140.5,149.0,122.0
2023-02-10,97.55,130.0,116.91,132.67,130.15,113.6,141.3,140.5,149.0,117.0
2023-02-13,97.55,136.75,116.91,132.67,130.15,110.9,138.8,138.0,146.5,109.0
2023-02-14,97.55,134.2,116.91,132.67,130.15,111.4,137.8,137.0,145.5,115.0
2023-02-15,97.55,140.58,116.91,132.67,130.15,114.6,137.8,137.0,145.5,123.0
2023-02-16,97.55,138.0,116.91,132.67,130.15,108.2,137.55,136.75,145.5,128.0
2023-02-17,95.97,134.8,114.69,130.44,136.19,104.05,137.8,137.0,143.0,128.0
2023-02-20,,,,,,103.6,138.05,137.25,143.25,135.0
2023-02-21,95.97,132.0,114.69,130.44,136.19,105.4,138.05,137.25,143.5,132.0
2023-02-22,95.97,134.75,114.69,130.44,136.19,106.35,138.05,137.25,143.8,132.0
2023-02-23,95.97,136.38,114.69,130.44,136.19,110.9,138.45,137.65,144.2,128.0
2023-02-24,93.81,147.5,112.82,129.45,140.08,118.25,138.8,138.0,145.0,140.0
2023-02-27,93.81,145.88,112.82,129.45,140.08,113.6,139.3,138.5,145.5,140.0
2023-02-28,93.81,143.0,112.82,129.45,140.08,113.9,140.3,139.5,147.5,127.0
2023-03-01,93.81,143.25,112.82,129.45,140.08,116.7,140.3,139.5,147.5,127.0
2023-03-02,93.81,140.18,112.82,129.45,140.08,108.4,140.3,139.5,147.5,129.6
2023-03-03,96.39,132.0,114.61,130.18,142.64,103.8,136.8,136.0,144.0,139.0
2023-03-06,96.39,123.0,114.61,130.18,142.64,87.3,135.8,135.0,143.0,139.0
2023-03-07,96.39,123.0,114.61,130.18,142.64,102.05,134.8,134.0,142.0,121.0
2023-03-08,96.39,125.0,114.61,130.18,142.64,101.75,134.3,133.5,141.5,121.0
2023-03-09,96.39,129.67,114.61,130.18,142.64,108.15,134.3,133.5,141.5,115.0
2023-03-10,92.09,135.0,107.99,122.49,118.22,113.65,134.3,133.5,142.0,115.0
2023-03-13,92.09,141.94,107.99,122.49,118.22,120.05,134.3,133.5,140.0,115.0
2023-03-14,92.09,137.75,107.99,122.49,118.22,119.15,135.0,133.5,140.6,112.0
2023-03-15,92.09,132.0,107.99,122.49,118.22,110.0,135.5,134.0,140.75,112.0
2023-03-16,92.09,132.0,107.99,122.49,118.22,110.0,134.7,133.2,138.75,112.0
2023-03-17,93.8,127.2,112.06,128.5,138.77,107.25,134.7,133.2,138.75,112.0
2023-03-20,93.8,132.0,112.06,128.5,138.77,112.75,134.7,133.2,137.75,110.5
2023-03-21,93.8,131.75,112.06,128.5,138.77,119.85,134.7,133.2,137.75,110.5
2023-03-22,93.8,130.75,112.06,128.5,138.77,113.65,134.1,132.5,137.2,110.5
2023-03-23,93.8,127.33,112.06,128.5,138.77,112.75,133.65,132.1,136.5,109.0
2023-03-24,92.0,128.5,108.94,123.68,131.98,111.85,133.65,132.1,136.0,109.0
2023-03-27,92.0,132.67,108.94,123.68,131.98,117.8,133.9,132.35,135.0,109.4
2023-03-28,92.0,136.25,108.94,123.68,131.98,121.9,133.9,132.35,135.0,108.0
2023-03-29,92.0,138.25,108.94,123.68,131.98,115.05,133.9,132.35,135.0,108.65
2023-03-30,92.0,133.6,108.94,123.68,131.98,117.3,133.9,132.35,135.0,108.65
2023-03-31,94.51,134.63,111.41,128.84,136.93,126.05,133.9,132.35,135.15,108.65
2023-04-03,94.51,138.17,111.41,128.84,136.93,121.55,133.9,132.35,135.15,107.05
2023-04-04,94.51,135.15,111.41,128.84,136.93,116.2,133.95,132.4,135.2,107.05
2023-04-05,94.51,135.1,111.41,128.84,136.93,115.25,133.95,132.4,135.2,106.95
2023-04-06,95.97,126.6,113.65,129.24,141.61,110.25,133.95,132.4,135.2,110.0
2023-04-10,,,,,,,133.95,132.4,135.5,
2023-04-11,95.97,123.8,113.65,129.24,141.61,107.0,133.95,132.35,135.4,108.0
2023-04-12,95.97,123.0,113.65,129.24,141.61,108.85,133.6,132.0,135.0,108.0
2023-04-13,95.97,121.2,113.65,129.24,141.61,103.15,133.6,132.0,135.0,108.0
2023-04-14,89.92,121.6,105.11,119.93,133.28,101.5,133.1,131.5,133.75,109.65
2023-04-17,89.92,116.33,105.11,119.93,133.28,104.5,133.1,131.5,133.75,109.65
2023-04-18,89.92,125.1,105.11,119.93,133.28,104.55,132.45,130.85,133.0,109.65
2023-04-19,89.92,130.0,105.11,119.93,133.28,105.7,132.1,130.5,132.5,108.05
2023-04-20,89.92,131.13,105.11,119.93,133.28,110.9,130.6,129.0,131.0,108.05
2023-04-21,90.45,132.2,107.23,120.27,131.25,110.5,130.45,128.85,130.85,108.05
2023-04-24,90.45,128.2,107.23,120.27,131.25,109.55,130.6,129.0,131.0,107.0
2023-04-25,,128.2,107.23,120.27,131.25,110.7,130.6,129.0,131.15,107.9
2023-04-26,90.45,127.41,107.23,120.27,131.25,107.7,130.6,129.0,131.15,105.0
2023-04-27,90.45,127.4,107.23,120.27,131.25,115.05,131.0,129.4,131.5,105.0
2023-04-28,91.28,125.88,108.09,122.2,130.43,115.75,130.8,129.2,131.25,105.0
2023-05-02,91.28,127.25,108.09,122.2,130.43,107.7,130.8,129.2,131.25,109.0
2023-05-03,91.28,125.0,108.09,122.2,130.43,102.65,130.8,129.2,131.25,109.0
2023-05-04,91.28,,108.09,,,102.65,130.1,128.5,130.9,109.0
2023-05-05,87.26,119.0,103.26,116.71,123.63,98.1,130.1,128.5,130.9,109.0
2023-05-08,,,,,,,130.6,129.0,131.3,
2023-05-09,87.26,116.7,103.26,116.71,123.63,98.1,130.55,128.95,131.25,109.0
2023-05-10,87.26,113.9,103.26,116.71,123.63,93.5,130.3,128.7,130.95,107.0
2023-05-11,87.26,110.5,103.26,116.71,123.63,91.65,130.1,128.5,130.0,107.0
2023-05-12,78.21,107.0,97.07,104.98,112.94,90.3,126.6,125.0,128.95,107.0
2023-05-15,78.21,105.5,97.07,104.98,112.94,89.85,125.6,124.0,128.0,107.0
2023-05-16,78.21,104.0,97.07,104.98,112.94,90.75,123.6,122.0,125.5,107.85
2023-05-17,78.21,105.4,97.07,104.98,112.94,88.45,121.1,119.5,124.5,105.95
2023-05-18,78.21,104.0,97.07,104.98,112.94,83.9,120.6,119.0,123.5,101.55
2023-05-19,71.96,101.0,87.11,97.31,104.14,88.0,118.1,116.5,120.0,105.65
2023-05-22,71.96,102.5,87.11,97.31,104.14,88.45,116.6,115.0,119.0,106.1
2023-05-23,71.96,103.63,87.11,97.31,104.14,85.7,114.6,113.0,117.25,103.5
2023-05-24,71.96,101.33,87.11,97.31,104.14,87.1,111.6,110.0,116.5,104.9
2023-05-25,71.96,107.0,87.11,97.31,104.14,85.25,109.6,108.0,114.95,102.95
2023-05-26,71.12,106.75,86.39,98.43,102.5,86.2,104.6,103.0,111.5,103.85
2023-05-29,,,,,,,104.6,103.0,111.5,
2023-05-30,71.12,98.21,86.39,98.43,102.5,82.75,103.1,101.5,110.0,100.4
2023-05-31,71.12,99.5,86.39,98.43,102.5,84.55,100.6,99.0,107.0,102.2
2023-06-01,,92.25,86.39,98.43,102.5,80.45,99.95,98.35,106.0,97.6
2023-06-02,67.16,96.9,81.5,92.15,91.75,82.25,,,,98.95
2023-06-05,67.16,100.5,81.5,92.15,91.75,89.15,99.1,97.6,104.5,105.85
2023-06-06,67.16,99.45,81.5,92.15,91.75,83.2,98.5,97.0,102.0,98.15
2023-06-07,67.16,100.0,81.5,92.15,91.75,84.1,97.5,96.0,101.0,99.2
2023-06-08,67.16,103.2,81.5,92.15,91.75,91.0,95.5,94.0,99.5,106.1
2023-06-09,71.06,99.83,85.96,97.6,109.0,96.5,95.5,94.0,99.5,111.6
2023-06-12,71.06,100.5,85.96,97.6,109.0,88.25,95.25,93.75,99.0,114.0
2023-06-13,71.06,97.92,85.96,97.6,109.0,90.5,94.5,93.0,98.0,109.0
2023-06-14,71.06,102.2,85.96,97.6,109.0,89.15,93.65,92.15,97.25,100.0
2023-06-15,71.06,102.7,85.96,97.6,109.0,88.25,93.65,92.15,97.25,103.45
2023-06-16,70.86,101.0,86.93,100.23,110.0,91.0,92.0,90.5,95.5,106.2
2023-06-19,70.86,96.67,86.93,100.23,110.0,88.7,91.75,90.25,95.15,104.05
2023-06-20,70.86,98.0,86.93,100.23,110.0,83.9,91.25,89.75,94.6,99.25
2023-06-21,70.86,101.0,86.93,100.23,110.0,83.4,91.45,89.95,95.05,98.8
2023-06-22,70.86,101.08,86.93,100.23,110.0,81.85,90.2,88.75,94.0,97.65
2023-06-23,70.13,100.63,84.58,100.69,109.75,81.6,89.45,88.0,93.0,97.4
2023-06-26,70.13,99.5,84.58,100.69,109.75,82.5,88.65,87.2,91.95,98.3
2023-06-27,70.13,98.0,84.58,100.69,109.75,85.7,88.65,87.2,91.7,101.4
2023-06-28,70.13,98.0,84.58,100.69,109.75,84.8,88.95,87.5,92.0,100.3
2023-06-29,70.13,103.13,84.58,100.69,109.75,85.25,,,,100.75
2023-06-30,71.28,105.75,87.01,101.66,111.94,89.8,89.35,87.9,92.5,105.3
2023-07-03,71.28,103.5,87.01,101.66,111.94,89.4,88.85,87.4,92.0,104.9
2023-07-04,71.28,102.2,87.01,101.66,111.94,87.1,88.6,87.15,91.75,102.6
2023-07-05,71.28,106.29,87.01,101.66,111.94,88.0,88.6,87.15,91.9,103.5
2023-07-06,71.28,102.0,87.01,101.66,111.94,81.15,88.6,87.15,92.0,96.65
2023-07-07,72.95,100.5,89.24,104.04,113.14,83.9,88.6,87.15,92.35,99.35
2023-07-10,72.95,95.6,89.24,104.04,113.14,80.65,89.6,88.15,93.05,95.7
2023-07-11,,92.46,89.24,104.04,113.14,76.1,90.35,88.9,93.8,91.1
2023-07-12,72.95,90.63,89.24,104.04,113.14,72.65,90.9,89.45,94.8,87.0
2023-07-13,72.95,93.39,89.24,104.04,113.14,72.2,91.8,90.35,95.5,86.55
2023-07-14,64.62,92.0,79.61,93.42,94.04,75.15,92.0,90.55,96.0,89.5
2023-07-17,64.62,90.44,79.61,93.42,94.04,70.15,91.35,89.9,95.4,84.65
2023-07-18,64.62,89.0,79.61,93.42,94.04,77.9,91.65,90.2,96.0,92.4
2023-07-19,64.62,95.58,79.61,93.42,94.04,73.35,91.65,90.2,96.0,87.85
2023-07-20,64.62,89.25,79.61,93.42,94.04,81.6,94.65,93.2,97.5,96.1
2023-07-21,68.77,88.75,83.05,94.84,94.66,87.1,97.65,96.2,97.75,101.6
2023-07-24,68.77,88.5,83.05,94.84,94.66,92.15,100.15,98.7,100.0,106.65
2023-07-25,68.77,91.2,83.05,94.84,94.66,94.9,100.15,98.7,100.0,109.4
2023-07-26,68.77,89.0,83.05,94.84,94.66,94.4,102.45,101.0,100.0,106.9
2023-07-27,68.77,89.0,83.05,94.84,94.66,92.8,102.45,101.0,100.0,105.5
2023-07-28,72.43,88.25,88.62,101.66,107.0,90.75,102.35,100.9,100.0,99.0
2023-07-31,72.43,103.17,88.62,101.66,107.0,89.85,102.35,100.9,99.7,102.5
2023-08-01,72.43,103.63,88.62,101.66,107.0,88.45,101.65,101.2,99.4,101.1
2023-08-02,72.43,104.88,88.62,101.66,107.0,88.2,101.75,101.3,99.4,101.0
2023-08-03,72.43,107.67,88.62,101.66,107.0,88.9,101.65,101.2,98.9,101.4
2023-08-04,72.3,106.55,88.82,101.37,100.94,90.75,103.65,103.2,98.9,103.65
2023-08-07,72.3,108.57,88.82,101.37,100.94,93.25,103.65,103.2,97.8,106.45
2023-08-08,72.3,108.37,88.82,101.37,100.94,95.75,104.65,104.2,98.5,109.15
2023-08-09,72.3,112.75,88.82,101.37,100.94,93.05,,,,106.05
2023-08-10,72.3,112.75,88.82,101.37,100.94,92.15,104.45,104.0,98.0,105.15
2023-08-11,,,92.25,,,91.7,104.45,104.0,98.0,105.25
2023-08-14,75.4,115.25,92.25,105.73,110.4,93.05,105.45,105.0,98.0,106.8
2023-08-15,75.4,116.0,92.25,105.73,110.4,88.05,106.75,106.3,98.7,101.8
2023-08-16,75.4,114.9,92.25,105.73,110.4,97.15,106.75,106.3,99.0,111.05
2023-08-17,75.4,114.5,92.25,105.73,110.4,97.65,106.75,106.3,99.0,111.55
2023-08-18,79.28,117.5,96.66,110.94,111.92,98.55,106.75,106.3,99.0,112.8
2023-08-21,79.28,120.75,96.66,110.94,111.92,99.9,106.75,106.3,99.0,114.15
2023-08-22,79.28,124.44,96.66,110.94,111.92,100.85,106.75,106.3,99.0,115.2
2023-08-23,79.28,119.25,,110.94,111.92,96.5,106.45,106.0,99.5,111.2
2023-08-24,79.28,118.6,96.66,110.94,111.92,93.5,106.45,106.0,99.8,108.3
2023-08-25,82.54,118.6,100.17,115.36,114.95,95.5,105.45,105.0,98.5,110.3
2023-08-28,,,,,,,104.95,104.5,98.75,
2023-08-29,82.54,115.4,100.17,115.36,114.95,95.0,104.35,103.9,99.75,111.5
2023-08-30,82.54,115.0,100.17,115.36,114.95,95.1,103.45,103.0,99.45,110.15
2023-08-31,82.54,111.1,100.17,115.36,114.95,96.0,102.7,102.25,99.0,111.05
2023-09-01,81.79,109.0,99.41,113.72,113.18,91.8,,,,106.85
2023-09-04,81.79,107.38,99.41,113.72,113.18,90.9,102.45,102.0,99.0,106.2
2023-09-05,81.79,117.17,99.41,113.72,113.18,91.35,101.9,101.45,98.8,107.1
2023-09-06,81.79,116.6,99.41,113.72,113.18,93.5,102.25,101.8,99.8,109.25
2023-09-07,81.79,117.0,99.41,113.72,113.18,91.0,102.55,102.1,99.8,108.4
2023-09-08,79.64,118.7,97.85,111.5,109.23,95.0,103.25,102.8,100.0,112.25
2023-09-11,79.64,118.85,97.85,111.5,109.23,93.5,103.95,103.5,101.0,110.95
2023-09-12,79.64,119.5,97.85,111.5,109.23,96.85,104.35,103.9,101.2,114.3
2023-09-13,79.64,121.0,97.85,111.5,109.23,96.1,106.0,105.55,103.15,113.55
2023-09-14,79.64,124.2,97.85,111.5,109.23,94.0,107.3,106.85,104.15,112.5
2023-09-15,85.45,128.17,104.8,118.88,114.06,108.15,108.35,107.9,105.15,126.4
2023-09-18,85.45,131.3,104.8,118.88,114.06,105.0,108.9,108.45,105.65,123.25
2023-09-19,85.45,130.93,104.8,118.88,114.06,105.3,111.4,110.95,106.65,123.55
2023-09-20,85.45,132.75,104.8,118.88,114.06,109.0,113.25,112.8,109.15,127.25
2023-09-21,85.45,131.88,104.8,118.88,114.06,104.9,114.35,113.9,111.65,123.15
2023-09-22,88.71,132.0,107.76,123.98,117.38,109.1,114.0,113.55,111.65,127.5
2023-09-25,88.71,134.2,107.76,123.98,117.38,109.5,114.9,114.45,112.2,127.9
2023-09-26,88.71,134.67,107.76,123.98,117.38,111.0,116.9,116.45,113.5,129.4
2023-09-27,88.71,133.75,107.76,123.98,117.38,108.15,116.55,116.1,113.5,126.45
2023-09-28,,,,,,108.6,117.05,116.6,114.1,127.05
2023-09-29,89.84,133.1,109.47,125.8,120.68,112.75,118.3,117.85,114.55,131.2
2023-10-02,89.84,132.0,109.47,125.8,120.68,111.0,118.9,118.45,114.85,129.45
2023-10-03,89.84,124.5,109.47,125.8,120.68,108.3,120.35,119.9,116.0,126.8
2023-10-04,89.84,123.33,109.47,125.8,120.68,102.65,120.15,119.7,116.0,121.0
2023-10-05,89.84,120.88,109.47,125.8,120.68,104.0,119.95,119.5,116.15,122.35
2023-10-06,84.48,126.5,101.92,117.35,115.87,105.8,119.95,119.5,116.15,124.9
2023-10-09,84.48,130.17,101.92,117.35,115.87,107.25,119.85,119.4,116.25,125.6
2023-10-10,84.48,132.0,101.92,117.35,115.87,111.0,123.6,123.15,118.5,129.35
2023-10-11,84.48,133.25,101.92,117.35,115.87,107.0,123.6,123.15,119.0,125.5
2023-10-12,84.48,135.33,101.92,117.35,115.87,112.0,124.45,124.0,120.0,130.5
2023-10-13,91.16,136.3,112.25,125.93,127.74,112.0,125.05,124.6,121.0,130.65
2023-10-16,91.16,135.25,112.25,125.93,127.74,120.3,125.1,124.65,121.1,138.9
2023-10-17,91.16,136.4,112.25,125.93,127.74,115.0,126.1,125.65,121.25,133.65
2023-10-18,91.16,135.0,112.25,125.93,127.74,120.0,126.7,126.25,122.25,138.65
2023-10-19,91.16,134.0,112.25,125.93,127.74,110.0,126.55,126.1,123.0,128.55
2023-10-20,94.45,133.0,113.71,128.44,135.8,110.0,126.75,126.3,123.0,130.0
2023-10-23,94.45,129.6,113.71,128.44,135.8,108.15,126.7,126.25,123.2,126.05
2023-10-24,94.45,129.0,113.71,128.44,135.8,109.55,125.45,125.0,123.5,127.3
2023-10-25,94.45,124.35,113.71,128.44,135.8,109.3,123.25,122.8,123.5,126.9
2023-10-26,94.45,125.38,113.71,128.44,135.8,110.0,123.1,122.65,123.7,127.9
2023-10-27,88.64,125.67,107.51,121.68,128.58,108.1,122.75,122.3,123.7,126.0
2023-10-30,88.64,124.85,107.51,121.68,128.58,107.25,122.0,121.55,122.7,125.2
2023-10-31,88.64,121.5,107.51,121.68,128.58,105.5,119.0,118.55,121.0,123.3
2023-11-01,88.64,122.0,107.51,121.68,128.58,105.5,119.1,118.65,120.5,123.55
2023-11-02,,,,,,105.0,118.6,118.15,119.5,122.45
2023-11-03,83.18,121.5,101.26,114.85,119.82,99.45,117.75,117.3,118.0,116.6
2023-11-06,83.18,121.0,101.26,114.85,119.82,100.0,115.8,115.35,117.0,116.65
2023-11-07,83.18,115.25,101.26,114.85,119.82,91.65,113.6,113.15,116.0,107.8
2023-11-08,83.18,116.0,101.26,114.85,119.82,95.8,113.55,113.1,115.0,111.3
2023-11-09,83.18,117.81,101.26,114.85,119.82,96.25,113.45,113.0,115.0,112.0
2023-11-10,77.81,113.4,94.6,108.43,118.11,95.35,113.45,113.0,115.05,110.6
2023-11-13,77.81,110.83,94.6,108.43,118.11,88.45,,,,104.15
2023-11-14,77.81,111.67,94.6,108.43,118.11,93.85,111.55,111.1,114.0,109.55
2023-11-15,77.81,112.67,94.6,108.43,118.11,93.5,111.95,111.5,114.0,109.05
2023-11-16,77.81,108.5,94.6,108.43,118.11,93.5,112.15,111.7,114.0,108.75
2023-11-17,74.8,108.4,91.56,104.62,112.56,92.6,110.6,110.15,114.0,108.3
2023-11-20,74.8,108.5,91.56,104.62,112.56,93.05,110.45,110.0,114.75,108.75
2023-11-21,74.8,108.25,91.56,104.62,112.56,93.05,110.9,110.45,115.15,109.2
2023-11-22,74.8,110.4,91.56,104.62,112.56,93.05,111.3,110.85,115.55,109.2
2023-11-23,74.8,110.8,91.56,104.62,112.56,94.9,111.75,111.3,115.55,111.75
2023-11-24,76.82,112.0,94.01,105.44,110.1,96.0,112.15,111.7,115.55,112.95
2023-11-27,76.82,108.0,94.01,105.44,110.1,94.9,112.45,112.0,115.85,111.85
2023-11-28,76.82,106.2,94.01,105.44,110.1,98.35,111.75,111.3,115.85,115.3
2023-11-29,76.82,104.2,94.01,105.44,110.1,91.2,111.85,111.4,116.0,108.3
2023-11-30,76.82,103.42,94.01,105.44,110.1,92.15,112.3,111.85,116.15,111.0
2023-12-01,76.19,103.0,93.15,105.08,111.02,89.95,113.35,112.9,116.65,108.55
2023-12-04,76.19,101.7,93.15,105.08,111.02,90.5,113.6,113.15,116.85,109.1
2023-12-05,76.19,100.96,93.15,105.08,111.02,91.9,112.95,112.5,116.0,110.4
2023-12-06,76.19,101.8,93.15,105.08,111.02,90.55,112.45,112.0,115.6,108.3
2023-12-07,76.19,101.79,93.15,105.08,111.02,93.75,111.6,111.15,115.4,111.5
2023-12-08,73.96,102.38,89.28,100.27,114.46,95.1,111.45,111.0,115.35,113.4
2023-12-11,73.96,102.58,89.28,100.27,114.46,92.8,111.55,111.1,115.0,110.8
2023-12-12,73.96,99.07,89.28,100.27,114.46,91.5,111.45,111.0,114.8,109.5
2023-12-13,73.96,99.38,89.28,100.27,114.46,86.4,111.35,110.9,114.7,103.75
2023-12-14,73.96,98.9,89.28,100.27,114.46,87.3,111.35,110.9,114.7,105.3
2023-12-15,70.8,99.13,86.89,98.24,108.91,87.5,111.6,111.15,114.55,104.65
2023-12-18,70.8,98.9,86.89,98.24,108.91,86.4,111.85,111.4,114.6,103.7
2023-12-19,70.8,98.2,86.89,98.24,108.91,87.05,111.95,111.5,114.6,104.3
2023-12-20,70.8,98.2,86.89,98.24,108.91,87.1,111.75,111.3,113.0,104.7
2023-12-21,70.8,97.9,86.89,98.24,108.91,87.75,111.5,111.05,112.95,105.45
2023-12-22,70.35,96.75,86.36,97.18,104.5,87.0,110.8,110.35,112.25,104.7
2023-12-26,,,,,,,111.15,110.7,112.25,
2023-12-27,70.35,98.63,86.36,97.18,104.5,85.0,111.15,110.7,112.3,102.7
2023-12-28,70.35,97.67,86.36,97.18,104.5,88.0,111.0,110.55,112.0,105.7
2023-12-29,70.83,96.38,84.89,97.04,107.02,87.55,111.15,110.7,112.0,105.15
2024-01-02,70.83,91.0,84.89,97.04,107.02,85.7,111.4,110.95,112.0,103.45
2024-01-03,70.83,91.0,84.89,97.04,107.02,84.35,111.25,110.8,110.0,101.9
2024-01-04,70.83,98.58,84.89,97.04,107.02,86.4,110.6,110.15,109.8,104.1
2024-01-05,70.58,98.4,84.87,96.54,104.41,89.15,110.4,109.95,109.0,106.6
2024-01-08,70.58,94.8,84.87,96.54,104.41,88.25,110.3,109.85,108.7,105.7
2024-01-09,70.58,97.13,84.87,96.54,104.41,86.0,109.85,109.4,108.3,103.8
2024-01-10,70.58,97.95,84.87,96.54,104.41,85.95,109.5,109.05,108.0,103.6
2024-01-11,70.58,97.54,84.87,96.54,104.41,85.7,109.45,109.0,107.8,103.5
2024-01-12,68.88,97.3,84.49,94.3,101.25,85.0,109.25,108.8,107.75,102.25
2024-01-15,68.88,96.3,84.49,94.3,101.25,87.0,109.45,109.0,107.0,104.25
2024-01-16,68.88,97.13,84.49,94.3,101.25,85.5,109.35,108.9,106.8,102.85
2024-01-17,68.88,96.08,84.49,94.3,101.25,83.4,109.5,109.05,107.0,100.55
2024-01-18,68.88,96.83,84.49,94.3,101.25,83.65,110.0,109.55,107.0,100.8
2024-01-19,66.82,94.83,82.68,92.74,96.39,81.6,110.2,109.75,107.05,98.6
2024-01-22,66.82,91.83,82.68,92.74,96.39,79.05,110.5,110.05,107.3,96.1
2024-01-23,66.82,91.9,82.68,92.74,96.39,80.45,110.4,109.95,107.3,97.75
2024-01-24,66.82,91.67,82.68,92.74,96.39,79.5,111.15,110.7,107.2,97.0
2024-01-25,66.82,89.7,82.68,92.74,96.39,80.0,111.35,110.9,107.2,97.5
2024-01-26,63.76,90.1,79.22,89.26,89.5,79.75,111.55,111.1,107.2,97.7
2024-01-29,63.76,91.45,79.22,89.26,89.5,78.15,111.55,111.1,106.7,96.1
2024-01-30,63.76,89.4,79.22,89.26,89.5,79.5,111.4,110.95,107.0,97.45
2024-01-31,63.76,90.81,79.22,89.26,89.5,80.9,111.4,110.95,106.5,98.45
2024-02-01,63.76,89.63,79.22,89.26,89.5,79.75,110.6,110.15,106.3,98.0
2024-02-02,63.95,89.5,78.74,88.83,90.3,79.5,110.35,109.9,106.45,98.25
2024-02-05,63.95,91.61,78.74,88.83,90.3,80.2,110.25,109.8,106.75,98.7
2024-02-06,63.95,91.4,78.74,88.83,90.3,79.6,110.65,110.2,107.15,98.15
2024-02-07,63.95,91.88,78.74,88.83,90.3,82.7,111.15,110.7,107.65,101.4
2024-02-08,63.95,93.69,78.74,88.83,90.3,82.95,111.25,110.8,107.0,101.85
2024-02-09,65.8,,81.73,,,80.9,112.05,111.6,107.0,100.45
2024-02-12,65.8,92.53,81.73,91.0,88.65,82.05,,,,101.6
2024-02-13,65.8,93.69,81.73,91.0,88.65,82.75,112.35,111.9,107.0,102.3
2024-02-14,65.8,92.73,81.73,91.0,88.65,82.0,112.35,111.9,106.9,100.05
2024-02-15,65.8,92.79,81.73,91.0,88.65,77.0,112.5,112.05,107.0,94.8
2024-02-16,65.88,92.63,82.04,90.98,84.21,81.35,112.25,111.8,106.95,99.9
2024-02-19,65.88,92.78,82.04,90.98,84.21,80.2,112.9,112.45,107.75,99.55
2024-02-20,65.88,93.22,82.04,90.98,84.21,81.15,113.1,112.65,108.0,100.5
2024-02-21,65.88,92.88,82.04,90.98,84.21,81.8,113.0,112.55,108.0,101.35
2024-02-22,65.88,93.8,82.04,90.98,84.21,82.75,113.35,112.9,108.2,103.05
2024-02-23,66.13,93.09,82.13,91.23,86.37,84.0,114.5,114.05,108.4,104.1
2024-02-26,66.13,93.33,82.13,91.23,86.37,85.0,114.95,114.5,108.6,105.1
2024-02-27,66.13,92.0,82.13,91.23,86.37,86.65,116.0,115.55,109.0,106.9
2024-02-28,66.13,92.0,82.13,91.23,86.37,88.7,116.3,115.85,109.15,108.8
2024-02-29,66.13,92.0,82.13,91.23,86.37,86.85,116.45,116.0,109.45,107.25
2024-03-01,69.47,92.75,85.62,95.38,95.58,86.0,116.55,116.1,109.5,106.5
2024-03-04,69.47,92.88,85.62,95.38,95.58,87.55,117.05,116.6,110.0,106.75
2024-03-05,69.47,93.63,85.62,95.38,95.58,92.35,117.3,116.85,109.9,111.5
2024-03-06,69.47,99.04,85.62,95.38,95.58,88.0,116.8,116.35,110.25,107.45
2024-03-07,69.47,94.63,85.62,95.38,95.58,91.2,117.2,116.75,110.0,110.1
2024-03-08,72.42,94.33,90.49,101.98,105.25,91.05,117.25,116.8,109.6,109.65
2024-03-11,72.42,93.0,90.49,101.98,105.25,90.5,118.65,118.25,109.3,108.65
2024-03-12,72.42,99.17,90.49,101.98,105.25,89.6,117.75,117.35,109.0,107.95
2024-03-13,72.42,99.52,90.49,101.98,105.25,89.95,117.0,116.6,109.2,108.5
2024-03-14,72.42,96.25,90.49,101.98,105.25,89.6,117.05,116.65,109.3,108.5
2024-03-15,70.93,98.25,89.59,99.84,105.25,89.85,117.15,116.75,109.3,108.75
2024-03-18,70.93,99.7,89.59,99.84,105.25,89.6,115.5,115.1,109.3,108.5
2024-03-19,70.93,102.0,89.59,99.84,105.25,90.5,113.3,112.9,109.0,109.4
2024-03-20,70.93,101.25,89.59,99.84,105.25,90.4,112.1,111.7,108.3,109.6
2024-03-21,70.93,100.25,89.59,99.84,105.25,88.7,111.85,111.45,108.0,107.6
2024-03-22,70.16,100.0,89.59,99.51,107.5,89.15,111.3,110.9,107.4,108.6
2024-03-25,70.16,101.5,89.59,99.51,107.5,90.75,110.0,109.6,106.6,109.9
2024-03-26,70.16,100.95,89.59,99.51,107.5,91.45,109.5,109.1,105.6,110.9
2024-03-27,70.16,99.5,89.59,99.51,107.5,92.35,109.2,108.8,105.1,111.8
2024-03-28,73.17,101.67,91.01,102.58,115.52,93.25,108.3,107.9,104.0,112.55
2024-04-01,,,,,,,107.9,107.5,103.7,
2024-04-02,73.17,104.13,91.01,102.58,115.52,90.0,107.8,107.4,103.0,109.2
2024-04-03,73.17,103.0,91.01,102.58,115.52,91.7,106.95,106.55,102.75,110.7
2024-04-04,73.17,100.93,91.01,102.58,115.52,87.75,106.45,106.05,102.0,105.85
2024-04-05,75.43,101.97,93.0,103.63,109.83,87.95,105.4,105.0,101.7,106.15
2024-04-08,75.43,99.69,93.0,103.63,109.83,86.0,104.7,104.3,101.8,104.05
2024-04-09,75.43,105.83,93.0,103.63,109.83,88.9,104.1,103.7,101.3,106.95
2024-04-10,75.43,108.5,93.0,103.63,109.83,89.85,-268.0,-484.0,-884.0,107.85
2024-04-11,75.43,110.13,93.0,103.63,109.83,89.85,104.4,104.0,101.35,107.85
2024-04-12,72.41,110.5,92.75,104.42,111.75,90.0,104.5,104.1,101.4,107.35
2024-04-15,72.41,109.6,92.75,104.42,111.75,89.0,105.45,105.05,100.4,106.35
2024-04-16,72.41,109.8,92.75,104.42,111.75,95.35,106.05,105.65,100.7,112.65
2024-04-17,72.41,111.85,92.75,104.42,111.75,95.4,105.65,105.25,100.7,112.65
2024-04-18,72.41,111.21,92.75,104.42,111.75,91.65,106.05,105.65,100.9,110.2
2024-04-19,75.71,112.3,95.8,108.91,114.86,91.65,106.95,106.55,101.0,110.8
2024-04-22,75.71,111.83,95.8,108.91,114.86,89.0,106.65,106.25,101.4,108.3
2024-04-23,75.71,107.1,95.8,108.91,114.86,88.0,106.1,105.7,101.35,107.45
2024-04-24,75.71,105.42,95.8,108.91,114.86,91.25,105.85,105.45,101.2,110.35
2024-04-25,75.71,104.08,95.8,108.91,114.86,87.1,105.85,105.45,101.0,106.2
2024-04-26,71.77,105.0,91.31,103.78,104.22,91.5,106.35,105.95,101.2,110.85
2024-04-29,71.77,99.0,91.31,103.78,104.22,82.4,106.35,105.95,101.2,101.7
2024-04-30,71.77,103.91,91.31,103.78,104.22,87.1,106.15,105.75,101.2,106.3
2024-05-01,71.77,104.1,91.31,103.78,104.22,87.3,,,,106.5
2024-05-02,71.77,105.13,91.31,103.78,104.22,90.05,105.55,105.15,101.1,109.25
2024-05-03,71.54,105.75,91.37,102.73,98.63,91.0,106.0,105.6,101.0,110.1
2024-05-06,,,,,,,106.2,105.8,101.0,
2024-05-07,71.54,107.0,91.37,102.73,98.63,92.15,106.75,106.35,101.5,111.0
2024-05-08,71.54,104.88,91.37,102.73,98.63,92.15,107.85,107.45,102.1,111.05
2024-05-09,71.54,105.69,91.37,102.73,98.63,90.05,109.55,109.15,102.7,108.75
2024-05-10,72.05,106.5,92.93,104.89,95.5,90.5,109.85,109.45,103.0,109.2
2024-05-13,72.05,105.7,92.93,104.89,95.5,89.95,110.75,110.35,103.0,108.5
2024-05-14,72.05,105.56,92.93,104.89,95.5,89.5,110.15,109.75,103.2,108.0
2024-05-15,72.05,105.67,92.93,104.89,95.5,91.0,109.9,109.5,103.1,109.6
2024-05-16,72.05,106.22,92.93,104.89,95.5,91.9,110.9,110.5,103.2,110.25
2024-05-17,71.86,107.1,92.39,103.69,92.35,92.95,110.85,110.45,103.2,111.3
2024-05-20,71.86,108.68,92.39,103.69,92.35,93.95,111.45,111.05,103.0,112.6
2024-05-21,71.86,111.2,92.39,103.69,92.35,95.8,111.9,111.5,102.2,114.7
2024-05-22,71.86,109.81,92.39,103.69,92.35,96.25,,,,115.05
2024-05-23,71.86,112.1,92.39,103.69,92.35,92.0,111.7,111.3,101.8,110.8
2024-05-24,74.87,110.13,95.36,107.11,95.07,96.25,111.25,110.85,101.6,115.0
2024-05-27,,,,,,,111.45,111.05,101.7,
2024-05-28,74.87,109.28,95.36,107.11,95.07,95.8,111.8,111.4,101.8,114.5
2024-05-29,74.87,111.05,95.36,107.11,95.07,97.65,112.1,111.7,101.55,116.25
2024-05-30,74.87,112.38,95.36,107.11,95.07,98.55,110.8,110.4,101.0,117.15
2024-05-31,76.97,112.67,98.19,110.11,102.17,97.65,109.75,109.35,100.8,115.75
2024-06-03,76.97,112.23,98.19,110.11,102.17,101.05,110.05,109.65,100.7,118.9
2024-06-04,76.97,109.38,98.19,110.11,102.17,100.4,110.45,110.05,101.0,118.25
2024-06-05,76.97,109.33,98.19,110.11,102.17,95.0,110.45,110.05,100.8,112.7
2024-06-06,76.97,108.67,98.19,110.11,102.17,97.0,110.7,110.3,100.8,114.5
2024-06-07,76.13,108.48,96.98,108.91,99.42,96.0,111.0,110.6,100.6,113.65
2024-06-10,76.13,108.0,96.98,108.91,99.42,94.2,111.05,110.65,100.8,111.9
2024-06-11,76.13,108.0,96.98,108.91,99.42,93.25,110.75,110.35,100.65,111.05
2024-06-12,76.13,107.4,96.98,108.91,99.42,94.9,110.85,110.45,100.5,112.5
2024-06-13,76.13,108.33,96.98,108.91,99.42,93.95,110.35,109.95,100.3,111.75
2024-06-14,72.77,107.33,94.88,107.09,100.42,88.95,109.9,109.5,100.0,106.8
2024-06-17,72.77,106.8,94.88,107.09,100.42,93.3,,,,111.3
2024-06-18,72.77,106.83,94.88,107.09,100.42,93.95,109.4,109.0,100.0,111.95
2024-06-19,72.77,106.75,94.88,107.09,100.42,94.9,109.35,108.95,99.5,112.65
2024-06-20,72.77,106.88,94.88,107.09,100.42,94.75,108.8,108.4,99.1,112.7
2024-06-21,73.3,106.9,94.56,107.31,101.19,93.0,108.3,107.9,98.9,110.95
2024-06-24,73.3,107.27,94.56,107.31,101.19,93.05,108.15,107.75,98.8,111.1
2024-06-25,73.3,107.32,94.56,107.31,101.19,93.0,107.95,107.55,98.5,110.5
2024-06-26,73.3,106.4,94.56,107.31,101.19,89.6,107.15,106.75,98.0,107.55
2024-06-27,73.3,105.29,94.56,107.31,101.19,89.6,106.9,106.5,98.0,107.0
2024-06-28,71.38,104.8,92.08,103.68,99.39,89.0,106.8,106.4,97.8,106.25
2024-07-01,71.38,104.55,92.08,103.68,99.39,88.0,106.8,106.4,97.8,104.75
2024-07-02,71.38,104.96,92.08,103.68,99.39,85.25,106.45,106.05,97.6,102.0
2024-07-03,71.38,105.05,92.08,103.68,99.39,88.0,106.3,105.9,97.7,104.5
2024-07-04,71.38,105.71,92.08,103.68,99.39,88.9,106.15,105.75,97.7,105.4
2024-07-05,70.73,107.19,91.02,102.59,95.37,91.0,106.05,105.65,97.5,107.65
2024-07-08,70.73,106.63,91.02,102.59,95.37,89.85,106.2,105.8,97.0,106.45
2024-07-09,70.73,106.32,91.02,102.59,95.37,88.45,106.15,105.75,97.4,104.75
2024-07-10,70.73,105.7,91.02,102.59,95.37,87.55,105.75,105.35,98.0,103.85
2024-07-11,70.73,106.08,91.02,102.59,95.37,90.95,106.05,105.65,98.5,107.15
2024-07-12,69.15,107.0,88.98,100.09,96.51,88.0,106.85,106.45,99.0,104.2
2024-07-15,69.15,107.95,88.98,100.09,96.51,88.25,106.9,106.5,99.25,104.55
2024-07-16,69.15,107.85,88.98,100.09,96.51,91.65,106.3,105.9,98.95,107.95
2024-07-17,69.15,107.83,88.98,100.09,96.51,89.5,106.15,105.75,98.45,105.8
2024-07-18,69.15,107.86,88.98,100.09,96.51,88.5,105.9,105.5,98.45,104.75
2024-07-19,70.51,109.0,90.28,101.17,100.34,88.0,106.25,105.85,98.5,108.75
2024-07-22,70.51,109.33,90.28,101.17,100.34,87.95,106.45,106.05,98.85,109.0
2024-07-23,70.51,110.5,90.28,101.17,100.34,85.95,106.4,106.0,99.1,107.05
2024-07-24,70.51,111.7,90.28,101.17,100.34,86.5,106.4,106.0,99.25,107.65
2024-07-25,70.51,112.17,90.28,101.17,100.34,87.0,106.0,105.6,99.5,108.0
2024-07-26,71.53,112.97,91.62,103.25,104.46,87.5,106.05,105.65,99.5,108.65
2024-07-29,71.53,114.33,91.62,103.25,104.46,88.0,106.35,105.95,99.5,109.05
2024-07-30,71.53,114.38,91.62,103.25,104.46,88.5,106.3,105.9,99.4,109.7
2024-07-31,71.53,113.0,91.62,103.25,104.46,88.5,106.0,105.6,99.05,109.7
2024-08-01,71.53,113.5,91.62,103.25,104.46,88.25,106.05,105.65,98.9,109.35
2024-08-02,74.29,,,,,88.0,106.15,105.75,98.4,109.15
2024-08-05,74.29,114.63,95.83,108.21,110.14,88.5,105.85,105.45,98.3,109.6
2024-08-06,74.29,115.88,95.83,108.21,110.14,89.0,105.8,105.4,98.45,110.15
2024-08-07,74.29,115.3,95.83,108.21,110.14,89.5,105.35,104.95,98.35,111.3
2024-08-08,74.29,114.63,95.83,108.21,110.14,90.0,105.2,104.8,98.0,111.85
2024-08-09,77.91,114.95,98.97,111.62,113.44,89.95,,,,111.8
2024-08-12,77.91,119.17,98.97,111.62,113.44,90.5,104.65,104.25,98.4,112.35
2024-08-13,77.91,117.1,98.97,111.62,113.44,90.5,104.75,104.35,98.65,112.4
2024-08-14,77.91,113.99,98.97,111.62,113.44,89.95,104.55,104.15,98.65,111.8
2024-08-15,77.91,115.67,98.97,111.62,113.44,89.95,104.8,104.4,99.15,111.9
2024-08-16,71.22,115.38,94.53,109.58,115.32,91.5,104.2,103.8,99.4,113.55
2024-08-19,71.22,,94.53,,,91.95,104.6,104.2,99.85,113.9
2024-08-20,71.22,114.63,94.53,109.58,115.32,91.95,104.5,104.1,99.9,114.0
2024-08-21,71.22,112.3,94.53,109.58,115.32,90.95,104.2,103.8,100.3,112.95
2024-08-22,71.22,112.15,94.53,109.58,115.32,90.0,104.6,104.2,100.5,111.85
2024-08-23,,,,,,89.0,105.0,104.6,100.55,111.0
2024-08-26,,,,,,,104.6,104.2,100.3,
2024-08-27,69.88,112.63,91.74,104.41,112.74,87.95,104.3,103.9,99.75,109.9
2024-08-28,69.88,113.17,91.74,104.41,112.74,88.5,104.0,103.6,99.55,110.45
2024-08-29,69.88,113.17,91.74,104.41,112.74,88.5,104.0,103.6,99.35,110.35
2024-08-30,69.06,112.77,89.12,104.43,114.42,88.5,103.8,103.4,99.35,110.7
2024-09-02,69.06,114.13,89.12,104.43,114.42,89.0,104.1,103.7,99.5,110.9
2024-09-03,69.06,110.63,89.12,104.43,114.42,89.0,104.1,103.7,99.3,111.0
2024-09-04,69.06,109.88,89.12,104.43,114.42,88.95,104.6,104.2,99.45,110.95
2024-09-05,69.06,109.33,89.12,104.43,114.42,87.95,104.4,104.0,99.45,109.8
2024-09-06,67.29,110.35,87.5,100.16,109.89,87.05,104.9,104.5,99.75,108.95
2024-09-09,67.29,108.71,87.5,100.16,109.89,87.5,104.7,104.3,99.4,109.45
2024-09-10,67.29,109.1,87.5,100.16,109.89,87.5,104.0,103.6,99.45,109.15
2024-09-11,67.29,106.33,87.5,100.16,109.89,87.25,104.0,103.6,99.4,108.7
2024-09-12,67.29,104.75,87.5,100.16,109.89,86.5,104.2,103.8,99.35,108.05
2024-09-13,,104.88,84.05,95.98,105.5,86.5,104.55,104.15,99.6,107.75
2024-09-16,64.83,100.53,84.05,95.98,105.5,87.25,104.6,104.2,99.65,108.6
2024-09-17,64.83,103.69,84.05,95.98,105.5,87.75,104.25,103.85,99.85,109.2
2024-09-18,64.83,104.0,84.05,95.98,105.5,87.75,104.25,103.85,99.85,108.85
2024-09-19,64.83,101.94,84.05,95.98,105.5,86.95,104.55,104.15,99.85,107.9
2024-09-20,63.77,103.5,82.9,93.41,106.0,86.95,105.05,104.65,100.15,107.9
2024-09-23,63.77,105.0,82.9,93.41,106.0,87.5,105.75,105.35,100.2,108.5
2024-09-24,63.77,104.88,82.9,93.41,106.0,87.0,105.75,105.35,100.15,108.0
2024-09-25,63.77,107.35,82.9,93.41,106.0,86.75,105.5,105.1,100.6,107.45
2024-09-26,63.77,108.2,82.9,93.41,106.0,87.0,105.1,104.7,100.7,107.35
2024-09-27,67.21,107.69,84.11,102.18,107.95,87.0,104.65,104.25,100.5,107.3
2024-09-30,67.21,111.08,84.11,102.18,107.95,87.25,104.3,103.9,100.2,107.55
2024-10-01,67.21,109.4,84.11,102.18,107.95,87.75,104.3,103.9,100.1,108.2
2024-10-02,67.21,107.5,84.11,102.18,107.95,88.05,104.75,104.35,100.05,108.3
2024-10-03,67.21,107.9,84.11,102.18,107.95,88.5,104.9,104.5,100.55,108.8
2024-10-04,69.74,112.75,89.46,104.6,112.06,88.5,105.6,105.2,100.4,108.8
2024-10-07,69.74,113.75,89.46,104.6,112.06,88.75,106.5,106.1,101.0,109.25
2024-10-08,69.74,112.05,89.46,104.6,112.06,89.0,107.9,107.5,101.15,109.5
2024-10-09,69.74,110.6,89.46,104.6,112.06,89.0,108.45,108.05,101.65,109.5
2024-10-10,69.74,110.13,89.46,104.6,112.06,89.5,108.55,108.15,101.45,109.85
2024-10-11,70.51,111.45,90.86,106.36,111.89,89.5,109.25,108.85,101.5,109.95
2024-10-14,70.51,111.33,90.86,106.36,111.89,89.75,109.3,108.9,101.4,110.3
2024-10-15,70.51,110.25,90.86,106.36,111.89,89.75,109.05,108.65,101.0,110.25
2024-10-16,70.51,110.85,90.86,106.36,111.89,90.0,108.6,108.2,100.75,110.5
2024-10-17,70.51,110.25,90.86,106.36,111.89,89.5,107.8,107.4,100.6,109.65
2024-10-18,69.56,109.2,90.1,103.94,111.82,89.25,107.85,107.45,100.55,109.4
2024-10-21,69.56,110.0,90.1,103.94,111.82,89.25,107.7,107.3,100.05,109.2
2024-10-22,69.56,109.9,90.1,103.94,111.82,89.5,107.35,106.95,100.05,109.5
2024-10-23,69.56,109.5,90.1,103.94,111.82,89.5,107.4,107.0,100.3,109.5
2024-10-24,69.56,110.1,90.1,103.94,111.82,89.0,107.15,106.75,100.5,109.1
2024-10-25,69.83,109.17,90.25,102.62,112.65,89.0,107.05,106.65,100.65,109.2
2024-10-28,69.83,109.7,90.25,102.62,112.65,88.7,107.15,106.75,100.7,108.9
2024-10-29,69.83,111.21,90.25,102.62,112.65,88.7,107.6,107.2,100.2,108.7
2024-10-30,69.83,110.55,90.25,102.62,112.65,88.2,104.4,104.0,100.4,108.15
2024-10-31,69.83,109.6,90.25,102.62,112.65,87.5,,,,107.6
2024-11-01,70.12,110.17,90.29,105.29,111.71,87.7,102.45,102.05,100.75,107.8
2024-11-04,70.12,110.21,90.29,105.29,111.71,88.05,102.7,102.3,100.6,108.25
2024-11-05,70.12,109.9,90.29,105.29,111.71,88.25,103.0,102.6,100.6,108.45
2024-11-06,70.12,109.75,90.29,105.29,111.71,88.25,103.15,102.75,99.9,108.1
2024-11-07,70.12,111.4,90.29,105.29,111.71,88.4,103.2,102.8,99.65,108.0
2024-11-08,70.0,110.0,89.94,104.8,110.73,88.5,103.25,102.85,99.65,108.0
2024-11-11,70.0,111.5,89.94,104.8,110.73,88.5,102.75,102.35,99.45,108.0
2024-11-12,70.0,111.7,89.94,104.8,110.73,88.7,102.7,102.3,99.85,108.25
2024-11-13,70.0,111.6,89.94,104.8,110.73,88.7,102.75,102.35,99.85,108.25
2024-11-14,70.0,111.5,89.94,104.8,110.73,88.4,102.8,102.4,99.85,107.2
2024-11-15,71.4,112.96,92.14,105.95,115.22,88.0,102.3,101.9,100.2,106.85
2024-11-18,71.4,113.23,92.14,105.95,115.22,86.95,101.8,101.4,100.2,105.75
2024-11-19,71.4,112.28,92.14,105.95,115.22,87.5,100.75,99.95,100.4,106.2
2024-11-20,71.4,112.18,92.14,105.95,115.22,87.7,101.1,100.35,100.35,106.4
2024-11-21,71.4,112.22,92.14,105.95,115.22,88.5,101.45,100.65,100.5,107.2
2024-11-22,71.78,112.17,92.45,109.26,117.29,88.5,102.15,101.4,100.45,107.35
2024-11-25,71.78,111.8,92.45,109.26,117.29,88.35,102.0,101.25,100.35,107.1
2024-11-26,71.78,111.0,92.45,109.26,117.29,88.35,101.65,100.9,100.6,107.2
2024-11-27,71.78,111.0,92.45,109.26,117.29,88.2,101.65,100.9,100.1,106.9
2024-11-28,71.78,111.0,92.45,109.26,117.29,88.7,101.45,100.7,100.1,107.45
2024-11-29,70.37,110.0,90.55,104.87,113.38,88.85,101.95,101.2,100.7,107.6
2024-12-02,70.37,110.18,90.55,104.87,113.38,88.85,102.1,101.35,100.75,107.6
2024-12-03,70.37,109.52,90.55,104.87,113.38,88.5,102.0,101.25,100.45,107.2
2024-12-04,70.37,108.28,90.55,104.87,113.38,88.0,101.55,100.8,100.45,106.35
2024-12-05,70.37,109.6,90.55,104.87,113.38,87.75,101.0,100.25,100.35,106.35
2024-12-06,68.0,110.13,88.37,102.48,111.14,87.75,100.4,99.7,100.15,106.55
2024-12-09,68.0,108.71,88.37,102.48,111.14,87.5,100.6,99.85,99.8,106.1
2024-12-10,68.0,106.85,88.37,102.48,111.14,87.0,100.35,99.6,99.75,105.55
2024-12-11,68.0,108.03,88.37,102.48,111.14,86.9,99.85,99.1,99.7,105.45
2024-12-12,68.0,106.56,88.37,102.48,111.14,86.6,99.65,98.95,99.45,105.45
2024-12-13,67.99,,86.75,,,86.6,99.2,98.5,98.9,105.55
2024-12-16,67.99,104.83,86.75,100.91,105.0,86.6,99.3,98.6,98.75,105.55
2024-12-17,67.99,107.0,86.75,100.91,105.0,86.0,99.2,98.5,98.5,104.95
2024-12-18,67.99,103.25,86.75,100.91,105.0,86.0,98.55,97.85,98.15,104.8
2024-12-19,67.99,101.56,86.75,100.91,105.0,85.5,98.6,97.9,98.1,104.4
2024-12-20,64.56,102.3,83.47,98.2,105.0,85.0,97.65,96.95,98.1,103.9
2024-12-23,64.56,103.16,83.47,98.2,105.0,85.0,97.15,96.45,97.6,103.85
2024-12-24,64.56,104.67,83.47,98.2,105.0,84.75,97.2,96.5,97.7,103.6
2024-12-26,,,,,,,96.95,96.25,98.0,
2024-12-27,64.67,105.8,84.0,94.21,104.52,84.75,96.95,96.25,97.2,103.45
2024-12-30,64.67,103.38,84.0,94.21,104.52,84.5,96.95,96.3,96.9,103.2
2024-12-31,64.67,103.38,84.0,94.21,104.52,84.25,96.7,96.05,96.9,102.85
2025-01-02,64.67,102.0,84.0,94.21,104.52,83.5,96.45,95.8,96.55,102.05
2025-01-03,63.64,104.25,83.88,99.12,108.99,83.5,95.8,95.1,96.55,101.95
2025-01-06,63.64,102.33,83.88,99.12,108.99,83.25,95.75,95.05,96.3,101.55
2025-01-07,63.64,101.71,83.88,99.12,108.99,83.0,95.3,94.6,96.05,101.2
2025-01-08,63.64,100.39,83.88,99.12,108.99,83.0,95.0,94.3,95.9,101.25
2025-01-09,63.64,98.0,83.88,99.12,108.99,82.0,95.1,94.4,95.6,99.9
2025-01-10,62.37,96.06,81.42,94.4,98.34,82.0,94.0,93.3,95.35,99.9
2025-01-13,62.37,96.0,81.42,94.4,98.34,81.75,93.85,93.2,94.9,99.55
2025-01-14,62.37,96.63,81.42,94.4,98.34,81.75,94.9,94.25,94.5,99.6
2025-01-15,62.37,95.54,81.42,94.4,98.34,81.55,94.5,93.85,94.5,99.6
2025-01-16,62.37,94.92,81.42,94.4,98.34,80.8,94.55,93.9,94.5,98.75
2025-01-17,61.9,96.81,80.93,93.43,102.01,80.8,94.4,93.75,94.25,98.2
2025-01-20,61.9,99.8,80.93,93.43,102.01,80.5,94.2,93.55,93.8,97.25
2025-01-21,61.9,100.8,80.93,93.43,102.01,80.25,94.2,93.55,93.7,96.7
2025-01-22,61.9,98.88,80.93,93.43,102.01,80.5,93.6,92.95,93.1,96.95
2025-01-23,61.9,98.0,80.93,93.43,102.01,79.95,93.55,92.9,93.1,98.05
2025-01-24,63.03,98.0,82.39,95.92,105.45,80.2,93.35,92.7,92.6,96.4
2025-01-27,63.03,97.0,82.39,95.92,105.45,80.5,93.3,92.65,92.6,96.55
2025-01-28,63.03,97.08,82.39,95.92,105.45,80.5,93.25,92.6,92.35,96.6
2025-01-29,63.03,96.75,82.39,95.92,105.45,80.0,,,,96.1
2025-01-30,63.03,97.0,82.39,95.92,105.45,79.5,,,,95.55
2025-01-31,62.1,97.0,81.31,93.93,101.84,79.25,93.25,92.6,92.35,95.3
2025-02-03,62.1,101.3,81.31,93.93,101.84,79.0,93.75,93.1,91.95,94.3
2025-02-04,62.1,98.36,81.31,93.93,101.84,78.5,93.85,93.2,91.4,93.75
2025-02-05,62.1,99.5,81.31,93.93,101.84,78.5,94.15,93.5,92.3,93.6
2025-02-06,62.1,99.58,81.31,93.93,101.84,78.5,93.65,93.0,92.4,93.0
2025-02-07,61.82,98.25,80.61,93.48,100.0,79.0,93.85,93.2,92.15,93.65
2025-02-10,61.82,97.13,80.61,93.48,100.0,78.8,93.85,93.2,91.9,93.9
2025-02-11,61.82,96.21,80.61,93.48,100.0,78.8,93.95,93.3,92.05,93.9
2025-02-12,61.82,96.17,80.61,93.48,100.0,79.5,94.0,93.35,91.8,94.65
2025-02-13,61.82,96.0,80.61,93.48,100.0,79.5,94.1,93.45,91.75,95.6
2025-02-14,60.34,94.56,78.06,90.47,94.03,79.5,93.85,93.2,91.5,95.55
2025-02-17,60.34,92.78,78.06,90.47,94.03,79.25,93.3,92.65,91.85,95.55
2025-02-18,60.34,92.86,78.06,90.47,94.03,79.0,93.6,92.95,91.7,95.3
2025-02-19,60.34,93.71,78.06,90.47,94.03,79.25,93.7,93.05,92.0,95.5
2025-02-20,60.34,92.86,78.06,90.47,94.03,79.25,94.25,93.6,92.35,95.55
2025-02-21,59.88,92.43,76.88,88.4,93.0,79.25,93.55,92.9,92.25,95.55
2025-02-24,59.88,90.16,76.88,88.4,93.0,79.0,93.45,92.8,92.2,95.4
2025-02-25,59.88,89.64,76.88,88.4,93.0,78.75,93.0,92.35,91.95,94.95
2025-02-26,59.88,89.0,76.88,88.4,93.0,78.75,92.65,92.0,91.85,94.85
2025-02-27,59.88,89.19,76.88,88.4,93.0,78.5,92.1,91.45,91.15,94.55
2025-02-28,58.59,87.93,73.74,85.2,89.5,78.5,92.15,91.5,90.9,94.7
2025-03-03,58.59,88.56,73.74,85.2,89.5,78.25,92.15,91.5,90.75,94.5
2025-03-04,58.59,88.09,73.74,85.2,89.5,77.9,91.55,90.9,90.35,94.25
2025-03-05,58.59,87.9,73.74,85.2,89.5,77.9,90.8,90.15,90.1,94.2
2025-03-06,58.59,88.25,73.74,85.2,89.5,77.0,90.8,90.15,89.95,93.45
2025-03-07,59.13,88.6,74.65,86.32,92.36,76.5,89.6,88.95,90.35,92.75
2025-03-10,59.13,88.44,74.65,86.32,92.36,75.75,88.5,87.85,90.85,92.1
2025-03-11,59.13,88.86,74.65,86.32,92.36,75.0,88.25,87.6,89.85,91.3
2025-03-12,59.13,87.98,74.65,86.32,92.36,75.0,88.65,88.0,89.85,91.2
2025-03-13,59.13,87.61,74.65,86.32,92.36,74.75,89.0,88.35,89.35,91.6
2025-03-14,59.04,86.88,74.7,86.05,94.36,74.75,89.0,88.35,88.35,91.55
2025-03-17,59.04,86.08,74.7,86.05,94.36,74.5,89.2,88.55,87.85,91.2
2025-03-18,59.04,84.21,74.7,86.05,94.36,74.25,89.65,89.0,87.35,90.95
2025-03-19,59.04,84.58,74.7,86.05,94.36,74.25,89.6,88.95,87.0,90.95
2025-03-20,59.04,86.32,74.7,86.05,94.36,74.0,89.35,88.7,86.0,90.6
2025-03-21,59.38,87.75,73.43,84.12,93.22,74.0,89.15,88.5,85.6,91.15
2025-03-24,59.38,86.93,73.43,84.12,93.22,74.2,89.8,89.15,86.1,91.45
2025-03-25,59.38,86.28,73.43,84.12,93.22,74.2,89.55,88.9,85.95,91.5
2025-03-26,59.38,87.0,73.43,84.12,93.22,73.85,89.6,88.95,86.0,91.2
2025-03-27,59.38,87.38,73.43,84.12,93.22,73.55,89.5,88.85,85.9,91.2
2025-03-28,60.86,87.5,73.88,84.41,93.35,73.55,89.3,88.65,85.7,91.2
2025-03-31,60.86,88.61,73.88,84.41,93.35,73.3,,,,90.95
2025-04-01,60.86,89.04,73.88,84.41,93.35,73.0,89.9,89.25,86.25,90.6
2025-04-02,60.86,89.04,73.88,84.41,93.35,73.0,89.5,88.85,85.25,90.75
2025-04-03,60.86,89.02,73.88,84.41,93.35,73.3,89.15,88.5,84.9,91.1
2025-04-04,61.42,87.79,75.3,86.04,100.2,73.5,88.75,88.1,84.55,91.25
2025-04-07,61.42,87.59,75.3,86.04,100.2,73.75,87.5,86.85,83.5,91.5
2025-04-08,61.42,88.25,75.3,86.04,100.2,74.0,87.4,86.75,84.2,91.7
2025-04-09,61.42,87.63,75.3,86.04,100.2,74.25,87.6,86.95,84.35,91.95
2025-04-10,61.42,88.54,75.3,86.04,100.2,75.05,87.6,86.95,84.35,92.8
2025-04-11,61.01,88.28,74.76,85.3,98.17,75.05,87.45,86.8,84.15,92.65
2025-04-14,61.01,89.38,74.76,85.3,98.17,75.05,87.2,86.55,83.9,92.5
2025-04-15,61.01,89.06,74.76,85.3,98.17,75.25,87.35,86.7,84.05,92.9
2025-04-16,61.01,89.18,74.76,85.3,98.17,75.25,87.5,86.85,84.2,92.85
2025-04-17,61.98,89.16,76.2,85.88,99.28,75.5,87.5,86.85,84.2,93.05
2025-04-21,,,,,,,87.6,86.95,84.3,
2025-04-22,61.98,87.33,76.2,85.88,99.28,75.5,87.45,86.8,84.15,93.4
2025-04-23,61.98,86.31,76.2,85.88,99.28,75.25,87.5,86.85,84.15,93.45
2025-04-24,61.98,85.75,76.2,85.88,99.28,75.0,87.45,86.8,84.05,93.15
2025-04-25,60.43,85.83,73.64,83.56,90.66,75.0,87.1,86.45,83.75,93.05
2025-04-28,60.43,86.52,73.64,83.56,90.66,74.5,87.3,86.65,83.9,92.5
2025-04-29,60.43,89.54,73.64,83.56,90.66,74.25,87.45,86.8,84.05,92.3
2025-04-30,60.43,86.76,73.64,83.56,90.66,74.25,87.45,86.8,84.05,92.3
2025-05-01,60.43,87.98,73.64,83.56,90.66,74.0,,,,91.95
2025-05-02,61.98,87.44,75.45,84.63,88.5,74.0,87.15,86.5,83.8,91.95
2025-05-05,,,,,,,86.95,86.3,83.6,
2025-05-06,61.98,89.6,75.45,84.63,88.5,74.15,86.8,86.15,83.4,92.0
2025-05-07,61.98,90.22,75.45,84.63,88.5,74.3,86.45,85.8,83.05,92.2
2025-05-08,61.98,90.13,75.45,84.63,88.5,74.3,86.4,85.75,82.7,92.45
2025-05-09,61.89,89.4,75.69,84.91,92.95,74.1,86.2,85.55,82.5,92.25
2025-05-12,61.89,90.57,75.69,84.91,92.95,73.6,,,,91.7
2025-05-13,61.89,90.11,75.69,84.91,92.95,73.6,86.15,85.5,82.45,91.7
2025-05-14,61.89,88.71,75.69,84.91,92.95,73.3,86.25,85.6,82.55,91.9
2025-05-15,61.89,88.0,75.69,84.91,92.95,73.3,86.1,85.45,82.35,92.1
2025-05-16,60.35,88.89,73.55,84.5,90.6,73.3,85.7,85.05,82.05,92.25
2025-05-19,60.35,86.88,73.55,84.5,90.6,73.1,85.35,84.7,81.7,91.85
2025-05-20,60.35,89.24,73.55,84.5,90.6,72.8,84.9,84.25,81.35,91.65
2025-05-21,60.35,89.11,73.55,84.5,90.6,72.55,84.9,84.25,81.3,91.45
2025-05-22,60.35,89.81,73.55,84.5,90.6,72.2,84.25,83.6,80.7,91.15
2025-05-23,60.89,88.93,74.59,85.89,91.35,72.2,83.15,82.5,79.65,91.0
2025-05-26,,,,,,,83.15,82.5,79.75,
2025-05-27,60.89,88.84,74.59,85.89,91.35,72.0,83.15,82.5,79.75,90.7
2025-05-28,60.89,88.48,74.59,85.89,91.35,71.5,83.15,82.5,79.8,90.2
2025-05-29,60.89,88.19,74.59,85.89,91.35,71.5,83.1,82.45,79.75,88.8
2025-05-30,60.72,87.11,73.37,84.52,88.22,71.5,82.4,81.75,79.1,88.7
2025-06-02,60.72,87.62,73.37,84.52,88.22,71.25,82.15,81.5,78.85,88.5
2025-06-03,60.72,87.71,73.37,84.52,88.22,71.0,82.1,81.45,78.75,88.35
2025-06-04,60.72,87.63,73.37,84.52,88.22,70.75,82.2,81.55,78.85,87.45
2025-06-05,60.72,89.54,73.37,84.52,88.22,70.4,82.2,81.55,78.9,86.8
2025-06-06,57.92,88.97,73.98,85.32,93.15,70.15,81.9,81.25,78.5,86.85
2025-06-09,57.92,86.12,73.98,85.32,93.15,70.0,81.9,81.25,78.5,86.6
2025-06-10,57.92,89.56,73.98,85.32,93.15,69.5,82.2,81.55,78.8,85.95
2025-06-11,57.92,89.33,73.98,85.32,93.15,69.25,81.75,81.1,78.3,85.6
2025-06-12,57.92,91.21,73.98,85.32,93.15,68.75,81.7,81.05,78.35,85.15
2025-06-13,57.89,91.36,71.06,86.52,96.38,68.5,81.75,81.1,78.3,84.8
2025-06-16,57.89,92.44,71.06,86.52,96.38,68.25,82.0,81.35,78.45,84.65
2025-06-17,57.89,91.68,71.06,86.52,96.38,67.75,82.05,81.4,78.45,84.4
2025-06-18,57.89,91.29,71.06,86.52,96.38,67.25,82.65,82.0,79.05,84.0
2025-06-19,57.89,95.54,71.06,86.52,96.38,67.0,82.55,81.9,78.95,83.9
2025-06-20,54.88,95.65,68.2,87.56,98.0,66.7,82.95,82.3,79.4,83.8
2025-06-23,54.88,96.58,68.2,87.56,98.0,66.5,83.55,82.9,79.9,83.55
2025-06-24,54.88,92.56,68.2,87.56,98.0,66.25,83.6,82.95,79.95,83.35
2025-06-25,54.88,92.95,68.2,87.56,98.0,66.0,83.1,82.45,79.5,82.75
2025-06-26,54.88,94.11,68.2,87.56,98.0,66.0,82.65,82.0,79.0,82.85
2025-06-27,56.57,94.36,68.65,86.7,98.0,66.0,82.4,81.75,78.75,82.95
2025-06-30,56.57,96.78,68.65,86.7,98.0,65.8,82.35,81.7,78.75,82.65
2025-07-01,56.57,97.03,68.65,86.7,98.0,65.5,82.3,81.65,78.65,83.25
2025-07-02,56.57,97.04,68.65,86.7,98.0,65.5,81.9,81.25,78.3,82.85
2025-07-03,56.57,98.79,68.65,86.7,98.0,65.8,81.9,81.25,78.25,83.15
2025-07-04,55.14,92.86,69.19,88.89,101.0,66.0,82.25,81.6,78.6,83.35
2025-07-07,55.14,93.94,69.19,88.89,101.0,66.0,82.3,81.65,78.65,83.3
2025-07-08,55.14,95.0,69.19,88.89,101.0,66.2,82.75,82.1,79.05,83.55
2025-07-09,55.14,96.18,69.19,88.89,101.0,66.2,82.8,82.15,79.1,84.05
2025-07-10,55.14,95.83,69.19,88.89,101.0,66.5,83.45,82.8,79.7,84.5
2025-07-11,54.92,94.5,68.46,88.88,100.08,66.5,83.9,83.25,80.15,84.85
2025-07-14,54.92,96.77,68.46,88.88,100.08,66.25,84.0,83.35,80.2,84.6
2025-07-15,54.92,93.86,68.46,88.88,100.08,66.75,84.25,83.6,80.45,85.25
2025-07-16,54.92,92.83,68.46,88.88,100.08,67.0,84.45,83.8,80.7,85.6
2025-07-17,54.92,93.0,68.46,88.88,100.08,67.55,85.35,84.7,81.55,86.2
2025-07-18,54.37,90.94,68.61,86.75,95.85,67.55,85.9,85.25,82.1,86.85
2025-07-21,54.37,90.47,68.61,86.41,95.85,67.8,85.9,85.25,82.1,87.25
2025-07-22,54.37,90.83,68.61,86.41,95.85,68.0,85.2,84.55,81.45,87.45
2025-07-23,54.37,91.37,68.61,86.41,95.85,68.2,85.15,84.5,81.35,86.85
2025-07-24,54.37,91.2,68.61,86.41,95.85,68.2,85.15,84.5,81.3,86.9
2025-07-25,55.3,91.55,69.16,87.39,93.0,68.0,85.3,84.65,81.5,86.8
2025-07-28,55.3,90.69,69.16,87.39,93.0,67.75,85.25,84.6,81.5,86.4
2025-07-29,55.3,90.81,69.16,87.39,93.0,67.75,85.2,84.55,81.45,86.45
2025-07-30,55.3,90.45,69.16,87.39,93.0,67.75,84.95,84.3,81.15,86.5
2025-07-31,55.3,90.5,69.16,87.39,93.0,69.0,85.1,84.45,81.3,87.9
2025-08-01,56.25,91.22,69.99,87.6,96.0,69.0,85.1,84.45,81.3,87.9
2025-08-04,56.25,91.43,69.99,87.6,96.0,69.0,85.1,84.45,81.35,87.8
2025-08-05,56.25,91.58,69.99,87.6,96.0,70.05,85.2,84.55,81.45,88.9
2025-08-06,56.25,91.47,69.99,87.6,96.0,70.05,85.35,84.7,81.6,88.8
2025-08-07,56.25,91.49,69.99,87.6,96.0,70.25,85.85,85.2,82.05,89.0
2025-08-08,57.74,90.44,72.23,89.01,94.25,70.25,86.05,85.4,82.35,88.95
2025-08-11,57.74,89.75,72.23,89.01,94.25,70.0,86.0,85.35,82.3,88.7
2025-08-12,57.74,90.14,72.23,89.01,94.25,69.8,86.65,86.0,82.95,88.3
2025-08-13,57.74,89.09,72.23,89.01,94.25,69.8,87.2,86.55,83.5,88.4
2025-08-14,57.74,89.33,72.23,89.01,94.25,70.05,87.7,87.05,84.0,88.95
2025-08-15,56.59,87.11,71.46,86.7,90.0,70.05,88.2,87.55,84.55,88.95
2025-08-18,56.59,88.8,71.46,86.7,90.0,70.3,88.7,88.05,85.05,89.3
2025-08-19,56.59,88.58,71.46,86.7,90.0,70.3,89.2,88.55,85.55,89.3
2025-08-20,56.59,89.75,71.46,86.7,90.0,70.3,89.15,88.5,85.6,89.05
2025-08-21,56.59,88.94,71.46,86.7,90.0,70.05,89.15,88.5,85.55,88.75
2025-08-22,56.67,87.17,72.42,86.65,93.5,70.05,89.75,89.1,86.15,88.75
2025-08-25,,,,,,,89.8,89.15,86.2,
2025-08-26,56.67,87.39,72.42,86.65,93.5,69.85,90.2,89.55,86.6,88.55
2025-08-27,56.67,86.47,72.42,86.65,93.5,72.0,90.25,89.6,86.6,90.65
2025-08-28,56.67,85.34,72.42,86.65,93.5,71.95,90.1,89.45,86.45,90.75
2025-08-29,55.85,84.94,71.08,83.64,89.0,72.05,89.95,89.3,86.4,90.9
2025-09-01,55.85,85.7,71.08,83.64,89.0,71.95,90.0,89.35,86.4,90.65
2025-09-02,55.85,85.19,71.08,83.64,89.0,71.95,90.15,89.5,86.55,90.75
2025-09-03,55.85,85.68,71.08,83.64,89.0,71.75,89.65,89.0,86.1,90.55
2025-09-04,55.85,85.5,71.08,83.64,89.0,71.55,88.95,88.3,85.45,90.4
2025-09-05,56.35,84.93,70.96,83.99,90.9,71.55,88.35,87.7,84.85,89.9
2025-09-08,56.35,84.54,70.96,83.99,90.9,71.3,87.85,87.2,84.3,89.8
2025-09-09,56.35,84.11,70.96,83.99,90.9,71.0,87.8,87.15,84.2,89.35
2025-09-10,56.35,83.5,70.96,83.99,90.9,71.0,87.85,87.2,84.25,89.4
2025-09-11,56.35,83.42,70.96,83.99,90.9,70.75,87.8,87.15,84.2,89.15
2025-09-12,53.94,83.31,69.96,81.14,87.5,70.75,87.45,86.8,83.9,89.4
2025-09-15,53.94,82.84,69.96,81.14,87.5,70.5,87.5,86.85,83.9,89.2
2025-09-16,53.94,82.73,69.96,81.14,87.5,70.25,87.9,87.25,84.3,89.0
2025-09-17,53.94,82.9,69.96,81.14,87.5,69.95,87.65,87.0,84.0,89.2
2025-09-18,53.94,82.75,69.96,81.14,87.5,69.5,87.35,86.7,84.0,88.8
2025-09-19,54.47,83.19,69.05,80.98,89.33,69.05,87.45,86.8,84.1,88.45
2025-09-22,54.47,82.61,69.05,80.98,89.33,69.05,87.7,87.05,84.35,88.35
2025-09-23,54.47,82.41,69.05,80.98,89.33,68.7,87.8,87.15,84.45,87.8
2025-09-24,54.47,81.94,69.05,80.98,89.33,68.4,88.3,87.65,84.9,87.75
2025-09-25,54.47,82.1,69.05,80.98,89.33,68.75,88.6,87.95,85.2,88.1
2025-09-26,54.76,82.06,68.92,80.67,87.13,68.75,89.2,88.55,85.75,88.25
2025-09-29,54.76,82.59,68.92,80.67,87.13,69.05,89.45,88.8,86.0,88.7
2025-09-30,54.76,82.6,68.92,80.67,87.13,69.05,89.6,88.95,86.25,88.7
2025-10-01,54.76,82.6,68.92,80.67,87.13,68.8,89.55,88.9,86.2,88.5
2025-10-02,54.76,83.84,68.92,80.67,87.13,69.05,89.5,88.85,86.15,88.7
2025-10-03,54.81,82.83,70.08,81.58,89.2,69.05,89.3,88.65,85.95,88.25
2025-10-06,54.81,81.77,70.08,81.58,89.2,68.85,89.3,88.65,85.95,88.2
2025-10-07,54.81,81.18,70.08,81.58,89.2,68.85,89.45,88.8,86.1,88.25
2025-10-08,54.81,80.41,70.08,81.58,89.2,69.0,89.25,88.6,85.9,88.7
2025-10-09,54.81,80.28,70.08,81.58,89.2,68.75,89.2,88.55,85.85,88.35
2025-10-10,53.62,79.53,68.12,78.81,86.83,68.5,88.95,88.3,85.6,88.3
2025-10-13,53.62,78.89,68.12,78.81,86.83,68.25,89.4,88.75,85.85,87.95
2025-10-14,53.62,78.73,68.12,78.81,86.83,68.25,90.6,89.95,87.0,88.05
2025-10-15,53.62,79.76,68.12,78.81,86.83,68.0,90.85,90.2,87.25,87.75
2025-10-16,53.62,80.57,68.12,78.81,86.83,68.0,91.7,91.05,88.1,87.6
2025-10-17,54.86,81.54,70.14,80.25,85.81,68.2,91.85,91.2,88.3,87.8
2025-10-20,54.86,82.0,70.14,80.25,85.81,68.2,,,,87.8
2025-10-21,54.86,81.8,70.14,80.25,85.81,68.4,92.65,92.0,89.1,87.9
2025-10-22,54.86,81.72,70.14,80.25,85.81,68.5,93.7,93.05,90.05,87.8
2025-10-23,54.86,82.67,70.14,80.25,85.81,69.0,93.45,92.8,89.55,88.15
2025-10-24,55.09,82.5,69.71,80.46,90.25,69.0,94.05,93.4,90.15,88.25
2025-10-27,55.09,82.56,69.71,80.46,90.25,69.0,94.55,93.9,90.65,88.15
2025-10-28,55.09,83.67,69.71,80.46,90.25,68.85,94.25,93.6,90.35,88.1
2025-10-29,55.09,82.94,69.71,80.46,90.25,68.85,94.4,93.75,90.5,88.0
2025-10-30,55.09,82.96,69.71,80.46,90.25,69.1,94.6,93.95,90.7,88.5
2025-10-31,56.4,83.39,71.79,82.14,92.31,69.1,95.35,94.7,91.4,88.25
2025-11-03,56.4,83.89,71.79,82.14,92.31,69.25,95.3,94.65,91.35,88.8
2025-11-04,56.4,84.09,71.79,82.14,92.31,69.25,95.55,94.9,91.6,88.7
2025-11-05,56.4,83.81,71.79,82.14,92.31,69.5,97.05,96.4,93.15,88.95
2025-11-06,56.4,84.32,71.79,82.14,92.31,69.5,97.85,97.2,93.8,88.9
2025-11-07,57.96,84.17,73.73,85.23,93.72,69.5,98.9,98.25,94.8,88.9
2025-11-10,57.96,85.13,73.73,85.23,93.72,69.25,99.4,98.75,95.35,88.55
2025-11-11,57.96,84.58,73.73,85.23,93.72,69.25,101.45,100.8,97.35,88.65
2025-11-12,57.96,84.66,73.73,85.23,93.72,69.0,101.8,101.15,97.75,88.45
2025-11-13,57.96,84.58,73.73,85.23,93.72,69.0,102.45,101.8,98.45,88.35
2025-11-14,58.74,85.39,73.87,83.94,92.33,69.25,104.95,104.3,101.0,88.65
2025-11-17,58.74,85.44,73.87,83.94,92.33,69.55,105.0,104.35,101.05,89.0
2025-11-18,58.74,85.59,73.87,83.94,92.33,69.8,105.95,105.3,101.9,89.2
2025-11-19,58.74,85.0,73.87,83.94,92.33,70.0,105.5,104.85,102.0,89.25
2025-11-20,58.74,85.04,73.87,83.94,92.33,70.05,105.7,105.05,102.2,89.3
2025-11-21,59.33,85.72,74.43,86.16,93.35,70.25,106.1,105.45,102.65,89.45
2025-11-24,59.33,86.14,74.43,86.16,93.35,70.5,106.1,105.45,102.7,89.7
2025-11-25,59.33,85.5,74.43,86.16,93.35,71.0,106.55,105.9,103.15,90.3
2025-11-26,59.33,86.7,74.43,86.16,93.35,71.5,107.4,106.75,103.9,90.75
2025-11-27,59.33,85.97,74.43,86.16,93.35,72.5,107.9,107.25,104.35,91.95
2025-11-28,58.59,91.0,74.5,84.6,92.88,72.75,107.7,107.05,104.15,92.2
2025-12-01,58.59,90.29,74.5,84.6,92.88,72.75,107.4,106.75,103.85,92.2
2025-12-02,58.59,92.03,74.5,84.6,92.88,74.05,105.9,105.25,102.35,93.5
2025-12-03,58.59,92.44,74.5,84.6,92.88,74.8,105.6,104.95,102.05,94.15
2025-12-04,58.59,90.58,74.5,84.6,92.88,75.0,104.6,103.95,101.05,94.5
2025-12-05,60.26,89.93,75.97,87.26,93.13,75.2,102.9,102.25,99.35,94.7
2025-12-08,60.26,90.97,75.97,87.26,93.13,75.2,100.8,100.15,97.25,94.7
2025-12-09,60.26,89.65,75.97,87.26,93.13,75.0,98.2,97.55,94.7,94.35
2025-12-10,60.26,88.38,75.97,87.26,93.13,75.0,95.85,95.2,92.45,94.65
2025-12-11,60.26,87.39,75.97,87.26,93.13,75.25,95.15,94.5,91.8,94.9
2025-12-12,59.17,86.59,74.09,85.63,90.88,75.5,93.85,93.2,90.5,95.2
2025-12-15,59.17,86.95,74.09,85.63,90.88,74.95,92.65,92.0,90.0,94.65
2025-12-16,59.17,87.14,74.09,85.63,90.88,74.75,91.65,91.0,89.05,94.3
2025-12-17,59.17,87.13,74.09,85.63,90.88,74.45,91.15,90.5,88.8,93.95
2025-12-18,59.17,87.08,74.09,85.63,90.88,74.55,89.15,88.5,86.8,94.05
2025-12-19,59.32,86.27,73.36,84.33,91.0,74.3,88.4,87.75,86.3,93.75
2025-12-22,59.32,86.76,73.36,84.33,91.0,73.8,88.15,87.5,86.35,92.9
2025-12-23,59.32,86.02,73.36,84.33,91.0,73.5,87.65,87.0,85.4,92.6
2025-12-24,59.21,86.44,73.91,84.24,91.8,74.0,87.7,87.05,84.9,92.75
2025-12-26,,,,,,,87.3,86.65,84.5,
2025-12-29,59.21,86.58,73.91,84.24,91.8,74.0,87.55,86.9,84.05,92.85
2025-12-30,59.21,86.65,73.91,84.24,91.8,74.5,87.5,86.85,83.85,93.25
2025-12-31,59.21,87.5,73.91,84.24,91.8,74.75,87.35,86.7,83.6,93.45
2026-01-02,58.48,86.95,73.45,83.63,93.1,75.0,87.3,86.65,83.55,93.7
2026-01-05,58.48,86.96,73.45,83.63,93.1,74.5,86.8,86.65,83.75,93.05
2026-01-06,58.48,88.11,73.45,83.63,93.1,74.25,86.3,86.55,83.55,92.9
2026-01-07,58.48,88.53,73.45,83.63,93.1,74.05,86.45,86.95,83.2,91.9
2026-01-08,58.48,88.02,73.45,83.63,93.1,74.05,86.7,87.25,83.65,91.95
2026-01-09,61.89,88.42,78.37,87.76,93.15,74.3,87.0,87.55,84.1,91.65
2026-01-12,61.89,88.89,78.37,87.76,93.15,74.55,87.3,87.85,84.7,92.0
2026-01-13,61.89,88.5,78.37,87.76,93.15,74.8,87.2,87.75,84.7,92.2
2026-01-14,61.89,88.44,78.37,87.76,93.15,75.05,87.1,87.65,85.45,92.25
2026-01-15,61.89,88.56,78.37,87.76,93.15,76.05,87.45,88.0,85.45,93.35
2026-01-16,63.28,89.93,78.38,88.29,92.25,76.55,88.05,88.7,85.6,93.9
2026-01-19,63.28,89.5,78.38,88.29,92.25,77.05,88.35,89.0,86.25,94.4
2026-01-20,63.28,92.43,78.38,88.29,92.25,77.8,88.35,89.0,85.95,95.3
2026-01-21,63.28,94.74,78.38,88.29,92.25,78.8,88.3,88.95,86.1,96.3
2026-01-22,63.28,93.0,78.38,88.29,92.25,80.0,88.35,89.0,86.75,97.65
2026-01-23,63.45,92.45,80.8,90.1,95.5,80.0,88.35,89.05,87.1,97.6
2026-01-26,63.45,92.07,80.8,90.1,95.5,80.5,88.45,89.1,87.45,98.45
2026-01-27,63.45,92.0,80.8,90.1,95.5,81.05,88.5,89.15,87.6,99.05
2026-01-28,63.45,92.0,80.8,90.1,95.5,81.25,88.7,89.4,87.95,99.35
2026-01-29,63.45,91.97,80.8,90.1,95.5,81.5,88.75,89.4,88.0,99.65
2026-01-30,64.27,94.2,81.68,90.72,97.75,82.0,89.15,89.85,88.3,100.1
2026-02-02,64.27,93.79,81.68,90.72,97.75,82.25,89.4,90.1,88.7,100.3
2026-02-03,64.27,94.0,81.68,90.72,97.75,82.25,89.6,90.3,89.45,100.25
2026-02-04,64.27,94.45,81.68,90.72,97.75,82.5,89.85,90.55,89.9,100.95
2026-02-05,64.27,95.59,81.68,90.72,97.75,82.5,90.1,90.85,90.2,100.95
2026-02-06,67.0,95.38,84.5,94.18,98.21,82.75,90.2,90.9,90.55,101.15
2026-02-09,67.0,96.75,84.5,94.18,98.21,83.0,90.45,91.15,91.3,101.4
2026-02-10,67.0,97.1,84.5,94.18,98.21,83.5,90.5,91.2,93.45,101.9
2026-02-11,67.0,97.69,84.5,94.18,98.21,83.8,90.95,91.7,95.65,102.3
2026-02-12,67.0,98.81,84.5,94.18,98.21,84.5,91.3,92.0,96.0,103.1
2026-02-13,69.76,100.08,86.56,95.64,100.94,84.8,91.75,92.5,97.5,103.35
2026-02-16,69.76,100.95,86.56,99.5,103.56,85.0,92.05,92.75,98.55,103.55
2026-02-17,69.76,101.19,86.56,100.81,103.92,85.55,,,,104.15
2026-02-18,69.76,100.8,86.56,100.42,106.25,86.0,,,,104.6
2026-02-19,69.76,103.75,86.56,102.5,109.75,87.0,93.05,93.9,99.0,105.8
2026-02-20,74.06,103.0,89.69,105.5,110.13,88.0,93.55,94.45,102.4,106.7
2026-02-23,74.06,102.29,89.69,101.63,109.75,88.4,94.3,95.2,103.25,107.2
2026-02-24,74.06,100.8,89.69,100.5,104.97,89.25,94.3,95.2,103.7,108.4
2026-02-25,74.06,99.85,89.69,97.88,104.96,89.75,95.4,96.35,104.3,110.6
2026-02-26,74.06,98.92,89.69,96.13,101.0,90.0,95.9,96.85,104.85,110.9
2026-02-27,72.99,98.63,89.49,99.18,105.75,90.0,96.45,97.4,105.4,110.9
2026-03-02,72.99,106.33,89.49,104.75,116.11,90.3,97.25,98.25,106.1,111.75
2026-03-03,72.99,114.88,89.49,108.5,121.5,91.3,98.5,99.6,106.95,113.2
2026-03-04,72.99,106.75,89.49,101.75,119.63,93.8,98.75,99.9,107.3,116.4
2026-03-05,72.99,107.3,89.49,103.5,121.63,93.8,99.35,100.55,107.95,116.65
2026-03-06,79.42,111.5,97.49,110.6,125.5,95.0,100.25,101.5,109.1,118.25
2026-03-09,79.42,116.2,97.49,110.5,135.45,95.5,102.45,104.25,114.15,122.4
2026-03-10,79.42,109.8,97.49,105.5,119.92,95.5,103.4,105.15,113.25,119.15
2026-03-11,79.42,109.4,97.49,105.0,119.75,95.5,102.8,104.45,112.8,119.45
2026-03-12,79.42,110.1,97.49,108.55,121.5,95.25,103.2,105.0,112.4,123.25
2026-03-13,76.14,110.25,96.94,108.72,119.0,95.0,103.8,105.6,111.65,123.7
2026-03-16,76.14,110.38,96.94,106.92,117.67,95.5,104.05,105.85,111.15,124.4
2026-03-17,76.14,110.05,96.94,106.75,117.05,94.0,103.5,105.2,110.65,122.3
2026-03-18,76.14,110.6,96.94,107.67,115.38,94.0,103.95,105.6,110.7,123.85
2026-03-19,76.14,113.35,96.94,113.38,120.25,94.5,104.6,106.3,110.8,124.35
2026-03-20,77.92,111.9,98.51,112.03,119.5,94.95,104.55,106.25,110.5,124.15
2026-03-23,,,,,,94.05,104.2,105.9,110.15,
